episode_id,peak_date,underwater_start,trough_date,recovery_date,depth,peak_to_trough_sessions,recovered
52,2024-09-23,2024-09-24,2026-03-30,,-0.364141730593,374,False
28,2022-01-17,2022-01-18,2022-02-24,2022-04-13,-0.218377694094,27,True
29,2022-04-13,2022-04-18,2022-06-20,2022-08-26,-0.189490654227,45,True
32,2022-12-14,2022-12-15,2023-03-28,2023-12-04,-0.182143081709,72,True
44,2024-06-03,2024-06-04,2024-06-04,2024-06-26,-0.153902085512,1,True
30,2022-09-05,2022-09-06,2022-09-26,2022-11-30,-0.128039211738,15,True
39,2024-02-07,2024-02-08,2024-03-19,2024-04-10,-0.116363531781,28,True
24,2021-06-08,2021-06-09,2021-08-23,2021-10-13,-0.109127442191,52,True
7,2020-08-28,2020-08-31,2020-09-24,2020-11-27,-0.106972026030,19,True
25,2021-10-14,2021-10-18,2021-10-25,2021-11-09,-0.099162965919,6,True
2,2020-06-05,2020-06-08,2020-06-17,2020-07-20,-0.093301709692,8,True
41,2024-04-26,2024-04-29,2024-05-09,2024-05-18,-0.088634240627,8,True
27,2021-11-15,2021-11-16,2021-12-20,2022-01-17,-0.086692184718,24,True
9,2020-12-16,2020-12-17,2020-12-22,2021-01-01,-0.061795799968,4,True
47,2024-07-31,2024-08-01,2024-08-06,2024-08-21,-0.053109910912,4,True
17,2021-03-23,2021-03-24,2021-03-25,2021-04-01,-0.049836008064,2,True
19,2021-04-09,2021-04-12,2021-04-20,2021-04-29,-0.046681448638,6,True
34,2023-12-19,2023-12-20,2023-12-20,2023-12-26,-0.044816608591,1,True
16,2021-03-03,2021-03-04,2021-03-19,2021-03-23,-0.044229835283,11,True
46,2024-07-11,2024-07-12,2024-07-23,2024-07-26,-0.042048477391,7,True
37,2024-01-04,2024-01-05,2024-01-23,2024-01-29,-0.041316884142,13,True
1,2020-05-04,2020-05-05,2020-05-18,2020-05-28,-0.040729658524,10,True
12,2021-01-21,2021-01-22,2021-01-29,2021-02-02,-0.037898460910,5,True
5,2020-08-10,2020-08-11,2020-08-13,2020-08-20,-0.031368196064,3,True
51,2024-09-13,2024-09-16,2024-09-19,2024-09-23,-0.030608147904,4,True
13,2021-02-11,2021-02-12,2021-02-16,2021-02-18,-0.027284206575,3,True
43,2024-05-24,2024-05-27,2024-05-30,2024-06-03,-0.026464665390,4,True
40,2024-04-12,2024-04-15,2024-04-18,2024-04-24,-0.025686777391,3,True
14,2021-02-18,2021-02-19,2021-02-22,2021-02-24,-0.021992876251,2,True
11,2021-01-12,2021-01-13,2021-01-18,2021-01-20,-0.020862592519,4,True
4,2020-07-29,2020-07-30,2020-08-03,2020-08-10,-0.020483391492,3,True
20,2021-05-03,2021-05-04,2021-05-04,2021-05-07,-0.020138233925,1,True
38,2024-02-02,2024-02-05,2024-02-05,2024-02-07,-0.017366632734,1,True
22,2021-05-19,2021-05-20,2021-05-20,2021-05-27,-0.016956384942,1,True
21,2021-05-10,2021-05-11,2021-05-12,2021-05-18,-0.014328806800,2,True
31,2022-12-01,2022-12-02,2022-12-05,2022-12-12,-0.014157959456,2,True
33,2023-12-11,2023-12-12,2023-12-12,2023-12-13,-0.012961373306,1,True
45,2024-07-05,2024-07-08,2024-07-10,2024-07-11,-0.012226037000,3,True
15,2021-02-25,2021-02-26,2021-02-26,2021-03-01,-0.012049372486,1,True
18,2021-04-01,2021-04-05,2021-04-05,2021-04-08,-0.011441368306,1,True
50,2024-09-05,2024-09-06,2024-09-09,2024-09-10,-0.009437876317,2,True
26,2021-11-09,2021-11-10,2021-11-12,2021-11-15,-0.009357358106,3,True
6,2020-08-21,2020-08-24,2020-08-25,2020-08-27,-0.009221020009,2,True
8,2020-12-07,2020-12-08,2020-12-10,2020-12-16,-0.008067330905,3,True
35,2023-12-26,2023-12-27,2023-12-27,2023-12-28,-0.007237547800,1,True
3,2020-07-23,2020-07-24,2020-07-24,2020-07-28,-0.006933895604,1,True
49,2024-08-28,2024-08-29,2024-08-29,2024-08-30,-0.006678640112,1,True
23,2021-05-28,2021-05-31,2021-06-01,2021-06-02,-0.003800115083,2,True
36,2024-01-01,2024-01-02,2024-01-02,2024-01-04,-0.002501554837,1,True
42,2024-05-21,2024-05-22,2024-05-22,2024-05-23,-0.001602518226,1,True
48,2024-08-23,2024-08-26,2024-08-26,2024-08-27,-0.001340091408,1,True
10,2021-01-08,2021-01-11,2021-01-11,2021-01-12,-0.001079144988,1,True
