month,return
2020-05,0.015385567347
2020-06,-0.036002172329
2020-07,0.129737662235
2020-08,0.001686705085
2020-09,-0.012448790185
2020-10,0.010801979433
2020-11,0.064730018660
2020-12,0.072219293391
2021-01,0.029196658923
2021-02,0.212014466065
2021-03,0.061419677370
2021-04,0.043375689568
2021-05,0.072113634069
2021-06,0.003867601705
2021-07,-0.041101001085
2021-08,-0.015535307058
2021-09,0.018214088612
2021-10,0.007054311898
2021-11,0.050432075999
2021-12,0.000213952551
2022-01,-0.030559773558
2022-02,-0.107688302322
2022-03,0.122003159762
2022-04,0.061619191967
2022-05,-0.045203646311
2022-06,-0.048565171475
2022-07,0.036316701271
2022-08,0.122052997938
2022-09,-0.063965893820
2022-10,0.029823542985
2022-11,0.072653158372
2022-12,-0.072541421762
2023-01,0.005167456073
2023-02,-0.080445473218
2023-03,-0.018604028684
2023-04,0.028617737853
2023-05,0.005064780603
2023-06,0.047133195180
2023-07,0.044667000942
2023-08,-0.032233975297
2023-09,0.034549964000
2023-10,-0.035717860687
2023-11,0.085420192822
2023-12,0.167064558146
2024-01,0.075019947734
2024-02,-0.049593342248
2024-03,0.005961271822
2024-04,0.104906501783
2024-05,0.044284108136
2024-06,0.078512226717
2024-07,0.097488238693
2024-08,0.038933392804
2024-09,0.040650074972
2024-10,-0.092992465820
2024-11,-0.013408572006
2024-12,-0.037997774163
2025-01,-0.116421041458
2025-02,-0.063731127275
2025-03,0.051333061982
2025-04,0.007779046570
2025-05,0.023456675570
2025-06,0.018343406445
2025-07,-0.064547225808
2025-08,-0.019069993447
2025-09,-0.004061950348
2025-10,0.025005147304
2025-11,-0.009590746952
2025-12,-0.003753456873
2026-01,0.054050884864
2026-02,-0.085636255458
2026-03,-0.071160824094
2026-04,0.104293295921
2026-05,0.021288728684
2026-06,0.023867395290
2026-07,0.011704832853
2026-08,0.005873885385
2026-09,-0.069343407750
