date,symbol,purpose,source_used,series,open,resolution_status,fallback_used,reason
2020-05-04,AVANTIFEED,entry,normalized_daily,EQ,412.0,USED,False,normalized execution row available
2020-05-04,BBTC,entry,normalized_daily,EQ,889.0,USED,False,normalized execution row available
2020-05-04,VENKEYS,entry,normalized_daily,EQ,1083.0,USED,False,normalized execution row available
2020-05-04,SUNPHARMA,entry,normalized_daily,EQ,464.45,USED,False,normalized execution row available
2020-05-04,CIPLA,entry,normalized_daily,EQ,589.0,USED,False,normalized execution row available
2020-05-04,AUROPHARMA,entry,normalized_daily,EQ,611.0,USED,False,normalized execution row available
2020-05-04,ASIANPAINT,entry,normalized_daily,EQ,1718.0,USED,False,normalized execution row available
2020-05-04,UPL,entry,normalized_daily,EQ,394.85,USED,False,normalized execution row available
2020-05-04,PIDILITIND,entry,normalized_daily,EQ,1480.0,USED,False,normalized execution row available
2020-05-11,AVANTIFEED,valuation,normalized_daily,EQ,404.2,USED,False,normalized execution row available
2020-05-11,AVANTIFEED,valuation,normalized_daily,EQ,404.2,USED,False,normalized execution row available
2020-05-11,BBTC,valuation,normalized_daily,EQ,855.0,USED,False,normalized execution row available
2020-05-11,BBTC,valuation,normalized_daily,EQ,855.0,USED,False,normalized execution row available
2020-05-11,VENKEYS,valuation,normalized_daily,EQ,1065.0,USED,False,normalized execution row available
2020-05-11,VENKEYS,valuation,normalized_daily,EQ,1065.0,USED,False,normalized execution row available
2020-05-11,SUNPHARMA,valuation,normalized_daily,EQ,473.7,USED,False,normalized execution row available
2020-05-11,SUNPHARMA,valuation,normalized_daily,EQ,473.7,USED,False,normalized execution row available
2020-05-11,CIPLA,valuation,normalized_daily,EQ,600.95,USED,False,normalized execution row available
2020-05-11,CIPLA,valuation,normalized_daily,EQ,600.95,USED,False,normalized execution row available
2020-05-11,AUROPHARMA,valuation,normalized_daily,EQ,651.0,USED,False,normalized execution row available
2020-05-11,AUROPHARMA,valuation,normalized_daily,EQ,651.0,USED,False,normalized execution row available
2020-05-11,ASIANPAINT,valuation,normalized_daily,EQ,1583.0,USED,False,normalized execution row available
2020-05-11,ASIANPAINT,valuation,normalized_daily,EQ,1583.0,USED,False,normalized execution row available
2020-05-11,UPL,valuation,normalized_daily,EQ,367.0,USED,False,normalized execution row available
2020-05-11,UPL,valuation,normalized_daily,EQ,367.0,USED,False,normalized execution row available
2020-05-11,PIDILITIND,valuation,normalized_daily,EQ,1380.0,USED,False,normalized execution row available
2020-05-11,PIDILITIND,valuation,normalized_daily,EQ,1380.0,USED,False,normalized execution row available
2020-05-11,ASIANPAINT,exit,normalized_daily,EQ,1583.0,USED,False,normalized execution row available
2020-05-11,PIDILITIND,exit,normalized_daily,EQ,1380.0,USED,False,normalized execution row available
2020-05-11,UPL,exit,normalized_daily,EQ,367.0,USED,False,normalized execution row available
2020-05-11,AUROPHARMA,retained_resize,normalized_daily,EQ,651.0,USED,False,normalized execution row available
2020-05-11,AVANTIFEED,retained_resize,normalized_daily,EQ,404.2,USED,False,normalized execution row available
2020-05-11,BBTC,retained_resize,normalized_daily,EQ,855.0,USED,False,normalized execution row available
2020-05-11,CIPLA,retained_resize,normalized_daily,EQ,600.95,USED,False,normalized execution row available
2020-05-11,SUNPHARMA,retained_resize,normalized_daily,EQ,473.7,USED,False,normalized execution row available
2020-05-11,VENKEYS,retained_resize,normalized_daily,EQ,1065.0,USED,False,normalized execution row available
2020-05-11,LT,entry,normalized_daily,EQ,821.2,USED,False,normalized execution row available
2020-05-11,ADANIPORTS,entry,normalized_daily,EQ,285.2,USED,False,normalized execution row available
2020-05-11,NCC,entry,normalized_daily,EQ,24.0,USED,False,normalized execution row available
2020-05-18,AVANTIFEED,valuation,normalized_daily,EQ,425.0,USED,False,normalized execution row available
2020-05-18,AVANTIFEED,valuation,normalized_daily,EQ,425.0,USED,False,normalized execution row available
2020-05-18,BBTC,valuation,normalized_daily,EQ,852.0,USED,False,normalized execution row available
2020-05-18,BBTC,valuation,normalized_daily,EQ,852.0,USED,False,normalized execution row available
2020-05-18,VENKEYS,valuation,normalized_daily,EQ,1050.0,USED,False,normalized execution row available
2020-05-18,VENKEYS,valuation,normalized_daily,EQ,1050.0,USED,False,normalized execution row available
2020-05-18,SUNPHARMA,valuation,normalized_daily,EQ,447.0,USED,False,normalized execution row available
2020-05-18,SUNPHARMA,valuation,normalized_daily,EQ,447.0,USED,False,normalized execution row available
2020-05-18,CIPLA,valuation,normalized_daily,EQ,570.6,USED,False,normalized execution row available
2020-05-18,CIPLA,valuation,normalized_daily,EQ,570.6,USED,False,normalized execution row available
2020-05-18,AUROPHARMA,valuation,normalized_daily,EQ,665.0,USED,False,normalized execution row available
2020-05-18,AUROPHARMA,valuation,normalized_daily,EQ,665.0,USED,False,normalized execution row available
2020-05-18,LT,valuation,normalized_daily,EQ,869.9,USED,False,normalized execution row available
2020-05-18,LT,valuation,normalized_daily,EQ,869.9,USED,False,normalized execution row available
2020-05-18,ADANIPORTS,valuation,normalized_daily,EQ,306.0,USED,False,normalized execution row available
2020-05-18,ADANIPORTS,valuation,normalized_daily,EQ,306.0,USED,False,normalized execution row available
2020-05-18,NCC,valuation,normalized_daily,EQ,23.6,USED,False,normalized execution row available
2020-05-18,NCC,valuation,normalized_daily,EQ,23.6,USED,False,normalized execution row available
2020-05-18,AVANTIFEED,exit,normalized_daily,EQ,425.0,USED,False,normalized execution row available
2020-05-18,BBTC,exit,normalized_daily,EQ,852.0,USED,False,normalized execution row available
2020-05-18,VENKEYS,exit,normalized_daily,EQ,1050.0,USED,False,normalized execution row available
2020-05-18,ADANIPORTS,retained_resize,normalized_daily,EQ,306.0,USED,False,normalized execution row available
2020-05-18,AUROPHARMA,retained_resize,normalized_daily,EQ,665.0,USED,False,normalized execution row available
2020-05-18,CIPLA,retained_resize,normalized_daily,EQ,570.6,USED,False,normalized execution row available
2020-05-18,LT,retained_resize,normalized_daily,EQ,869.9,USED,False,normalized execution row available
2020-05-18,NCC,retained_resize,normalized_daily,EQ,23.6,USED,False,normalized execution row available
2020-05-18,SUNPHARMA,retained_resize,normalized_daily,EQ,447.0,USED,False,normalized execution row available
2020-05-18,HDFCLIFE,entry,normalized_daily,EQ,487.3,USED,False,normalized execution row available
2020-05-18,ICICIPRULI,entry,normalized_daily,EQ,383.1,USED,False,normalized execution row available
2020-05-18,SBILIFE,entry,normalized_daily,EQ,750.0,USED,False,normalized execution row available
2020-05-26,SUNPHARMA,valuation,normalized_daily,EQ,471.0,USED,False,normalized execution row available
2020-05-26,SUNPHARMA,valuation,normalized_daily,EQ,471.0,USED,False,normalized execution row available
2020-05-26,CIPLA,valuation,normalized_daily,EQ,640.0,USED,False,normalized execution row available
2020-05-26,CIPLA,valuation,normalized_daily,EQ,640.0,USED,False,normalized execution row available
2020-05-26,AUROPHARMA,valuation,normalized_daily,EQ,725.0,USED,False,normalized execution row available
2020-05-26,AUROPHARMA,valuation,normalized_daily,EQ,725.0,USED,False,normalized execution row available
2020-05-26,LT,valuation,normalized_daily,EQ,821.9,USED,False,normalized execution row available
2020-05-26,LT,valuation,normalized_daily,EQ,821.9,USED,False,normalized execution row available
2020-05-26,ADANIPORTS,valuation,normalized_daily,EQ,312.4,USED,False,normalized execution row available
2020-05-26,ADANIPORTS,valuation,normalized_daily,EQ,312.4,USED,False,normalized execution row available
2020-05-26,NCC,valuation,normalized_daily,EQ,21.1,USED,False,normalized execution row available
2020-05-26,NCC,valuation,normalized_daily,EQ,21.1,USED,False,normalized execution row available
2020-05-26,HDFCLIFE,valuation,normalized_daily,EQ,502.0,USED,False,normalized execution row available
2020-05-26,HDFCLIFE,valuation,normalized_daily,EQ,502.0,USED,False,normalized execution row available
2020-05-26,ICICIPRULI,valuation,normalized_daily,EQ,350.0,USED,False,normalized execution row available
2020-05-26,ICICIPRULI,valuation,normalized_daily,EQ,350.0,USED,False,normalized execution row available
2020-05-26,SBILIFE,valuation,normalized_daily,EQ,735.0,USED,False,normalized execution row available
2020-05-26,SBILIFE,valuation,normalized_daily,EQ,735.0,USED,False,normalized execution row available
2020-05-26,ADANIPORTS,exit,normalized_daily,EQ,312.4,USED,False,normalized execution row available
2020-05-26,LT,exit,normalized_daily,EQ,821.9,USED,False,normalized execution row available
2020-05-26,NCC,exit,normalized_daily,EQ,21.1,USED,False,normalized execution row available
2020-05-26,AUROPHARMA,retained_resize,normalized_daily,EQ,725.0,USED,False,normalized execution row available
2020-05-26,CIPLA,retained_resize,normalized_daily,EQ,640.0,USED,False,normalized execution row available
2020-05-26,HDFCLIFE,retained_resize,normalized_daily,EQ,502.0,USED,False,normalized execution row available
2020-05-26,ICICIPRULI,retained_resize,normalized_daily,EQ,350.0,USED,False,normalized execution row available
2020-05-26,SBILIFE,retained_resize,normalized_daily,EQ,735.0,USED,False,normalized execution row available
2020-05-26,SUNPHARMA,retained_resize,normalized_daily,EQ,471.0,USED,False,normalized execution row available
2020-05-26,TCS,entry,normalized_daily,EQ,2015.0,USED,False,normalized execution row available
2020-05-26,INFY,entry,normalized_daily,EQ,693.0,USED,False,normalized execution row available
2020-05-26,HCLTECH,entry,normalized_daily,EQ,530.0,USED,False,normalized execution row available
2020-06-01,SUNPHARMA,valuation,normalized_daily,EQ,483.5,USED,False,normalized execution row available
2020-06-01,SUNPHARMA,valuation,normalized_daily,EQ,483.5,USED,False,normalized execution row available
2020-06-01,CIPLA,valuation,normalized_daily,EQ,649.0,USED,False,normalized execution row available
2020-06-01,CIPLA,valuation,normalized_daily,EQ,649.0,USED,False,normalized execution row available
2020-06-01,AUROPHARMA,valuation,normalized_daily,EQ,744.0,USED,False,normalized execution row available
2020-06-01,AUROPHARMA,valuation,normalized_daily,EQ,744.0,USED,False,normalized execution row available
2020-06-01,HDFCLIFE,valuation,normalized_daily,EQ,521.0,USED,False,normalized execution row available
2020-06-01,HDFCLIFE,valuation,normalized_daily,EQ,521.0,USED,False,normalized execution row available
2020-06-01,ICICIPRULI,valuation,normalized_daily,EQ,396.0,USED,False,normalized execution row available
2020-06-01,ICICIPRULI,valuation,normalized_daily,EQ,396.0,USED,False,normalized execution row available
2020-06-01,SBILIFE,valuation,normalized_daily,EQ,776.0,USED,False,normalized execution row available
2020-06-01,SBILIFE,valuation,normalized_daily,EQ,776.0,USED,False,normalized execution row available
2020-06-01,TCS,valuation,normalized_daily,EQ,1990.0,USED,False,normalized execution row available
2020-06-01,TCS,valuation,normalized_daily,EQ,1990.0,USED,False,normalized execution row available
2020-06-01,INFY,valuation,normalized_daily,EQ,698.75,USED,False,normalized execution row available
2020-06-01,INFY,valuation,normalized_daily,EQ,698.75,USED,False,normalized execution row available
2020-06-01,HCLTECH,valuation,normalized_daily,EQ,557.0,USED,False,normalized execution row available
2020-06-01,HCLTECH,valuation,normalized_daily,EQ,557.0,USED,False,normalized execution row available
2020-06-01,AUROPHARMA,exit,normalized_daily,EQ,744.0,USED,False,normalized execution row available
2020-06-01,CIPLA,exit,normalized_daily,EQ,649.0,USED,False,normalized execution row available
2020-06-01,HCLTECH,exit,normalized_daily,EQ,557.0,USED,False,normalized execution row available
2020-06-01,INFY,exit,normalized_daily,EQ,698.75,USED,False,normalized execution row available
2020-06-01,SUNPHARMA,exit,normalized_daily,EQ,483.5,USED,False,normalized execution row available
2020-06-01,TCS,exit,normalized_daily,EQ,1990.0,USED,False,normalized execution row available
2020-06-01,HDFCLIFE,retained_resize,normalized_daily,EQ,521.0,USED,False,normalized execution row available
2020-06-01,ICICIPRULI,retained_resize,normalized_daily,EQ,396.0,USED,False,normalized execution row available
2020-06-01,SBILIFE,retained_resize,normalized_daily,EQ,776.0,USED,False,normalized execution row available
2020-06-01,VEDL,entry,normalized_daily,EQ,93.3,USED,False,normalized execution row available
2020-06-01,TATASTEEL,entry,normalized_daily,EQ,302.0,USED,False,normalized execution row available
2020-06-01,HINDALCO,entry,normalized_daily,EQ,141.9,USED,False,normalized execution row available
2020-06-01,ULTRACEMCO,entry,normalized_daily,EQ,3905.0,USED,False,normalized execution row available
2020-06-01,ACC,entry,normalized_daily,EQ,1283.0,USED,False,normalized execution row available
2020-06-01,SHREECEM,entry,normalized_daily,EQ,20857.3,USED,False,normalized execution row available
2020-06-08,HDFCLIFE,valuation,normalized_daily,EQ,520.0,USED,False,normalized execution row available
2020-06-08,HDFCLIFE,valuation,normalized_daily,EQ,520.0,USED,False,normalized execution row available
2020-06-08,ICICIPRULI,valuation,normalized_daily,EQ,390.6,USED,False,normalized execution row available
2020-06-08,ICICIPRULI,valuation,normalized_daily,EQ,390.6,USED,False,normalized execution row available
2020-06-08,SBILIFE,valuation,normalized_daily,EQ,802.0,USED,False,normalized execution row available
2020-06-08,SBILIFE,valuation,normalized_daily,EQ,802.0,USED,False,normalized execution row available
2020-06-08,VEDL,valuation,normalized_daily,EQ,102.0,USED,False,normalized execution row available
2020-06-08,VEDL,valuation,normalized_daily,EQ,102.0,USED,False,normalized execution row available
2020-06-08,TATASTEEL,valuation,normalized_daily,EQ,347.7,USED,False,normalized execution row available
2020-06-08,TATASTEEL,valuation,normalized_daily,EQ,347.7,USED,False,normalized execution row available
2020-06-08,HINDALCO,valuation,normalized_daily,EQ,155.0,USED,False,normalized execution row available
2020-06-08,HINDALCO,valuation,normalized_daily,EQ,155.0,USED,False,normalized execution row available
2020-06-08,ULTRACEMCO,valuation,normalized_daily,EQ,3910.0,USED,False,normalized execution row available
2020-06-08,ULTRACEMCO,valuation,normalized_daily,EQ,3910.0,USED,False,normalized execution row available
2020-06-08,ACC,valuation,normalized_daily,EQ,1315.0,USED,False,normalized execution row available
2020-06-08,ACC,valuation,normalized_daily,EQ,1315.0,USED,False,normalized execution row available
2020-06-08,SHREECEM,valuation,normalized_daily,EQ,22117.75,USED,False,normalized execution row available
2020-06-08,SHREECEM,valuation,normalized_daily,EQ,22117.75,USED,False,normalized execution row available
2020-06-08,ACC,exit,normalized_daily,EQ,1315.0,USED,False,normalized execution row available
2020-06-08,HDFCLIFE,exit,normalized_daily,EQ,520.0,USED,False,normalized execution row available
2020-06-08,ICICIPRULI,exit,normalized_daily,EQ,390.6,USED,False,normalized execution row available
2020-06-08,SBILIFE,exit,normalized_daily,EQ,802.0,USED,False,normalized execution row available
2020-06-08,SHREECEM,exit,normalized_daily,EQ,22117.75,USED,False,normalized execution row available
2020-06-08,ULTRACEMCO,exit,normalized_daily,EQ,3910.0,USED,False,normalized execution row available
2020-06-08,HINDALCO,retained_resize,normalized_daily,EQ,155.0,USED,False,normalized execution row available
2020-06-08,TATASTEEL,retained_resize,normalized_daily,EQ,347.7,USED,False,normalized execution row available
2020-06-08,VEDL,retained_resize,normalized_daily,EQ,102.0,USED,False,normalized execution row available
2020-06-08,PAGEIND,entry,normalized_daily,EQ,19851.0,USED,False,normalized execution row available
2020-06-08,RAYMOND,entry,normalized_daily,EQ,329.0,USED,False,normalized execution row available
2020-06-08,ARVIND,entry,normalized_daily,EQ,37.85,USED,False,normalized execution row available
2020-06-08,INDHOTEL,entry,normalized_daily,EQ,94.8,USED,False,normalized execution row available
2020-06-08,WESTLIFE,entry,normalized_daily,EQ,315.5,USED,False,normalized execution row available
2020-06-08,CHALET,entry,normalized_daily,EQ,170.75,USED,False,normalized execution row available
2020-06-15,VEDL,valuation,normalized_daily,EQ,104.0,USED,False,normalized execution row available
2020-06-15,VEDL,valuation,normalized_daily,EQ,104.0,USED,False,normalized execution row available
2020-06-15,TATASTEEL,valuation,normalized_daily,EQ,313.75,USED,False,normalized execution row available
2020-06-15,TATASTEEL,valuation,normalized_daily,EQ,313.75,USED,False,normalized execution row available
2020-06-15,HINDALCO,valuation,normalized_daily,EQ,149.05,USED,False,normalized execution row available
2020-06-15,HINDALCO,valuation,normalized_daily,EQ,149.05,USED,False,normalized execution row available
2020-06-15,PAGEIND,valuation,normalized_daily,EQ,18500.0,USED,False,normalized execution row available
2020-06-15,PAGEIND,valuation,normalized_daily,EQ,18500.0,USED,False,normalized execution row available
2020-06-15,RAYMOND,valuation,normalized_daily,EQ,291.0,USED,False,normalized execution row available
2020-06-15,RAYMOND,valuation,normalized_daily,EQ,291.0,USED,False,normalized execution row available
2020-06-15,ARVIND,valuation,normalized_daily,EQ,34.95,USED,False,normalized execution row available
2020-06-15,ARVIND,valuation,normalized_daily,EQ,34.95,USED,False,normalized execution row available
2020-06-15,INDHOTEL,valuation,normalized_daily,EQ,88.7,USED,False,normalized execution row available
2020-06-15,INDHOTEL,valuation,normalized_daily,EQ,88.7,USED,False,normalized execution row available
2020-06-15,WESTLIFE,valuation,normalized_daily,EQ,296.0,USED,False,normalized execution row available
2020-06-15,WESTLIFE,valuation,normalized_daily,EQ,296.0,USED,False,normalized execution row available
2020-06-15,CHALET,valuation,normalized_daily,EQ,139.9,USED,False,normalized execution row available
2020-06-15,CHALET,valuation,normalized_daily,EQ,139.9,USED,False,normalized execution row available
2020-06-15,CHALET,exit,normalized_daily,EQ,139.9,USED,False,normalized execution row available
2020-06-15,INDHOTEL,exit,normalized_daily,EQ,88.7,USED,False,normalized execution row available
2020-06-15,WESTLIFE,exit,normalized_daily,EQ,296.0,USED,False,normalized execution row available
2020-06-15,ARVIND,retained_resize,normalized_daily,EQ,34.95,USED,False,normalized execution row available
2020-06-15,HINDALCO,retained_resize,normalized_daily,EQ,149.05,USED,False,normalized execution row available
2020-06-15,PAGEIND,retained_resize,normalized_daily,EQ,18500.0,USED,False,normalized execution row available
2020-06-15,RAYMOND,retained_resize,normalized_daily,EQ,291.0,USED,False,normalized execution row available
2020-06-15,TATASTEEL,retained_resize,normalized_daily,EQ,313.75,USED,False,normalized execution row available
2020-06-15,VEDL,retained_resize,normalized_daily,EQ,104.0,USED,False,normalized execution row available
2020-06-15,TATACONSUM,entry,normalized_daily,EQ,371.5,USED,False,normalized execution row available
2020-06-15,AVANTIFEED,entry,normalized_daily,EQ,476.0,USED,False,normalized execution row available
2020-06-15,VENKEYS,entry,normalized_daily,EQ,1155.0,USED,False,normalized execution row available
2020-06-22,AVANTIFEED,valuation,normalized_daily,EQ,467.0,USED,False,normalized execution row available
2020-06-22,AVANTIFEED,valuation,normalized_daily,EQ,467.0,USED,False,normalized execution row available
2020-06-22,VENKEYS,valuation,normalized_daily,EQ,1125.0,USED,False,normalized execution row available
2020-06-22,VENKEYS,valuation,normalized_daily,EQ,1125.0,USED,False,normalized execution row available
2020-06-22,VEDL,valuation,normalized_daily,EQ,105.35,USED,False,normalized execution row available
2020-06-22,VEDL,valuation,normalized_daily,EQ,105.35,USED,False,normalized execution row available
2020-06-22,TATASTEEL,valuation,normalized_daily,EQ,319.75,USED,False,normalized execution row available
2020-06-22,TATASTEEL,valuation,normalized_daily,EQ,319.75,USED,False,normalized execution row available
2020-06-22,HINDALCO,valuation,normalized_daily,EQ,150.9,USED,False,normalized execution row available
2020-06-22,HINDALCO,valuation,normalized_daily,EQ,150.9,USED,False,normalized execution row available
2020-06-22,PAGEIND,valuation,normalized_daily,EQ,18100.0,USED,False,normalized execution row available
2020-06-22,PAGEIND,valuation,normalized_daily,EQ,18100.0,USED,False,normalized execution row available
2020-06-22,RAYMOND,valuation,normalized_daily,EQ,294.1,USED,False,normalized execution row available
2020-06-22,RAYMOND,valuation,normalized_daily,EQ,294.1,USED,False,normalized execution row available
2020-06-22,ARVIND,valuation,normalized_daily,EQ,35.0,USED,False,normalized execution row available
2020-06-22,ARVIND,valuation,normalized_daily,EQ,35.0,USED,False,normalized execution row available
2020-06-22,TATACONSUM,valuation,normalized_daily,EQ,383.0,USED,False,normalized execution row available
2020-06-22,TATACONSUM,valuation,normalized_daily,EQ,383.0,USED,False,normalized execution row available
2020-06-22,HINDALCO,exit,normalized_daily,EQ,150.9,USED,False,normalized execution row available
2020-06-22,TATASTEEL,exit,normalized_daily,EQ,319.75,USED,False,normalized execution row available
2020-06-22,VEDL,exit,normalized_daily,EQ,105.35,USED,False,normalized execution row available
2020-06-22,ARVIND,retained_resize,normalized_daily,EQ,35.0,USED,False,normalized execution row available
2020-06-22,AVANTIFEED,retained_resize,normalized_daily,EQ,467.0,USED,False,normalized execution row available
2020-06-22,PAGEIND,retained_resize,normalized_daily,EQ,18100.0,USED,False,normalized execution row available
2020-06-22,RAYMOND,retained_resize,normalized_daily,EQ,294.1,USED,False,normalized execution row available
2020-06-22,TATACONSUM,retained_resize,normalized_daily,EQ,383.0,USED,False,normalized execution row available
2020-06-22,VENKEYS,retained_resize,normalized_daily,EQ,1125.0,USED,False,normalized execution row available
2020-06-22,HDFCBANK,entry,normalized_daily,EQ,1039.45,USED,False,normalized execution row available
2020-06-22,AXISBANK,entry,normalized_daily,EQ,420.0,USED,False,normalized execution row available
2020-06-22,ICICIBANK,entry,normalized_daily,EQ,367.0,USED,False,normalized execution row available
2020-06-29,AVANTIFEED,valuation,normalized_daily,EQ,506.0,USED,False,normalized execution row available
2020-06-29,AVANTIFEED,valuation,normalized_daily,EQ,506.0,USED,False,normalized execution row available
2020-06-29,VENKEYS,valuation,normalized_daily,EQ,1125.0,USED,False,normalized execution row available
2020-06-29,VENKEYS,valuation,normalized_daily,EQ,1125.0,USED,False,normalized execution row available
2020-06-29,PAGEIND,valuation,normalized_daily,EQ,20129.05,USED,False,normalized execution row available
2020-06-29,PAGEIND,valuation,normalized_daily,EQ,20129.05,USED,False,normalized execution row available
2020-06-29,RAYMOND,valuation,normalized_daily,EQ,292.0,USED,False,normalized execution row available
2020-06-29,RAYMOND,valuation,normalized_daily,EQ,292.0,USED,False,normalized execution row available
2020-06-29,ARVIND,valuation,normalized_daily,EQ,34.2,USED,False,normalized execution row available
2020-06-29,ARVIND,valuation,normalized_daily,EQ,34.2,USED,False,normalized execution row available
2020-06-29,TATACONSUM,valuation,normalized_daily,EQ,387.05,USED,False,normalized execution row available
2020-06-29,TATACONSUM,valuation,normalized_daily,EQ,387.05,USED,False,normalized execution row available
2020-06-29,HDFCBANK,valuation,normalized_daily,EQ,1037.0,USED,False,normalized execution row available
2020-06-29,HDFCBANK,valuation,normalized_daily,EQ,1037.0,USED,False,normalized execution row available
2020-06-29,AXISBANK,valuation,normalized_daily,EQ,415.0,USED,False,normalized execution row available
2020-06-29,AXISBANK,valuation,normalized_daily,EQ,415.0,USED,False,normalized execution row available
2020-06-29,ICICIBANK,valuation,normalized_daily,EQ,345.25,USED,False,normalized execution row available
2020-06-29,ICICIBANK,valuation,normalized_daily,EQ,345.25,USED,False,normalized execution row available
2020-06-29,AVANTIFEED,exit,normalized_daily,EQ,506.0,USED,False,normalized execution row available
2020-06-29,TATACONSUM,exit,normalized_daily,EQ,387.05,USED,False,normalized execution row available
2020-06-29,VENKEYS,exit,normalized_daily,EQ,1125.0,USED,False,normalized execution row available
2020-06-29,ARVIND,retained_resize,normalized_daily,EQ,34.2,USED,False,normalized execution row available
2020-06-29,AXISBANK,retained_resize,normalized_daily,EQ,415.0,USED,False,normalized execution row available
2020-06-29,HDFCBANK,retained_resize,normalized_daily,EQ,1037.0,USED,False,normalized execution row available
2020-06-29,ICICIBANK,retained_resize,normalized_daily,EQ,345.25,USED,False,normalized execution row available
2020-06-29,PAGEIND,retained_resize,normalized_daily,EQ,20129.05,USED,False,normalized execution row available
2020-06-29,RAYMOND,retained_resize,normalized_daily,EQ,292.0,USED,False,normalized execution row available
2020-06-29,BAJAJFINSV,entry,normalized_daily,EQ,5832.0,USED,False,normalized execution row available
2020-06-29,MUTHOOTFIN,entry,normalized_daily,EQ,1088.0,USED,False,normalized execution row available
2020-06-29,CHOLAFIN,entry,normalized_daily,EQ,200.0,USED,False,normalized execution row available
2020-07-06,PAGEIND,valuation,normalized_daily,EQ,20721.7,USED,False,normalized execution row available
2020-07-06,PAGEIND,valuation,normalized_daily,EQ,20721.7,USED,False,normalized execution row available
2020-07-06,RAYMOND,valuation,normalized_daily,EQ,274.0,USED,False,normalized execution row available
2020-07-06,RAYMOND,valuation,normalized_daily,EQ,274.0,USED,False,normalized execution row available
2020-07-06,ARVIND,valuation,normalized_daily,EQ,32.85,USED,False,normalized execution row available
2020-07-06,ARVIND,valuation,normalized_daily,EQ,32.85,USED,False,normalized execution row available
2020-07-06,HDFCBANK,valuation,normalized_daily,EQ,1107.95,USED,False,normalized execution row available
2020-07-06,HDFCBANK,valuation,normalized_daily,EQ,1107.95,USED,False,normalized execution row available
2020-07-06,AXISBANK,valuation,normalized_daily,EQ,434.15,USED,False,normalized execution row available
2020-07-06,AXISBANK,valuation,normalized_daily,EQ,434.15,USED,False,normalized execution row available
2020-07-06,ICICIBANK,valuation,normalized_daily,EQ,367.85,USED,False,normalized execution row available
2020-07-06,ICICIBANK,valuation,normalized_daily,EQ,367.85,USED,False,normalized execution row available
2020-07-06,BAJAJFINSV,valuation,normalized_daily,EQ,6217.0,USED,False,normalized execution row available
2020-07-06,BAJAJFINSV,valuation,normalized_daily,EQ,6217.0,USED,False,normalized execution row available
2020-07-06,MUTHOOTFIN,valuation,normalized_daily,EQ,1166.35,USED,False,normalized execution row available
2020-07-06,MUTHOOTFIN,valuation,normalized_daily,EQ,1166.35,USED,False,normalized execution row available
2020-07-06,CHOLAFIN,valuation,normalized_daily,EQ,200.0,USED,False,normalized execution row available
2020-07-06,CHOLAFIN,valuation,normalized_daily,EQ,200.0,USED,False,normalized execution row available
2020-07-06,ARVIND,exit,normalized_daily,EQ,32.85,USED,False,normalized execution row available
2020-07-06,PAGEIND,exit,normalized_daily,EQ,20721.7,USED,False,normalized execution row available
2020-07-06,RAYMOND,exit,normalized_daily,EQ,274.0,USED,False,normalized execution row available
2020-07-06,AXISBANK,retained_resize,normalized_daily,EQ,434.15,USED,False,normalized execution row available
2020-07-06,BAJAJFINSV,retained_resize,normalized_daily,EQ,6217.0,USED,False,normalized execution row available
2020-07-06,CHOLAFIN,retained_resize,normalized_daily,EQ,200.0,USED,False,normalized execution row available
2020-07-06,HDFCBANK,retained_resize,normalized_daily,EQ,1107.95,USED,False,normalized execution row available
2020-07-06,ICICIBANK,retained_resize,normalized_daily,EQ,367.85,USED,False,normalized execution row available
2020-07-06,MUTHOOTFIN,retained_resize,normalized_daily,EQ,1166.35,USED,False,normalized execution row available
2020-07-06,ULTRACEMCO,entry,normalized_daily,EQ,3920.0,USED,False,normalized execution row available
2020-07-06,SHREECEM,entry,normalized_daily,EQ,22879.0,USED,False,normalized execution row available
2020-07-06,ACC,entry,normalized_daily,EQ,1317.0,USED,False,normalized execution row available
2020-07-13,ULTRACEMCO,valuation,normalized_daily,EQ,3820.0,USED,False,normalized execution row available
2020-07-13,ULTRACEMCO,valuation,normalized_daily,EQ,3820.0,USED,False,normalized execution row available
2020-07-13,ACC,valuation,normalized_daily,EQ,1310.25,USED,False,normalized execution row available
2020-07-13,ACC,valuation,normalized_daily,EQ,1310.25,USED,False,normalized execution row available
2020-07-13,SHREECEM,valuation,normalized_daily,EQ,22460.0,USED,False,normalized execution row available
2020-07-13,SHREECEM,valuation,normalized_daily,EQ,22460.0,USED,False,normalized execution row available
2020-07-13,HDFCBANK,valuation,normalized_daily,EQ,1109.9,USED,False,normalized execution row available
2020-07-13,HDFCBANK,valuation,normalized_daily,EQ,1109.9,USED,False,normalized execution row available
2020-07-13,AXISBANK,valuation,normalized_daily,EQ,443.95,USED,False,normalized execution row available
2020-07-13,AXISBANK,valuation,normalized_daily,EQ,443.95,USED,False,normalized execution row available
2020-07-13,ICICIBANK,valuation,normalized_daily,EQ,364.1,USED,False,normalized execution row available
2020-07-13,ICICIBANK,valuation,normalized_daily,EQ,364.1,USED,False,normalized execution row available
2020-07-13,BAJAJFINSV,valuation,normalized_daily,EQ,6574.0,USED,False,normalized execution row available
2020-07-13,BAJAJFINSV,valuation,normalized_daily,EQ,6574.0,USED,False,normalized execution row available
2020-07-13,MUTHOOTFIN,valuation,normalized_daily,EQ,1090.3,USED,False,normalized execution row available
2020-07-13,MUTHOOTFIN,valuation,normalized_daily,EQ,1090.3,USED,False,normalized execution row available
2020-07-13,CHOLAFIN,valuation,normalized_daily,EQ,210.0,USED,False,normalized execution row available
2020-07-13,CHOLAFIN,valuation,normalized_daily,EQ,210.0,USED,False,normalized execution row available
2020-07-13,ACC,exit,normalized_daily,EQ,1310.25,USED,False,normalized execution row available
2020-07-13,SHREECEM,exit,normalized_daily,EQ,22460.0,USED,False,normalized execution row available
2020-07-13,ULTRACEMCO,exit,normalized_daily,EQ,3820.0,USED,False,normalized execution row available
2020-07-13,AXISBANK,retained_resize,normalized_daily,EQ,443.95,USED,False,normalized execution row available
2020-07-13,BAJAJFINSV,retained_resize,normalized_daily,EQ,6574.0,USED,False,normalized execution row available
2020-07-13,CHOLAFIN,retained_resize,normalized_daily,EQ,210.0,USED,False,normalized execution row available
2020-07-13,HDFCBANK,retained_resize,normalized_daily,EQ,1109.9,USED,False,normalized execution row available
2020-07-13,ICICIBANK,retained_resize,normalized_daily,EQ,364.1,USED,False,normalized execution row available
2020-07-13,MUTHOOTFIN,retained_resize,normalized_daily,EQ,1090.3,USED,False,normalized execution row available
2020-07-13,BHARTIARTL,entry,normalized_daily,EQ,574.5,USED,False,normalized execution row available
2020-07-13,ITI,entry,normalized_daily,EQ,128.0,USED,False,normalized execution row available
2020-07-13,HATHWAY,entry,normalized_daily,EQ,34.1,USED,False,normalized execution row available
2020-07-20,HDFCBANK,valuation,normalized_daily,EQ,1135.0,USED,False,normalized execution row available
2020-07-20,HDFCBANK,valuation,normalized_daily,EQ,1135.0,USED,False,normalized execution row available
2020-07-20,AXISBANK,valuation,normalized_daily,EQ,437.7,USED,False,normalized execution row available
2020-07-20,AXISBANK,valuation,normalized_daily,EQ,437.7,USED,False,normalized execution row available
2020-07-20,ICICIBANK,valuation,normalized_daily,EQ,358.0,USED,False,normalized execution row available
2020-07-20,ICICIBANK,valuation,normalized_daily,EQ,358.0,USED,False,normalized execution row available
2020-07-20,BAJAJFINSV,valuation,normalized_daily,EQ,6400.0,USED,False,normalized execution row available
2020-07-20,BAJAJFINSV,valuation,normalized_daily,EQ,6400.0,USED,False,normalized execution row available
2020-07-20,MUTHOOTFIN,valuation,normalized_daily,EQ,1140.0,USED,False,normalized execution row available
2020-07-20,MUTHOOTFIN,valuation,normalized_daily,EQ,1140.0,USED,False,normalized execution row available
2020-07-20,CHOLAFIN,valuation,normalized_daily,EQ,207.2,USED,False,normalized execution row available
2020-07-20,CHOLAFIN,valuation,normalized_daily,EQ,207.2,USED,False,normalized execution row available
2020-07-20,BHARTIARTL,valuation,normalized_daily,EQ,571.0,USED,False,normalized execution row available
2020-07-20,BHARTIARTL,valuation,normalized_daily,EQ,571.0,USED,False,normalized execution row available
2020-07-20,ITI,valuation,normalized_daily,EQ,126.4,USED,False,normalized execution row available
2020-07-20,ITI,valuation,normalized_daily,EQ,126.4,USED,False,normalized execution row available
2020-07-20,HATHWAY,valuation,normalized_daily,EQ,46.35,USED,False,normalized execution row available
2020-07-20,HATHWAY,valuation,normalized_daily,EQ,46.35,USED,False,normalized execution row available
2020-07-20,AXISBANK,exit,normalized_daily,EQ,437.7,USED,False,normalized execution row available
2020-07-20,HDFCBANK,exit,normalized_daily,EQ,1135.0,USED,False,normalized execution row available
2020-07-20,ICICIBANK,exit,normalized_daily,EQ,358.0,USED,False,normalized execution row available
2020-07-20,BAJAJFINSV,retained_resize,normalized_daily,EQ,6400.0,USED,False,normalized execution row available
2020-07-20,BHARTIARTL,retained_resize,normalized_daily,EQ,571.0,USED,False,normalized execution row available
2020-07-20,CHOLAFIN,retained_resize,normalized_daily,EQ,207.2,USED,False,normalized execution row available
2020-07-20,HATHWAY,retained_resize,normalized_daily,EQ,46.35,USED,False,normalized execution row available
2020-07-20,ITI,retained_resize,normalized_daily,EQ,126.4,USED,False,normalized execution row available
2020-07-20,MUTHOOTFIN,retained_resize,normalized_daily,EQ,1140.0,USED,False,normalized execution row available
2020-07-20,INFY,entry,normalized_daily,EQ,908.5,USED,False,normalized execution row available
2020-07-20,TCS,entry,normalized_daily,EQ,2201.0,USED,False,normalized execution row available
2020-07-20,WIPRO,entry,normalized_daily,EQ,261.35,USED,False,normalized execution row available
2020-07-27,TCS,valuation,normalized_daily,EQ,2165.0,USED,False,normalized execution row available
2020-07-27,TCS,valuation,normalized_daily,EQ,2165.0,USED,False,normalized execution row available
2020-07-27,INFY,valuation,normalized_daily,EQ,921.55,USED,False,normalized execution row available
2020-07-27,INFY,valuation,normalized_daily,EQ,921.55,USED,False,normalized execution row available
2020-07-27,BAJAJFINSV,valuation,normalized_daily,EQ,6279.0,USED,False,normalized execution row available
2020-07-27,BAJAJFINSV,valuation,normalized_daily,EQ,6279.0,USED,False,normalized execution row available
2020-07-27,MUTHOOTFIN,valuation,normalized_daily,EQ,1310.0,USED,False,normalized execution row available
2020-07-27,MUTHOOTFIN,valuation,normalized_daily,EQ,1310.0,USED,False,normalized execution row available
2020-07-27,CHOLAFIN,valuation,normalized_daily,EQ,213.0,USED,False,normalized execution row available
2020-07-27,CHOLAFIN,valuation,normalized_daily,EQ,213.0,USED,False,normalized execution row available
2020-07-27,BHARTIARTL,valuation,normalized_daily,EQ,558.2,USED,False,normalized execution row available
2020-07-27,BHARTIARTL,valuation,normalized_daily,EQ,558.2,USED,False,normalized execution row available
2020-07-27,ITI,valuation,normalized_daily,EQ,136.1,USED,False,normalized execution row available
2020-07-27,ITI,valuation,normalized_daily,EQ,136.1,USED,False,normalized execution row available
2020-07-27,HATHWAY,valuation,raw_provider,BE,46.55,USED,True,normalized row absent; raw provider row available
2020-07-27,HATHWAY,valuation,raw_provider,BE,46.55,USED,True,normalized row absent; raw provider row available
2020-07-27,WIPRO,valuation,normalized_daily,EQ,270.55,USED,False,normalized execution row available
2020-07-27,WIPRO,valuation,normalized_daily,EQ,270.55,USED,False,normalized execution row available
2020-07-27,HATHWAY,exit,raw_provider,BE,46.55,USED,True,normalized row absent; raw provider row available
2020-07-27,BAJAJFINSV,retained_resize,normalized_daily,EQ,6279.0,USED,False,normalized execution row available
2020-07-27,BHARTIARTL,retained_resize,normalized_daily,EQ,558.2,USED,False,normalized execution row available
2020-07-27,CHOLAFIN,retained_resize,normalized_daily,EQ,213.0,USED,False,normalized execution row available
2020-07-27,INFY,retained_resize,normalized_daily,EQ,921.55,USED,False,normalized execution row available
2020-07-27,ITI,retained_resize,normalized_daily,EQ,136.1,USED,False,normalized execution row available
2020-07-27,MUTHOOTFIN,retained_resize,normalized_daily,EQ,1310.0,USED,False,normalized execution row available
2020-07-27,TCS,retained_resize,normalized_daily,EQ,2165.0,USED,False,normalized execution row available
2020-07-27,WIPRO,retained_resize,normalized_daily,EQ,270.55,USED,False,normalized execution row available
2020-07-27,TATACOMM,entry,normalized_daily,EQ,627.3,USED,False,normalized execution row available
