research_label,formation_horizon,future_horizon,offset,minimum_signal_spacing_sessions,spacing_valid,mean_ic,median_ic,ic_std,ic_positive_pct,ic_negative_pct,valid_dates,sector_observations,median_eligible_sector_count,mean_q5_q1_spread,mean_top20_bottom20_spread,mean_top3_bottom3_spread,offset_mean_ic,offset_positive_fraction,offset_mean_q5_q1_spread
STATIC-CURRENT-CLASSIFICATION HISTORICAL RESEARCH,5,1,0,1,True,0.037633411811,0.044721407625,0.228650394501,57.6848874598,42.1864951768,1555,52606,35,0.000813367711,0.000806479976,0.000733823274,0.037633411811,1,0.000813367711
STATIC-CURRENT-CLASSIFICATION HISTORICAL RESEARCH,5,2,0,2,True,0.039022859133,0.036290322581,0.223574728876,56.241956242,43.6293436293,777,26258,35,0.00120784815,0.001200166468,0.000601531709,0.035814358171,1,0.001064101926
STATIC-CURRENT-CLASSIFICATION HISTORICAL RESEARCH,5,2,1,2,True,0.032605857209,0.036293436293,0.222934148473,57.0141570142,42.8571428571,777,26269,35,0.000920355701,0.000946035996,0.001274921537,0.035814358171,1,0.001064101926
STATIC-CURRENT-CLASSIFICATION HISTORICAL RESEARCH,5,3,0,3,True,0.038041287417,0.050953079179,0.213115842893,57.833655706,42.166344294,517,17461,35,0.001305858512,0.001366951018,0.001368812112,0.040541100813,1,0.001325949225
STATIC-CURRENT-CLASSIFICATION HISTORICAL RESEARCH,5,3,1,3,True,0.041170624929,0.047927807487,0.224554709833,56.7567567568,43.2432432432,518,17494,35,0.00133289497,0.00133702265,0.001363853475,0.040541100813,1,0.001325949225
STATIC-CURRENT-CLASSIFICATION HISTORICAL RESEARCH,5,3,2,3,True,0.042411390094,0.051381633735,0.22620898123,60.4247104247,39.5752895753,518,17494,35,0.001339094195,0.001325840595,0.000962819095,0.040541100813,1,0.001325949225
STATIC-CURRENT-CLASSIFICATION HISTORICAL RESEARCH,5,5,0,5,True,0.051730499481,0.050623885918,0.204910322356,62.2580645161,37.7419354839,310,10451,35,0.002747155852,0.002603840167,0.003193308903,0.048899722714,1,0.002387893034
STATIC-CURRENT-CLASSIFICATION HISTORICAL RESEARCH,5,5,1,5,True,0.042255945315,0.043566643567,0.227709760199,58.3870967742,41.6129032258,310,10450,35,0.001691565006,0.001528055864,0.001310329856,0.048899722714,1,0.002387893034
STATIC-CURRENT-CLASSIFICATION HISTORICAL RESEARCH,5,5,2,5,True,0.044816092561,0.034795377037,0.240985092618,56.7741935484,43.2258064516,310,10452,35,0.002197770965,0.002289529936,0.002189597771,0.048899722714,1,0.002387893034
STATIC-CURRENT-CLASSIFICATION HISTORICAL RESEARCH,5,5,3,5,True,0.046624422704,0.056877069009,0.222193488068,60.3225806452,39.6774193548,310,10456,35,0.002448683814,0.002578333224,0.002384401867,0.048899722714,1,0.002387893034
STATIC-CURRENT-CLASSIFICATION HISTORICAL RESEARCH,5,5,4,5,True,0.05907165351,0.054985337243,0.209454607821,58.5209003215,41.4790996785,311,10484,35,0.002854289533,0.002902298278,0.00293985809,0.048899722714,1,0.002387893034
STATIC-CURRENT-CLASSIFICATION HISTORICAL RESEARCH,5,10,0,10,True,0.084278255607,0.093133469604,0.195163601787,66.8831168831,33.1168831169,154,5174,35,0.007125687455,0.007154910578,0.009134281159,0.066257095368,1,0.005106650929
STATIC-CURRENT-CLASSIFICATION HISTORICAL RESEARCH,5,10,1,10,True,0.08159570728,0.101396969044,0.222249501597,66.8831168831,33.1168831169,154,5173,35,0.006996656841,0.007194677804,0.00838706545,0.066257095368,1,0.005106650929
STATIC-CURRENT-CLASSIFICATION HISTORICAL RESEARCH,5,10,2,10,True,0.090004063695,0.114688314688,0.240760496135,66.2337662338,33.7662337662,154,5170,35,0.008177017592,0.00808234365,0.007633851253,0.066257095368,1,0.005106650929
STATIC-CURRENT-CLASSIFICATION HISTORICAL RESEARCH,5,10,3,10,True,0.068413492446,0.07380952381,0.23995459585,64.2857142857,35.7142857143,154,5174,35,0.006582346135,0.006672840749,0.005434016238,0.066257095368,1,0.005106650929
STATIC-CURRENT-CLASSIFICATION HISTORICAL RESEARCH,5,10,4,10,True,0.059936573895,0.049163449163,0.218639440557,56.7741935484,43.2258064516,155,5197,35,0.005448797701,0.005358732245,0.005994743622,0.066257095368,1,0.005106650929
STATIC-CURRENT-CLASSIFICATION HISTORICAL RESEARCH,5,10,5,10,True,0.04032024496,0.027170868347,0.217607315365,55.4838709677,44.5161290323,155,5200,35,0.002977956828,0.002813132424,0.005441135908,0.066257095368,1,0.005106650929
STATIC-CURRENT-CLASSIFICATION HISTORICAL RESEARCH,5,10,6,10,True,0.039987480273,0.041778074866,0.221065495854,59.3548387097,40.6451612903,155,5202,35,0.002433300828,0.001844823555,0.000784978513,0.066257095368,1,0.005106650929
STATIC-CURRENT-CLASSIFICATION HISTORICAL RESEARCH,5,10,7,10,True,0.061682664545,0.060784313725,0.1968987546,60,40,155,5206,35,0.003755910402,0.004177727862,0.005093502868,0.066257095368,1,0.005106650929
STATIC-CURRENT-CLASSIFICATION HISTORICAL RESEARCH,5,10,8,10,True,0.065873241543,0.047361647362,0.169206886156,63.8709677419,36.1290322581,155,5209,35,0.003646197727,0.003800277899,0.005688072497,0.066257095368,1,0.005106650929
STATIC-CURRENT-CLASSIFICATION HISTORICAL RESEARCH,5,10,9,10,True,0.070479229435,0.066946778711,0.182675581725,60,40,155,5211,35,0.003922637783,0.004359053604,0.008120172756,0.066257095368,1,0.005106650929
STATIC-CURRENT-CLASSIFICATION HISTORICAL RESEARCH,5,20,0,20,True,0.071972457873,0.07240139299,0.187374158273,67.1052631579,32.8947368421,76,2539,35,0.00902792402,0.008735910032,0.012486858413,0.080870383272,1,0.008610443772
STATIC-CURRENT-CLASSIFICATION HISTORICAL RESEARCH,5,20,1,20,True,0.083527970046,0.09329004329,0.220423919333,65.7894736842,34.2105263158,76,2538,35,0.00977423608,0.010496436436,0.005979984065,0.080870383272,1,0.008610443772
STATIC-CURRENT-CLASSIFICATION HISTORICAL RESEARCH,5,20,2,20,True,0.098643029481,0.151400560224,0.252628390386,65.7894736842,34.2105263158,76,2537,35,0.011312583053,0.010821901486,0.007926205083,0.080870383272,1,0.008610443772
STATIC-CURRENT-CLASSIFICATION HISTORICAL RESEARCH,5,20,3,20,True,0.079048491745,0.120807868602,0.242634457473,67.1052631579,32.8947368421,76,2541,35,0.007461025515,0.007498962124,0.005603233825,0.080870383272,1,0.008610443772
STATIC-CURRENT-CLASSIFICATION HISTORICAL RESEARCH,5,20,4,20,True,0.07163977776,0.083193277311,0.215597691678,64.9350649351,35.0649350649,77,2563,35,0.008925497163,0.00941797344,0.006776899932,0.080870383272,1,0.008610443772
STATIC-CURRENT-CLASSIFICATION HISTORICAL RESEARCH,5,20,5,20,True,0.040673138161,0.050953079179,0.227411617914,58.4415584416,41.5584415584,77,2565,35,0.002671996333,0.002212889407,0.005862439732,0.080870383272,1,0.008610443772
STATIC-CURRENT-CLASSIFICATION HISTORICAL RESEARCH,5,20,6,20,True,0.047015177177,0.071814671815,0.223212614069,59.7402597403,40.2597402597,77,2566,35,0.003491575309,0.003647706866,-0.001592579921,0.080870383272,1,0.008610443772
STATIC-CURRENT-CLASSIFICATION HISTORICAL RESEARCH,5,20,7,20,True,0.075461085376,0.095798319328,0.216787616581,68.8311688312,31.1688311688,77,2566,35,0.00715435055,0.006975990833,0.010403861931,0.080870383272,1,0.008610443772
STATIC-CURRENT-CLASSIFICATION HISTORICAL RESEARCH,5,20,8,20,True,0.092050471867,0.100806451613,0.194096114376,67.5324675325,32.4675324675,77,2565,35,0.006271324977,0.006652315744,0.014252041039,0.080870383272,1,0.008610443772
STATIC-CURRENT-CLASSIFICATION HISTORICAL RESEARCH,5,20,9,20,True,0.093814016199,0.083655083655,0.200914810078,67.5324675325,32.4675324675,77,2565,35,0.008875443721,0.008711971183,0.015765562215,0.080870383272,1,0.008610443772
STATIC-CURRENT-CLASSIFICATION HISTORICAL RESEARCH,5,20,10,20,True,0.123366971799,0.114028314028,0.187027167054,77.9220779221,22.0779220779,77,2566,35,0.016437327781,0.016326073282,0.019338939102,0.080870383272,1,0.008610443772
STATIC-CURRENT-CLASSIFICATION HISTORICAL RESEARCH,5,20,11,20,True,0.107160750437,0.097554697555,0.204343241099,68.8311688312,31.1688311688,77,2566,35,0.013963956693,0.013457209393,0.022850366989,0.080870383272,1,0.008610443772
STATIC-CURRENT-CLASSIFICATION HISTORICAL RESEARCH,5,20,12,20,True,0.089612547342,0.101539589443,0.213710735562,64.9350649351,35.0649350649,77,2567,35,0.01336198857,0.012994247518,0.012464919907,0.080870383272,1,0.008610443772
STATIC-CURRENT-CLASSIFICATION HISTORICAL RESEARCH,5,20,13,20,True,0.08428780581,0.078991596639,0.214707345102,64.9350649351,35.0649350649,77,2567,35,0.012516184421,0.012344295734,0.008945557726,0.080870383272,1,0.008610443772
STATIC-CURRENT-CLASSIFICATION HISTORICAL RESEARCH,5,20,14,20,True,0.094682326573,0.095848595849,0.205843112069,70.1298701299,28.5714285714,77,2569,35,0.009258508664,0.008522907206,0.012743733163,0.080870383272,1,0.008610443772
STATIC-CURRENT-CLASSIFICATION HISTORICAL RESEARCH,5,20,15,20,True,0.101100956941,0.116568914956,0.234435876956,66.2337662338,33.7662337662,77,2570,35,0.00940916542,0.008441055713,0.00975420962,0.080870383272,1,0.008610443772
STATIC-CURRENT-CLASSIFICATION HISTORICAL RESEARCH,5,20,16,20,True,0.060348829504,0.073949579832,0.2463808283,58.4415584416,41.5584415584,77,2570,35,0.006037018072,0.005244377313,0.003985963829,0.080870383272,1,0.008610443772
STATIC-CURRENT-CLASSIFICATION HISTORICAL RESEARCH,5,20,17,20,True,0.058916936327,0.054341736695,0.227186975239,61.038961039,38.961038961,77,2574,35,0.003802216148,0.003830838882,0.004997118709,0.080870383272,1,0.008610443772
STATIC-CURRENT-CLASSIFICATION HISTORICAL RESEARCH,5,20,18,20,True,0.073661769286,0.079271708683,0.21833989721,62.3376623377,37.6623376623,77,2574,35,0.006746559638,0.006252687212,0.009240188175,0.080870383272,1,0.008610443772
STATIC-CURRENT-CLASSIFICATION HISTORICAL RESEARCH,5,20,19,20,True,0.070423155735,0.086936592819,0.196490436979,63.6363636364,36.3636363636,77,2577,35,0.005709993309,0.006442149371,0.011720134834,0.080870383272,1,0.008610443772
STATIC-CURRENT-CLASSIFICATION HISTORICAL RESEARCH,10,1,0,1,True,0.037329157471,0.041036414566,0.228445555802,58.1935483871,41.7419354839,1550,52215,35,0.000767766455,0.000735190429,0.000977260572,0.037329157471,1,0.000767766455
STATIC-CURRENT-CLASSIFICATION HISTORICAL RESEARCH,10,2,0,2,True,0.044753496621,0.044658944659,0.222091440319,59.6899224806,40.3100775194,774,26055,35,0.001476831992,0.001394967229,0.001523132381,0.042170775079,1,0.001429003417
STATIC-CURRENT-CLASSIFICATION HISTORICAL RESEARCH,10,2,1,2,True,0.039588053537,0.05179526356,0.228217635025,59.2258064516,40.7741935484,775,26083,35,0.001381174841,0.001330985698,0.001696971871,0.042170775079,1,0.001429003417
STATIC-CURRENT-CLASSIFICATION HISTORICAL RESEARCH,10,3,0,3,True,0.045782392217,0.052559949112,0.218624678329,60.4651162791,39.5348837209,516,17353,35,0.001757052306,0.001733709799,0.002055391618,0.050334892717,1,0.001949572377
STATIC-CURRENT-CLASSIFICATION HISTORICAL RESEARCH,10,3,1,3,True,0.051901279109,0.064244436778,0.223208833226,62.4031007752,37.5968992248,516,17354,35,0.002202454495,0.002175804577,0.00221657481,0.050334892717,1,0.001949572377
STATIC-CURRENT-CLASSIFICATION HISTORICAL RESEARCH,10,3,2,3,True,0.053321006823,0.067226890756,0.231127663294,62.7906976744,37.015503876,516,17356,35,0.00188921033,0.001769731377,0.002714174545,0.050334892717,1,0.001949572377
STATIC-CURRENT-CLASSIFICATION HISTORICAL RESEARCH,10,5,0,5,True,0.062164376738,0.064615384615,0.226502731426,64.4012944984,35.5987055016,309,10374,35,0.003425133917,0.003438864111,0.003391648521,0.061505388459,1,0.003377432176
STATIC-CURRENT-CLASSIFICATION HISTORICAL RESEARCH,10,5,1,5,True,0.058140764296,0.090756302521,0.220218122446,64.4012944984,35.5987055016,309,10375,35,0.003100657858,0.002994970411,0.003273316782,0.061505388459,1,0.003377432176
STATIC-CURRENT-CLASSIFICATION HISTORICAL RESEARCH,10,5,2,5,True,0.0642166161,0.092406692407,0.226624457398,66.0194174757,33.9805825243,309,10376,35,0.003358636186,0.003150693388,0.004934828995,0.061505388459,1,0.003377432176
STATIC-CURRENT-CLASSIFICATION HISTORICAL RESEARCH,10,5,3,5,True,0.060419823363,0.053846153846,0.205904704719,64.4012944984,35.5987055016,309,10383,35,0.003450493732,0.003373605185,0.003811424722,0.061505388459,1,0.003377432176
STATIC-CURRENT-CLASSIFICATION HISTORICAL RESEARCH,10,5,4,5,True,0.062585361798,0.067547596858,0.2229002376,59.3548387097,40.6451612903,310,10408,35,0.003552239185,0.003337840506,0.004247274981,0.061505388459,1,0.003377432176
STATIC-CURRENT-CLASSIFICATION HISTORICAL RESEARCH,10,10,0,10,True,0.093977067908,0.102105614973,0.208967810493,67.5324675325,32.4675324675,154,5148,35,0.007704955614,0.007417624147,0.008661721514,0.085989684743,1,0.006645270495
STATIC-CURRENT-CLASSIFICATION HISTORICAL RESEARCH,10,10,1,10,True,0.093706300791,0.090936840937,0.204114283523,70.1298701299,29.8701298701,154,5151,35,0.008100986377,0.00790968358,0.007590837107,0.085989684743,1,0.006645270495
STATIC-CURRENT-CLASSIFICATION HISTORICAL RESEARCH,10,10,2,10,True,0.096266165228,0.116629853522,0.213894441979,66.2337662338,33.7662337662,154,5152,35,0.008259528696,0.007885562171,0.010172271149,0.085989684743,1,0.006645270495
STATIC-CURRENT-CLASSIFICATION HISTORICAL RESEARCH,10,10,3,10,True,0.091084564318,0.072553691565,0.207031345024,67.5324675325,32.4675324675,154,5154,35,0.007046176782,0.006736821977,0.008465123176,0.085989684743,1,0.006645270495
STATIC-CURRENT-CLASSIFICATION HISTORICAL RESEARCH,10,10,4,10,True,0.079999043699,0.066651525475,0.200990487295,63.6363636364,36.3636363636,154,5156,35,0.006410380099,0.00636877564,0.008657971153,0.085989684743,1,0.006645270495
STATIC-CURRENT-CLASSIFICATION HISTORICAL RESEARCH,10,10,5,10,True,0.068530080643,0.096302581229,0.221029712647,64.9350649351,35.0649350649,154,5156,35,0.005953863048,0.006013346246,0.006236429783,0.085989684743,1,0.006645270495
STATIC-CURRENT-CLASSIFICATION HISTORICAL RESEARCH,10,10,6,10,True,0.069975437453,0.073529411765,0.222816453426,62.3376623377,37.6623376623,154,5154,35,0.004984850853,0.00501633021,0.005077059265,0.085989684743,1,0.006645270495
STATIC-CURRENT-CLASSIFICATION HISTORICAL RESEARCH,10,10,7,10,True,0.080376592653,0.09299719888,0.214477109241,64.9350649351,35.0649350649,154,5155,35,0.004905843817,0.004618037451,0.006406489653,0.085989684743,1,0.006645270495
STATIC-CURRENT-CLASSIFICATION HISTORICAL RESEARCH,10,10,8,10,True,0.090725950042,0.101260504202,0.202080582982,64.9350649351,35.0649350649,154,5158,35,0.006311239949,0.006499901686,0.005177822191,0.085989684743,1,0.006645270495
STATIC-CURRENT-CLASSIFICATION HISTORICAL RESEARCH,10,10,9,10,True,0.095255644698,0.115660809778,0.21394480398,69.6774193548,30.3225806452,155,5182,35,0.006774879718,0.006327319499,0.005857962871,0.085989684743,1,0.006645270495
STATIC-CURRENT-CLASSIFICATION HISTORICAL RESEARCH,10,20,0,20,True,0.094728530414,0.07282162766,0.208340362993,69.7368421053,28.9473684211,76,2527,35,0.012547934307,0.012181390139,0.013875550676,0.101083418744,1,0.011021757804
STATIC-CURRENT-CLASSIFICATION HISTORICAL RESEARCH,10,20,1,20,True,0.083525229325,0.095314489432,0.211682179065,63.1578947368,36.8421052632,76,2527,35,0.010127180907,0.00933538113,0.012071981446,0.101083418744,1,0.011021757804
STATIC-CURRENT-CLASSIFICATION HISTORICAL RESEARCH,10,20,2,20,True,0.080232296884,0.125498153807,0.235755546086,63.1578947368,36.8421052632,76,2529,35,0.008655780476,0.007614805761,0.009219182989,0.101083418744,1,0.011021757804
STATIC-CURRENT-CLASSIFICATION HISTORICAL RESEARCH,10,20,3,20,True,0.086928263035,0.096587725999,0.234010024049,64.4736842105,35.5263157895,76,2529,35,0.008445178351,0.007605109451,0.008045681105,0.101083418744,1,0.011021757804
STATIC-CURRENT-CLASSIFICATION HISTORICAL RESEARCH,10,20,4,20,True,0.078916688261,0.069960197903,0.222431089425,63.1578947368,36.8421052632,76,2532,35,0.008793305036,0.008717265562,0.007090401869,0.101083418744,1,0.011021757804
STATIC-CURRENT-CLASSIFICATION HISTORICAL RESEARCH,10,20,5,20,True,0.078312466887,0.110265727913,0.240138920698,69.7368421053,30.2631578947,76,2532,35,0.00859701464,0.008686881199,0.006437143595,0.101083418744,1,0.011021757804
STATIC-CURRENT-CLASSIFICATION HISTORICAL RESEARCH,10,20,6,20,True,0.09311221097,0.153482474071,0.231273921589,64.4736842105,35.5263157895,76,2533,35,0.007419472568,0.007554617982,0.005419930601,0.101083418744,1,0.011021757804
STATIC-CURRENT-CLASSIFICATION HISTORICAL RESEARCH,10,20,7,20,True,0.102419007942,0.147167277167,0.238733222284,67.1052631579,32.8947368421,76,2533,35,0.008036789373,0.007892535334,0.011664558004,0.101083418744,1,0.011021757804
STATIC-CURRENT-CLASSIFICATION HISTORICAL RESEARCH,10,20,8,20,True,0.108242876743,0.100967659791,0.229090460404,73.6842105263,26.3157894737,76,2535,35,0.010314111296,0.010631002112,0.01413927556,0.101083418744,1,0.011021757804
STATIC-CURRENT-CLASSIFICATION HISTORICAL RESEARCH,10,20,9,20,True,0.085530772745,0.121288515406,0.226381284567,72.7272727273,27.2727272727,77,2557,35,0.009939360497,0.009840218375,0.013628430557,0.101083418744,1,0.011021757804
STATIC-CURRENT-CLASSIFICATION HISTORICAL RESEARCH,10,20,10,20,True,0.091128001977,0.135483870968,0.218927604594,70.1298701299,29.8701298701,77,2559,35,0.010076418396,0.00991219518,0.012758050896,0.101083418744,1,0.011021757804
STATIC-CURRENT-CLASSIFICATION HISTORICAL RESEARCH,10,20,11,20,True,0.110653949601,0.139495798319,0.212277078274,67.5324675325,32.4675324675,77,2561,35,0.013869699741,0.013519913313,0.010265679825,0.101083418744,1,0.011021757804
STATIC-CURRENT-CLASSIFICATION HISTORICAL RESEARCH,10,20,12,20,True,0.109096401373,0.099613899614,0.202096815869,75.3246753247,24.6753246753,77,2561,35,0.014590228212,0.014842257068,0.013089077244,0.101083418744,1,0.011021757804
STATIC-CURRENT-CLASSIFICATION HISTORICAL RESEARCH,10,20,13,20,True,0.121542508764,0.146627565982,0.178171085558,77.9220779221,22.0779220779,77,2560,35,0.014682392911,0.014006352002,0.017464604405,0.101083418744,1,0.011021757804
STATIC-CURRENT-CLASSIFICATION HISTORICAL RESEARCH,10,20,14,20,True,0.124458589989,0.124929971989,0.182636785375,76.6233766234,23.3766233766,77,2561,35,0.01452114162,0.014481732295,0.017159835031,0.101083418744,1,0.011021757804
STATIC-CURRENT-CLASSIFICATION HISTORICAL RESEARCH,10,20,15,20,True,0.133637359049,0.12268907563,0.219340023078,74.025974026,25.974025974,77,2562,35,0.014611391473,0.014426369888,0.017203102448,0.101083418744,1,0.011021757804
STATIC-CURRENT-CLASSIFICATION HISTORICAL RESEARCH,10,20,16,20,True,0.113897421236,0.116310160428,0.229323195246,75.3246753247,24.6753246753,77,2559,35,0.011342712407,0.011831442263,0.014365555762,0.101083418744,1,0.011021757804
STATIC-CURRENT-CLASSIFICATION HISTORICAL RESEARCH,10,20,17,20,True,0.102857519748,0.131932773109,0.229063327219,72.7272727273,27.2727272727,77,2561,35,0.00953954554,0.009129708352,0.012219660595,0.101083418744,1,0.011021757804
STATIC-CURRENT-CLASSIFICATION HISTORICAL RESEARCH,10,20,18,20,True,0.109423636676,0.095238095238,0.213651788766,70.1298701299,29.8701298701,77,2561,35,0.013010829761,0.012181742959,0.012814666983,0.101083418744,1,0.011021757804
STATIC-CURRENT-CLASSIFICATION HISTORICAL RESEARCH,10,20,19,20,True,0.113024643251,0.113445378151,0.226632974286,72.7272727273,27.2727272727,77,2562,35,0.011314668562,0.010352991583,0.010650492892,0.101083418744,1,0.011021757804
STATIC-CURRENT-CLASSIFICATION HISTORICAL RESEARCH,20,1,0,1,True,0.047107373385,0.054831932773,0.229966064149,59.025974026,40.9090909091,1540,51498,35,0.001008695139,0.000974661171,0.001171310291,0.047107373385,1,0.001008695139
STATIC-CURRENT-CLASSIFICATION HISTORICAL RESEARCH,20,2,0,2,True,0.055657596769,0.061879297173,0.225825030381,61.8985695709,38.1014304291,769,25703,35,0.001829433305,0.001776151768,0.002059671096,0.055656526488,1,0.001868888091
STATIC-CURRENT-CLASSIFICATION HISTORICAL RESEARCH,20,2,1,2,True,0.055655456207,0.066717596129,0.234134515746,60.2597402597,39.7402597403,770,25731,35,0.001908342878,0.001909060085,0.001681210626,0.055656526488,1,0.001868888091
STATIC-CURRENT-CLASSIFICATION HISTORICAL RESEARCH,20,3,0,3,True,0.062579349608,0.075210084034,0.225122859179,62.109375,37.5,512,17101,35,0.002422365852,0.002371708847,0.002366125179,0.065432021216,1,0.002667279477
STATIC-CURRENT-CLASSIFICATION HISTORICAL RESEARCH,20,3,1,3,True,0.066611170584,0.087114845938,0.231380211353,63.7426900585,36.2573099415,513,17135,35,0.002875353519,0.002882808885,0.00275401895,0.065432021216,1,0.002667279477
STATIC-CURRENT-CLASSIFICATION HISTORICAL RESEARCH,20,3,2,3,True,0.067105543457,0.089075630252,0.230355150013,62.3781676413,37.6218323587,513,17134,35,0.00270411906,0.002713884353,0.002851960078,0.065432021216,1,0.002667279477
STATIC-CURRENT-CLASSIFICATION HISTORICAL RESEARCH,20,5,0,5,True,0.076848201627,0.093951093951,0.23015255282,64.1693811075,35.8306188925,307,10240,35,0.004261088577,0.004061825568,0.004978058882,0.075995225139,1,0.004127445923
STATIC-CURRENT-CLASSIFICATION HISTORICAL RESEARCH,20,5,1,5,True,0.073887414475,0.089565217391,0.238543742762,64.8208469055,35.1791530945,307,10240,35,0.004071404844,0.003871825737,0.002990178431,0.075995225139,1,0.004127445923
STATIC-CURRENT-CLASSIFICATION HISTORICAL RESEARCH,20,5,2,5,True,0.072926948896,0.097198879552,0.234016860649,62.5407166124,37.4592833876,307,10244,35,0.003936494496,0.003819812891,0.003976339249,0.075995225139,1,0.004127445923
STATIC-CURRENT-CLASSIFICATION HISTORICAL RESEARCH,20,5,3,5,True,0.077024874672,0.089516129032,0.220774538339,66.1237785016,33.8762214984,307,10247,35,0.004027406912,0.004139871337,0.004160842103,0.075995225139,1,0.004127445923
STATIC-CURRENT-CLASSIFICATION HISTORICAL RESEARCH,20,5,4,5,True,0.079288686024,0.086415461624,0.216076110206,63.3116883117,36.6883116883,308,10274,35,0.004340834787,0.004384161421,0.003457653337,0.075995225139,1,0.004127445923
STATIC-CURRENT-CLASSIFICATION HISTORICAL RESEARCH,20,10,0,10,True,0.095800144379,0.103785103785,0.210957813912,65.3594771242,34.6405228758,153,5086,35,0.006720246259,0.006486339612,0.007548559312,0.097367865422,1,0.007338877193
STATIC-CURRENT-CLASSIFICATION HISTORICAL RESEARCH,20,10,1,10,True,0.098602671563,0.102564102564,0.228177759872,69.9346405229,30.0653594771,153,5088,35,0.008187863688,0.007604136379,0.006061549028,0.097367865422,1,0.007338877193
STATIC-CURRENT-CLASSIFICATION HISTORICAL RESEARCH,20,10,2,10,True,0.097898806285,0.111764705882,0.228433637044,72.5490196078,27.4509803922,153,5090,35,0.006742774878,0.006147310365,0.007914784187,0.097367865422,1,0.007338877193
STATIC-CURRENT-CLASSIFICATION HISTORICAL RESEARCH,20,10,3,10,True,0.104124793458,0.126610644258,0.226408468443,67.9738562092,32.0261437908,153,5089,35,0.007818658206,0.007839999164,0.007300405391,0.097367865422,1,0.007338877193
STATIC-CURRENT-CLASSIFICATION HISTORICAL RESEARCH,20,10,4,10,True,0.098024518004,0.096525096525,0.224556226296,67.9738562092,32.0261437908,153,5093,35,0.008232314968,0.007733942473,0.006836247565,0.097367865422,1,0.007338877193
STATIC-CURRENT-CLASSIFICATION HISTORICAL RESEARCH,20,10,5,10,True,0.096589758061,0.116246498599,0.240330088275,67.9738562092,32.0261437908,153,5094,35,0.007797954114,0.007209193898,0.009591979365,0.097367865422,1,0.007338877193
STATIC-CURRENT-CLASSIFICATION HISTORICAL RESEARCH,20,10,6,10,True,0.086271685818,0.09314516129,0.226275143962,66.6666666667,33.3333333333,153,5092,35,0.007150141936,0.006839253005,0.0061515018,0.097367865422,1,0.007338877193
STATIC-CURRENT-CLASSIFICATION HISTORICAL RESEARCH,20,10,7,10,True,0.090646472688,0.094117647059,0.22093655378,64.0522875817,35.9477124183,153,5094,35,0.006727661962,0.006835668196,0.006954790248,0.097367865422,1,0.007338877193
STATIC-CURRENT-CLASSIFICATION HISTORICAL RESEARCH,20,10,8,10,True,0.103536090506,0.10756302521,0.212322010672,69.9346405229,30.0653594771,153,5096,35,0.006934945191,0.006825330816,0.008726933121,0.097367865422,1,0.007338877193
STATIC-CURRENT-CLASSIFICATION HISTORICAL RESEARCH,20,10,9,10,True,0.102183713462,0.108186954143,0.20849626399,67.5324675325,32.4675324675,154,5119,35,0.007076210732,0.007294556384,0.005767228115,0.097367865422,1,0.007338877193
STATIC-CURRENT-CLASSIFICATION HISTORICAL RESEARCH,20,20,0,20,True,0.12450514183,0.119023471458,0.213620588057,73.6842105263,26.3157894737,76,2515,35,0.011149239286,0.010977632865,0.01196921635,0.112572804379,1,0.011573898055
STATIC-CURRENT-CLASSIFICATION HISTORICAL RESEARCH,20,20,1,20,True,0.120401406244,0.118487394958,0.209922582452,72.3684210526,27.6315789474,76,2514,35,0.012991097854,0.012613309184,0.004362706024,0.112572804379,1,0.011573898055
STATIC-CURRENT-CLASSIFICATION HISTORICAL RESEARCH,20,20,2,20,True,0.106565139636,0.124009955889,0.215030389418,71.0526315789,28.9473684211,76,2513,35,0.010885826619,0.010546043814,0.010388378172,0.112572804379,1,0.011573898055
STATIC-CURRENT-CLASSIFICATION HISTORICAL RESEARCH,20,20,3,20,True,0.122878634212,0.125105042017,0.210061781518,69.7368421053,30.2631578947,76,2513,35,0.011891751154,0.012116393106,0.010869136501,0.112572804379,1,0.011573898055
STATIC-CURRENT-CLASSIFICATION HISTORICAL RESEARCH,20,20,4,20,True,0.124672503416,0.169136745607,0.220962886379,71.0526315789,28.9473684211,76,2514,35,0.011821692101,0.011411431886,0.010272971057,0.112572804379,1,0.011573898055
STATIC-CURRENT-CLASSIFICATION HISTORICAL RESEARCH,20,20,5,20,True,0.12196010084,0.171754838299,0.22496234624,69.7368421053,30.2631578947,76,2514,35,0.014338985324,0.01332434526,0.016249162941,0.112572804379,1,0.011573898055
STATIC-CURRENT-CLASSIFICATION HISTORICAL RESEARCH,20,20,6,20,True,0.110552729312,0.139340601105,0.218360343597,68.4210526316,31.5789473684,76,2514,35,0.013515336174,0.013002534671,0.00827222657,0.112572804379,1,0.011573898055
STATIC-CURRENT-CLASSIFICATION HISTORICAL RESEARCH,20,20,7,20,True,0.117436674896,0.157398937399,0.221882686349,69.7368421053,30.2631578947,76,2515,35,0.012413721861,0.012802999124,0.01034233778,0.112572804379,1,0.011573898055
STATIC-CURRENT-CLASSIFICATION HISTORICAL RESEARCH,20,20,8,20,True,0.114990560811,0.146562261268,0.214298968726,72.3684210526,27.6315789474,76,2514,35,0.012634650664,0.01275688575,0.01065997885,0.112572804379,1,0.011573898055
STATIC-CURRENT-CLASSIFICATION HISTORICAL RESEARCH,20,20,9,20,True,0.106909461743,0.127799227799,0.234931404975,75,25,76,2515,35,0.012291670396,0.012576942187,0.011162403417,0.112572804379,1,0.011573898055
STATIC-CURRENT-CLASSIFICATION HISTORICAL RESEARCH,20,20,10,20,True,0.105331661444,0.133976833977,0.229460160688,69.7368421053,30.2631578947,76,2516,35,0.01274753774,0.012360347878,0.01145484745,0.112572804379,1,0.011573898055
STATIC-CURRENT-CLASSIFICATION HISTORICAL RESEARCH,20,20,11,20,True,0.112973051674,0.147160682455,0.252337420439,65.7894736842,34.2105263158,76,2518,35,0.014252863219,0.013406887953,0.015426209939,0.112572804379,1,0.011573898055
STATIC-CURRENT-CLASSIFICATION HISTORICAL RESEARCH,20,20,12,20,True,0.094643677639,0.08135037006,0.249465422246,68.4210526316,31.5789473684,76,2520,35,0.011027332734,0.009618854113,0.012638887359,0.112572804379,1,0.011573898055
STATIC-CURRENT-CLASSIFICATION HISTORICAL RESEARCH,20,20,13,20,True,0.102799689387,0.131156098803,0.245663131884,67.1052631579,32.8947368421,76,2519,35,0.011959386929,0.01187321075,0.012531920487,0.112572804379,1,0.011573898055
STATIC-CURRENT-CLASSIFICATION HISTORICAL RESEARCH,20,20,14,20,True,0.105648057453,0.125070028011,0.25045573999,68.4210526316,31.5789473684,76,2523,35,0.011474963605,0.010601510905,0.013277923569,0.112572804379,1,0.011573898055
STATIC-CURRENT-CLASSIFICATION HISTORICAL RESEARCH,20,20,15,20,True,0.112393020066,0.156568461392,0.256021022273,69.7368421053,30.2631578947,76,2523,35,0.009175323773,0.008814489065,0.014103724593,0.112572804379,1,0.011573898055
STATIC-CURRENT-CLASSIFICATION HISTORICAL RESEARCH,20,20,16,20,True,0.098252547745,0.12452058536,0.252156565161,63.1578947368,36.8421052632,76,2522,35,0.007673078115,0.008034776588,0.009651047903,0.112572804379,1,0.011573898055
STATIC-CURRENT-CLASSIFICATION HISTORICAL RESEARCH,20,20,17,20,True,0.108375321659,0.156167761877,0.246389201144,69.7368421053,30.2631578947,76,2523,35,0.009206883594,0.008824813908,0.011579706303,0.112572804379,1,0.011573898055
STATIC-CURRENT-CLASSIFICATION HISTORICAL RESEARCH,20,20,18,20,True,0.117696086287,0.11913197097,0.236791829407,71.0526315789,28.9473684211,76,2526,35,0.009912038187,0.009165447103,0.01155393475,0.112572804379,1,0.011573898055
STATIC-CURRENT-CLASSIFICATION HISTORICAL RESEARCH,20,20,19,20,True,0.122470621279,0.13081232493,0.225459424534,75.3246753247,24.6753246753,77,2548,35,0.010114581777,0.011101604377,0.00931218583,0.112572804379,1,0.011573898055
STATIC-CURRENT-CLASSIFICATION HISTORICAL RESEARCH,40,1,0,1,True,0.040038645663,0.051058377897,0.239552522719,58.5526315789,41.3157894737,1520,50325,35,0.000862074648,0.000810175293,0.000930637441,0.040038645663,1,0.000862074648
STATIC-CURRENT-CLASSIFICATION HISTORICAL RESEARCH,40,2,0,2,True,0.048921141501,0.049299719888,0.238507600705,59.1567852437,40.7114624506,759,25123,35,0.001628605304,0.001509369431,0.001457863385,0.048116315179,1,0.00150884347
STATIC-CURRENT-CLASSIFICATION HISTORICAL RESEARCH,40,2,1,2,True,0.047311488857,0.054931892112,0.238724985211,59.3421052632,40.5263157895,760,25148,35,0.001389081636,0.001375499659,0.001689942024,0.048116315179,1,0.00150884347
STATIC-CURRENT-CLASSIFICATION HISTORICAL RESEARCH,40,3,0,3,True,0.057265905607,0.065161064426,0.233285292392,60.2766798419,39.7233201581,506,16740,35,0.002290424834,0.002117856374,0.002241215057,0.056445982418,1,0.002168187032
STATIC-CURRENT-CLASSIFICATION HISTORICAL RESEARCH,40,3,1,3,True,0.053285017501,0.064845938375,0.248950970646,58.8932806324,41.1067193676,506,16740,35,0.001972901104,0.001882734133,0.002277708784,0.056445982418,1,0.002168187032
STATIC-CURRENT-CLASSIFICATION HISTORICAL RESEARCH,40,3,2,3,True,0.058787024146,0.07731092437,0.239413127513,61.2648221344,38.5375494071,506,16737,35,0.002241235159,0.002270299656,0.002116877107,0.056445982418,1,0.002168187032
STATIC-CURRENT-CLASSIFICATION HISTORICAL RESEARCH,40,5,0,5,True,0.068413329283,0.092914438503,0.249286589725,58.0858085809,41.9141914191,303,10014,35,0.00328226245,0.003365977278,0.00362544233,0.06867644861,1,0.003509401564
STATIC-CURRENT-CLASSIFICATION HISTORICAL RESEARCH,40,5,1,5,True,0.067498128261,0.082072829132,0.248464587568,61.7161716172,38.2838283828,303,10014,35,0.003621493065,0.003403074349,0.002601488448,0.06867644861,1,0.003509401564
STATIC-CURRENT-CLASSIFICATION HISTORICAL RESEARCH,40,5,2,5,True,0.070552632198,0.084033613445,0.240585725815,66.99669967,32.6732673267,303,10017,35,0.003673216831,0.003651008369,0.002673082029,0.06867644861,1,0.003509401564
STATIC-CURRENT-CLASSIFICATION HISTORICAL RESEARCH,40,5,3,5,True,0.067479244716,0.087955182073,0.226884862711,65.0165016502,34.9834983498,303,10018,35,0.003735981441,0.003403714902,0.004079298962,0.06867644861,1,0.003509401564
STATIC-CURRENT-CLASSIFICATION HISTORICAL RESEARCH,40,5,4,5,True,0.069438908592,0.073440973441,0.245081145023,60.8552631579,38.8157894737,304,10046,35,0.003234054034,0.003428618635,0.003993368022,0.06867644861,1,0.003509401564
STATIC-CURRENT-CLASSIFICATION HISTORICAL RESEARCH,40,10,0,10,True,0.092698980818,0.081201334816,0.232044694359,65.5629139073,34.4370860927,151,4977,35,0.006298540184,0.006046492554,0.006818143379,0.088702448395,1,0.006479819288
STATIC-CURRENT-CLASSIFICATION HISTORICAL RESEARCH,40,10,1,10,True,0.091204002571,0.106162464986,0.230345492813,68.8741721854,31.1258278146,151,4978,35,0.007334200576,0.007009041849,0.006802938416,0.088702448395,1,0.006479819288
STATIC-CURRENT-CLASSIFICATION HISTORICAL RESEARCH,40,10,2,10,True,0.096175770905,0.121772345302,0.235240938971,68.2119205298,31.7880794702,151,4980,35,0.008599327044,0.008281906172,0.007300100525,0.088702448395,1,0.006479819288
STATIC-CURRENT-CLASSIFICATION HISTORICAL RESEARCH,40,10,3,10,True,0.096758629056,0.09943977591,0.225636781892,63.5761589404,36.4238410596,151,4979,35,0.007189955092,0.006888819243,0.008249095999,0.088702448395,1,0.006479819288
STATIC-CURRENT-CLASSIFICATION HISTORICAL RESEARCH,40,10,4,10,True,0.086839222486,0.094941348974,0.238526199279,67.5496688742,32.4503311258,151,4984,35,0.006646344233,0.006369528005,0.007131418167,0.088702448395,1,0.006479819288
STATIC-CURRENT-CLASSIFICATION HISTORICAL RESEARCH,40,10,5,10,True,0.087108521168,0.095798319328,0.250208739598,66.2251655629,33.7748344371,151,4984,35,0.005744665199,0.005713514396,0.008334408871,0.088702448395,1,0.006479819288
STATIC-CURRENT-CLASSIFICATION HISTORICAL RESEARCH,40,10,6,10,True,0.078706209202,0.088547008547,0.254238669435,60.2649006623,39.7350993377,151,4984,35,0.005921357331,0.005681281419,0.005303561078,0.088702448395,1,0.006479819288
STATIC-CURRENT-CLASSIFICATION HISTORICAL RESEARCH,40,10,7,10,True,0.080352458369,0.088765294772,0.240183821748,61.5894039735,38.4105960265,151,4985,35,0.005698053065,0.005544603347,0.005706630207,0.088702448395,1,0.006479819288
STATIC-CURRENT-CLASSIFICATION HISTORICAL RESEARCH,40,10,8,10,True,0.088057360516,0.099719887955,0.226221262934,62.2516556291,37.0860927152,151,4987,35,0.006134214642,0.005912252259,0.007447996084,0.088702448395,1,0.006479819288
STATIC-CURRENT-CLASSIFICATION HISTORICAL RESEARCH,40,10,9,10,True,0.08912332886,0.082536151279,0.233530900909,66.4473684211,33.5526315789,152,5010,35,0.005231535515,0.005833221846,0.007077687371,0.088702448395,1,0.006479819288
STATIC-CURRENT-CLASSIFICATION HISTORICAL RESEARCH,40,20,0,20,True,0.122670137422,0.121288515406,0.245430573968,69.3333333333,30.6666666667,75,2464,35,0.010857045298,0.011421814003,0.013511353268,0.104709211159,1,0.010634663869
STATIC-CURRENT-CLASSIFICATION HISTORICAL RESEARCH,40,20,1,20,True,0.115029515228,0.135997067449,0.222112314569,70.6666666667,29.3333333333,75,2464,34,0.011340579609,0.010892826585,0.009210882098,0.104709211159,1,0.010634663869
STATIC-CURRENT-CLASSIFICATION HISTORICAL RESEARCH,40,20,2,20,True,0.103899382819,0.128176171654,0.21727946405,74.6666666667,25.3333333333,75,2463,35,0.013355206892,0.013302483456,0.009225265481,0.104709211159,1,0.010634663869
STATIC-CURRENT-CLASSIFICATION HISTORICAL RESEARCH,40,20,3,20,True,0.110801422121,0.107282913165,0.214734243635,74.6666666667,25.3333333333,75,2463,35,0.010936299127,0.011559572852,0.008271395733,0.104709211159,1,0.010634663869
STATIC-CURRENT-CLASSIFICATION HISTORICAL RESEARCH,40,20,4,20,True,0.114273401185,0.163865546218,0.234327732726,77.3333333333,22.6666666667,75,2464,35,0.010947119283,0.010221101436,0.011329923325,0.104709211159,1,0.010634663869
STATIC-CURRENT-CLASSIFICATION HISTORICAL RESEARCH,40,20,5,20,True,0.114275902099,0.143492769744,0.239224274115,76,24,75,2464,34,0.010429679759,0.010365421923,0.017213482503,0.104709211159,1,0.010634663869
STATIC-CURRENT-CLASSIFICATION HISTORICAL RESEARCH,40,20,6,20,True,0.104454102811,0.092921492921,0.230639548387,68,32,75,2464,35,0.010574076192,0.010774899792,0.012352242392,0.104709211159,1,0.010634663869
STATIC-CURRENT-CLASSIFICATION HISTORICAL RESEARCH,40,20,7,20,True,0.110373645526,0.119911012236,0.23165761878,69.3333333333,30.6666666667,75,2463,35,0.010137301008,0.01058665281,0.014824916133,0.104709211159,1,0.010634663869
STATIC-CURRENT-CLASSIFICATION HISTORICAL RESEARCH,40,20,8,20,True,0.107515690884,0.104048892284,0.226013470367,69.3333333333,30.6666666667,75,2462,35,0.010248202039,0.010710703598,0.013741542378,0.104709211159,1,0.010634663869
STATIC-CURRENT-CLASSIFICATION HISTORICAL RESEARCH,40,20,9,20,True,0.092227306608,0.116310160428,0.234269552926,68,32,75,2463,35,0.009249903842,0.009758922473,0.016200407903,0.104709211159,1,0.010634663869
STATIC-CURRENT-CLASSIFICATION HISTORICAL RESEARCH,40,20,10,20,True,0.091901044124,0.086290322581,0.225428946082,68,32,75,2463,35,0.009512706869,0.008353711481,0.015329695614,0.104709211159,1,0.010634663869
STATIC-CURRENT-CLASSIFICATION HISTORICAL RESEARCH,40,20,11,20,True,0.095491160438,0.083269671505,0.232568497891,65.3333333333,34.6666666667,75,2465,35,0.010560387607,0.010515633907,0.01566662597,0.104709211159,1,0.010634663869
STATIC-CURRENT-CLASSIFICATION HISTORICAL RESEARCH,40,20,12,20,True,0.098789504634,0.109854851031,0.22693773627,68,32,75,2467,35,0.012064151176,0.011286121632,0.017327791167,0.104709211159,1,0.010634663869
STATIC-CURRENT-CLASSIFICATION HISTORICAL RESEARCH,40,20,13,20,True,0.099399830866,0.110080645161,0.213547675014,68,32,75,2467,35,0.012541768105,0.012073527559,0.019000856729,0.104709211159,1,0.010634663869
STATIC-CURRENT-CLASSIFICATION HISTORICAL RESEARCH,40,20,14,20,True,0.096801815477,0.145658263305,0.211065812919,70.6666666667,29.3333333333,75,2471,35,0.01127695337,0.010964472662,0.017039044629,0.104709211159,1,0.010634663869
STATIC-CURRENT-CLASSIFICATION HISTORICAL RESEARCH,40,20,15,20,True,0.107509747918,0.129971988796,0.22959733675,66.6666666667,33.3333333333,75,2472,35,0.010852750237,0.011363123532,0.017446899959,0.104709211159,1,0.010634663869
STATIC-CURRENT-CLASSIFICATION HISTORICAL RESEARCH,40,20,16,20,True,0.094837721859,0.106442577031,0.233268536579,65.3333333333,34.6666666667,75,2471,35,0.010251080707,0.009201157402,0.010431529792,0.104709211159,1,0.010634663869
STATIC-CURRENT-CLASSIFICATION HISTORICAL RESEARCH,40,20,17,20,True,0.095771253188,0.109243697479,0.231018281715,68,32,75,2471,35,0.007931335339,0.008368587257,0.009725621881,0.104709211159,1,0.010634663869
STATIC-CURRENT-CLASSIFICATION HISTORICAL RESEARCH,40,20,18,20,True,0.110585133197,0.10056022409,0.234356541192,69.3333333333,30.6666666667,75,2474,35,0.010117913745,0.010229105936,0.010961642352,0.104709211159,1,0.010634663869
STATIC-CURRENT-CLASSIFICATION HISTORICAL RESEARCH,40,20,19,20,True,0.107576504774,0.115216809334,0.252706999433,67.1052631579,32.8947368421,76,2496,34.5,0.009508817172,0.010586438215,0.0111355887,0.104709211159,1,0.010634663869
STATIC-CURRENT-CLASSIFICATION HISTORICAL RESEARCH,60,1,0,1,True,0.03935281909,0.046913428128,0.242325810547,57.2666666667,42.6666666667,1500,49303,34,0.000707822775,0.000695599921,0.000918474795,0.03935281909,1,0.000707822775
STATIC-CURRENT-CLASSIFICATION HISTORICAL RESEARCH,60,2,0,2,True,0.04557743804,0.041514041514,0.242658749432,56.2082777036,43.6582109479,749,24615,34,0.001329735798,0.001326164347,0.001945822332,0.046239749464,1,0.001286234951
STATIC-CURRENT-CLASSIFICATION HISTORICAL RESEARCH,60,2,1,2,True,0.046902060888,0.055400884694,0.242671134012,57.8666666667,42.1333333333,750,24640,34,0.001242734103,0.001232518044,0.001478883935,0.046239749464,1,0.001286234951
STATIC-CURRENT-CLASSIFICATION HISTORICAL RESEARCH,60,3,0,3,True,0.054837204166,0.054615384615,0.237509301377,60.9218436874,39.0781563126,499,16392,34,0.001794860917,0.001914216459,0.002532890606,0.052911761634,1,0.001842533744
STATIC-CURRENT-CLASSIFICATION HISTORICAL RESEARCH,60,3,1,3,True,0.052758203472,0.050140056022,0.248797402366,58.3166332665,41.6833667335,499,16393,34,0.001960873067,0.001818782861,0.002862635665,0.052911761634,1,0.001842533744
STATIC-CURRENT-CLASSIFICATION HISTORICAL RESEARCH,60,3,2,3,True,0.051139877264,0.051858146434,0.244938439597,58.6,41.4,500,16422,34,0.001771867247,0.001814087562,0.002380641763,0.052911761634,1,0.001842533744
STATIC-CURRENT-CLASSIFICATION HISTORICAL RESEARCH,60,5,0,5,True,0.058720870059,0.063416422287,0.243190337849,59.8662207358,40.1337792642,299,9815,34,0.003165988411,0.003054955973,0.004079321232,0.06190900843,1,0.003089219706
STATIC-CURRENT-CLASSIFICATION HISTORICAL RESEARCH,60,5,1,5,True,0.065790837996,0.074972191324,0.245440723401,61.2040133779,38.7959866221,299,9816,34,0.003044804222,0.003021909564,0.004967033724,0.06190900843,1,0.003089219706
STATIC-CURRENT-CLASSIFICATION HISTORICAL RESEARCH,60,5,2,5,True,0.063215164861,0.066409266409,0.239096402853,63.5451505017,36.4548494983,299,9816,34,0.003001288508,0.002981100176,0.004508014797,0.06190900843,1,0.003089219706
STATIC-CURRENT-CLASSIFICATION HISTORICAL RESEARCH,60,5,3,5,True,0.061587735296,0.074527252503,0.229443155423,62.5418060201,37.4581939799,299,9818,34,0.003087430931,0.002766086554,0.004632983882,0.06190900843,1,0.003089219706
STATIC-CURRENT-CLASSIFICATION HISTORICAL RESEARCH,60,5,4,5,True,0.060230433937,0.067040679908,0.240531629117,61.3333333333,38.6666666667,300,9846,34,0.003146586456,0.003249282409,0.003668113044,0.06190900843,1,0.003089219706
STATIC-CURRENT-CLASSIFICATION HISTORICAL RESEARCH,60,10,0,10,True,0.087740538229,0.085811965812,0.208403595381,66.4429530201,33.5570469799,149,4879,34,0.006223087213,0.006319481173,0.00639415543,0.080408895387,1,0.00605571564
STATIC-CURRENT-CLASSIFICATION HISTORICAL RESEARCH,60,10,1,10,True,0.088864134731,0.101909854851,0.222703235811,65.1006711409,34.8993288591,149,4882,34,0.006873092528,0.006615427254,0.00777983497,0.080408895387,1,0.00605571564
STATIC-CURRENT-CLASSIFICATION HISTORICAL RESEARCH,60,10,2,10,True,0.081422885583,0.091282051282,0.227522668803,65.7718120805,34.2281879195,149,4883,34,0.00633409885,0.006345740799,0.007909248858,0.080408895387,1,0.00605571564
STATIC-CURRENT-CLASSIFICATION HISTORICAL RESEARCH,60,10,3,10,True,0.089985928034,0.097478991597,0.216694357876,65.1006711409,34.8993288591,149,4883,34,0.006211824795,0.005589417328,0.007383707447,0.080408895387,1,0.00605571564
STATIC-CURRENT-CLASSIFICATION HISTORICAL RESEARCH,60,10,4,10,True,0.087168276644,0.087547746371,0.2301845755,68.4563758389,31.5436241611,149,4887,34,0.006706105165,0.006325672825,0.007307507816,0.080408895387,1,0.00605571564
STATIC-CURRENT-CLASSIFICATION HISTORICAL RESEARCH,60,10,5,10,True,0.076139090773,0.076086956522,0.240146299195,64.4295302013,35.5704697987,149,4888,34,0.006272996301,0.005944078414,0.008929882434,0.080408895387,1,0.00605571564
STATIC-CURRENT-CLASSIFICATION HISTORICAL RESEARCH,60,10,6,10,True,0.072141783833,0.057422969188,0.240209170335,63.7583892617,36.2416107383,149,4888,34,0.005327402854,0.00502501388,0.008304643432,0.080408895387,1,0.00605571564
STATIC-CURRENT-CLASSIFICATION HISTORICAL RESEARCH,60,10,7,10,True,0.065532353287,0.044766997708,0.229083296497,55.033557047,44.966442953,149,4887,34,0.005126195744,0.004904307263,0.006641824634,0.080408895387,1,0.00605571564
STATIC-CURRENT-CLASSIFICATION HISTORICAL RESEARCH,60,10,8,10,True,0.074575594818,0.085714285714,0.222730864354,61.0738255034,38.9261744966,149,4889,34,0.005973204905,0.005513477716,0.007686599125,0.080408895387,1,0.00605571564
STATIC-CURRENT-CLASSIFICATION HISTORICAL RESEARCH,60,10,9,10,True,0.080518367936,0.069202816262,0.218343297754,58,42,150,4912,34,0.005509148045,0.005882721563,0.006313306955,0.080408895387,1,0.00605571564
STATIC-CURRENT-CLASSIFICATION HISTORICAL RESEARCH,60,20,0,20,True,0.117916835664,0.112179265477,0.215261173861,72.972972973,27.027027027,74,2417,34,0.012144559906,0.01240490302,0.013295621626,0.101853408401,1,0.011463145353
STATIC-CURRENT-CLASSIFICATION HISTORICAL RESEARCH,60,20,1,20,True,0.11278722069,0.124751718869,0.211782609128,70.2702702703,29.7297297297,74,2418,34,0.011901971019,0.01206436732,0.011478248376,0.101853408401,1,0.011463145353
STATIC-CURRENT-CLASSIFICATION HISTORICAL RESEARCH,60,20,2,20,True,0.101606973069,0.123037624141,0.218625992589,72.972972973,27.027027027,74,2417,34,0.011870866641,0.011630278582,0.009218874981,0.101853408401,1,0.011463145353
STATIC-CURRENT-CLASSIFICATION HISTORICAL RESEARCH,60,20,3,20,True,0.112868557675,0.113865546218,0.208186078769,72.972972973,27.027027027,74,2417,34,0.011215905375,0.01149351752,0.011158312689,0.101853408401,1,0.011463145353
STATIC-CURRENT-CLASSIFICATION HISTORICAL RESEARCH,60,20,4,20,True,0.117559622878,0.146697953375,0.221107517134,72.972972973,27.027027027,74,2418,34,0.013147474224,0.012548608497,0.012698300582,0.101853408401,1,0.011463145353
STATIC-CURRENT-CLASSIFICATION HISTORICAL RESEARCH,60,20,5,20,True,0.112721257232,0.125543164986,0.221264599981,75.6756756757,24.3243243243,74,2418,34,0.013366827791,0.012866547959,0.014891544815,0.101853408401,1,0.011463145353
STATIC-CURRENT-CLASSIFICATION HISTORICAL RESEARCH,60,20,6,20,True,0.109927118204,0.106272141782,0.220246836808,68.9189189189,31.0810810811,74,2418,34,0.013071964487,0.012910678129,0.014890689236,0.101853408401,1,0.011463145353
STATIC-CURRENT-CLASSIFICATION HISTORICAL RESEARCH,60,20,7,20,True,0.101265252999,0.109570837133,0.223053019047,72.972972973,27.027027027,74,2417,34,0.012245860863,0.012292021725,0.012982034897,0.101853408401,1,0.011463145353
STATIC-CURRENT-CLASSIFICATION HISTORICAL RESEARCH,60,20,8,20,True,0.102701176785,0.105920550038,0.221276601881,77.027027027,22.972972973,74,2416,34,0.012897848538,0.011597224818,0.016661385722,0.101853408401,1,0.011463145353
STATIC-CURRENT-CLASSIFICATION HISTORICAL RESEARCH,60,20,9,20,True,0.097185854623,0.092577030812,0.239816576547,67.5675675676,32.4324324324,74,2417,34,0.0123769255,0.012736522364,0.010141055514,0.101853408401,1,0.011463145353
STATIC-CURRENT-CLASSIFICATION HISTORICAL RESEARCH,60,20,10,20,True,0.100641607707,0.077868324749,0.22836907992,71.6216216216,28.3783783784,74,2416,34,0.011984310765,0.011805990942,0.012555641731,0.101853408401,1,0.011463145353
STATIC-CURRENT-CLASSIFICATION HISTORICAL RESEARCH,60,20,11,20,True,0.098139206594,0.113865546218,0.231642007093,66.2162162162,33.7837837838,74,2418,34,0.011317872956,0.011033579706,0.013568079624,0.101853408401,1,0.011463145353
STATIC-CURRENT-CLASSIFICATION HISTORICAL RESEARCH,60,20,12,20,True,0.088446096959,0.108852639296,0.220932417395,67.5675675676,32.4324324324,74,2420,34,0.00995875876,0.009618010642,0.014330495979,0.101853408401,1,0.011463145353
STATIC-CURRENT-CLASSIFICATION HISTORICAL RESEARCH,60,20,13,20,True,0.098085840402,0.11465495289,0.220829730112,68.9189189189,31.0810810811,74,2420,34,0.011037744771,0.009264101471,0.014252812722,0.101853408401,1,0.011463145353
STATIC-CURRENT-CLASSIFICATION HISTORICAL RESEARCH,60,20,14,20,True,0.099469737837,0.133753501401,0.218568425119,70.2702702703,29.7297297297,74,2423,34,0.00992375553,0.009127678789,0.011686852326,0.101853408401,1,0.011463145353
STATIC-CURRENT-CLASSIFICATION HISTORICAL RESEARCH,60,20,15,20,True,0.093754204553,0.126471717719,0.223882320261,70.2702702703,29.7297297297,74,2424,34,0.008933962745,0.008187852963,0.012189189102,0.101853408401,1,0.011463145353
STATIC-CURRENT-CLASSIFICATION HISTORICAL RESEARCH,60,20,16,20,True,0.084471996067,0.07113710349,0.223676472628,67.5675675676,32.4324324324,74,2424,34,0.009091539773,0.007907726531,0.013024012489,0.101853408401,1,0.011463145353
STATIC-CURRENT-CLASSIFICATION HISTORICAL RESEARCH,60,20,17,20,True,0.084138556343,0.069970524361,0.233021947766,62.1621621622,37.8378378378,74,2424,34,0.01009387049,0.009267301681,0.009208334749,0.101853408401,1,0.011463145353
STATIC-CURRENT-CLASSIFICATION HISTORICAL RESEARCH,60,20,18,20,True,0.095051255566,0.092729295176,0.220828168205,68.9189189189,31.0810810811,74,2427,34,0.011622311497,0.010339122022,0.010759910012,0.101853408401,1,0.011463145353
STATIC-CURRENT-CLASSIFICATION HISTORICAL RESEARCH,60,20,19,20,True,0.108329796173,0.096358543417,0.229268587804,70.6666666667,29.3333333333,75,2449,34,0.01105857542,0.011088130763,0.013259827129,0.101853408401,1,0.011463145353
