research_label,formation_horizon,future_horizon,mean_ic,median_ic,ic_std,ic_positive_pct,ic_negative_pct,valid_dates,sector_observations,median_eligible_sector_count,mean_q5_q1_spread,mean_top20_bottom20_spread,mean_top3_bottom3_spread
STATIC-CURRENT-CLASSIFICATION HISTORICAL RESEARCH,5,1,0.037633411811,0.044721407625,0.228650394501,57.6848874598,42.1864951768,1555,52606,35,0.000813367711,0.000806479976,0.000733823274
STATIC-CURRENT-CLASSIFICATION HISTORICAL RESEARCH,5,2,0.035814358171,0.036291879437,0.22320585488,56.6280566281,43.2432432432,1554,52527,35,0.001064101926,0.001073101232,0.000938226623
STATIC-CURRENT-CLASSIFICATION HISTORICAL RESEARCH,5,3,0.040542710481,0.050953079179,0.221239921944,58.3386992917,41.6613007083,1553,52449,35,0.001325962162,0.001343256174,0.001231740022
STATIC-CURRENT-CLASSIFICATION HISTORICAL RESEARCH,5,5,0.048906281019,0.049656226127,0.22121639826,59.2520954223,40.7479045777,1551,52293,35,0.002388193741,0.002380747978,0.002403845112
STATIC-CURRENT-CLASSIFICATION HISTORICAL RESEARCH,5,10,0.066218762161,0.067953667954,0.211573145224,61.9663648124,38.0336351876,1546,51916,35,0.005101181909,0.005140340158,0.006167362825
STATIC-CURRENT-CLASSIFICATION HISTORICAL RESEARCH,5,20,0.080864061387,0.091019061584,0.216773569026,65.5598958333,34.375,1536,51245,35,0.008608403412,0.008448955095,0.009980428303
STATIC-CURRENT-CLASSIFICATION HISTORICAL RESEARCH,10,1,0.037329157471,0.041036414566,0.228445555802,58.1935483871,41.7419354839,1550,52215,35,0.000767766455,0.000735190429,0.000977260572
STATIC-CURRENT-CLASSIFICATION HISTORICAL RESEARCH,10,2,0.042169107732,0.048391248391,0.225119434334,59.4577146546,40.5422853454,1549,52138,35,0.00142897254,0.001362955811,0.001610108239
STATIC-CURRENT-CLASSIFICATION HISTORICAL RESEARCH,10,3,0.050334892717,0.062929545282,0.224258615233,61.8863049096,38.0490956072,1548,52063,35,0.001949572377,0.001893081918,0.002328713658
STATIC-CURRENT-CLASSIFICATION HISTORICAL RESEARCH,10,5,0.061506087019,0.075742116461,0.220288211147,63.7128072445,36.2871927555,1546,51916,35,0.003377545246,0.003259245591,0.003931902924
STATIC-CURRENT-CLASSIFICATION HISTORICAL RESEARCH,10,10,0.085995697696,0.090964590965,0.210676999085,66.1907852044,33.8092147956,1541,51566,35,0.006645354603,0.00647924161,0.007229478192
STATIC-CURRENT-CLASSIFICATION HISTORICAL RESEARCH,10,20,0.101150912668,0.118437118437,0.219269386396,70.2155453952,29.7191378184,1531,50941,35,0.011032377695,0.010747917852,0.01199210758
STATIC-CURRENT-CLASSIFICATION HISTORICAL RESEARCH,20,1,0.047107373385,0.054831932773,0.229966064149,59.025974026,40.9090909091,1540,51498,35,0.001008695139,0.000974661171,0.001171310291
STATIC-CURRENT-CLASSIFICATION HISTORICAL RESEARCH,20,2,0.055656525793,0.062745098039,0.229945210746,61.0786224821,38.9213775179,1539,51434,35,0.001868913728,0.001842649107,0.001870317904
STATIC-CURRENT-CLASSIFICATION HISTORICAL RESEARCH,20,3,0.065433876009,0.084751849458,0.228831581341,62.7438231469,37.1261378414,1538,51370,35,0.002667438719,0.00265631896,0.002657557434
STATIC-CURRENT-CLASSIFICATION HISTORICAL RESEARCH,20,5,0.075997369319,0.089626000598,0.227771363804,64.1927083333,35.8072916667,1536,51245,35,0.004127584848,0.004055713363,0.003912318202
STATIC-CURRENT-CLASSIFICATION HISTORICAL RESEARCH,20,10,0.09737101098,0.1081232493,0.222278601516,67.9947746571,32.0052253429,1531,50941,35,0.007338705628,0.007081712143,0.007284406194
STATIC-CURRENT-CLASSIFICATION HISTORICAL RESEARCH,20,20,0.112579311819,0.136363636364,0.230643581089,70.0854700855,29.9145299145,1521,50379,35,0.01157293861,0.011296394873,0.011302635786
STATIC-CURRENT-CLASSIFICATION HISTORICAL RESEARCH,40,1,0.040038645663,0.051058377897,0.239552522719,58.5526315789,41.3157894737,1520,50325,35,0.000862074648,0.000810175293,0.000930637441
STATIC-CURRENT-CLASSIFICATION HISTORICAL RESEARCH,40,2,0.048115785339,0.052711993888,0.238539139398,59.2495062541,40.6188281764,1519,50271,35,0.001508764627,0.00144239048,0.001573979097
STATIC-CURRENT-CLASSIFICATION HISTORICAL RESEARCH,40,3,0.056445982418,0.068042611928,0.240488660011,60.1449275362,39.7891963109,1518,50217,35,0.002168187032,0.002090296721,0.002211933649
STATIC-CURRENT-CLASSIFICATION HISTORICAL RESEARCH,40,5,0.068676951552,0.083107663128,0.241883728837,62.5329815303,37.3350923483,1516,50109,35,0.003509219937,0.003450464287,0.003394930966
STATIC-CURRENT-CLASSIFICATION HISTORICAL RESEARCH,40,10,0.088702726939,0.095238095238,0.236147990143,65.0562541363,34.8775645268,1511,49848,35,0.006478993157,0.006327738615,0.007017238042
STATIC-CURRENT-CLASSIFICATION HISTORICAL RESEARCH,40,20,0.104711121415,0.115406162465,0.228248186893,69.6868754164,30.3131245836,1501,49351,35,0.010633913804,0.010626787026,0.013495761952
STATIC-CURRENT-CLASSIFICATION HISTORICAL RESEARCH,60,1,0.03935281909,0.046913428128,0.242325810547,57.2666666667,42.6666666667,1500,49303,34,0.000707822775,0.000695599921,0.000918474795
STATIC-CURRENT-CLASSIFICATION HISTORICAL RESEARCH,60,2,0.046240191299,0.049859943978,0.24258484084,57.0380253502,42.895263509,1499,49255,34,0.001286205931,0.001279309959,0.001712197383
STATIC-CURRENT-CLASSIFICATION HISTORICAL RESEARCH,60,3,0.0529105788,0.052626666502,0.243635955067,59.2790387183,40.7209612817,1498,49207,34,0.00184248657,0.001849005636,0.00259191488
STATIC-CURRENT-CLASSIFICATION HISTORICAL RESEARCH,60,5,0.061907886388,0.06862745098,0.23929594203,61.6978609626,38.3021390374,1496,49111,34,0.003089258052,0.003014823764,0.004370623429
STATIC-CURRENT-CLASSIFICATION HISTORICAL RESEARCH,60,10,0.080408968809,0.082633053221,0.225249426934,63.313212609,36.686787391,1491,48878,34,0.006055349062,0.005846558092,0.007464298632
STATIC-CURRENT-CLASSIFICATION HISTORICAL RESEARCH,60,20,0.101857781384,0.108365508366,0.221483350326,70.4253882512,29.5746117488,1481,48418,34,0.011462872179,0.011009261562,0.012612998262
