research_label,formation_horizon,future_horizon,largest_positive_ic_change,largest_positive_ic_change_sector,largest_negative_ic_change,largest_negative_ic_change_sector,largest_absolute_spread_change,largest_spread_influence_sector
STATIC-CURRENT-CLASSIFICATION HISTORICAL RESEARCH,5,1,0.002434093332,paper,-0.002631576823,healthcare,9.6737164e-05,paper
STATIC-CURRENT-CLASSIFICATION HISTORICAL RESEARCH,5,2,0.003365129958,trading,-0.003699742465,healthcare,-0.000160604194,software
STATIC-CURRENT-CLASSIFICATION HISTORICAL RESEARCH,5,3,0.004032919403,trading,-0.003900841369,healthcare,0.000183881064,alcohol
STATIC-CURRENT-CLASSIFICATION HISTORICAL RESEARCH,5,5,0.004417585351,trading,-0.003994951476,healthcare,-0.000291559452,software
STATIC-CURRENT-CLASSIFICATION HISTORICAL RESEARCH,5,10,0.005541588745,media_entertainment,-0.004197249201,electricals,0.000799382079,media_entertainment
STATIC-CURRENT-CLASSIFICATION HISTORICAL RESEARCH,5,20,0.006263198318,media_entertainment,-0.006071460528,electricals,0.000972698296,media_entertainment
STATIC-CURRENT-CLASSIFICATION HISTORICAL RESEARCH,10,1,0.002629549038,media_entertainment,-0.002008307259,software,-9.2387202e-05,software
STATIC-CURRENT-CLASSIFICATION HISTORICAL RESEARCH,10,2,0.003732413002,media_entertainment,-0.002807338292,healthcare,-0.000173212058,software
STATIC-CURRENT-CLASSIFICATION HISTORICAL RESEARCH,10,3,0.005154048982,media_entertainment,-0.003288380805,healthcare,-0.000249622528,software
STATIC-CURRENT-CLASSIFICATION HISTORICAL RESEARCH,10,5,0.00668142683,media_entertainment,-0.00440289736,electricals,-0.000381448361,software
STATIC-CURRENT-CLASSIFICATION HISTORICAL RESEARCH,10,10,0.009120380469,media_entertainment,-0.006996087555,electricals,0.000860692779,media_entertainment
STATIC-CURRENT-CLASSIFICATION HISTORICAL RESEARCH,10,20,0.009179094663,media_entertainment,-0.00843778686,electricals,0.001056947561,media_entertainment
STATIC-CURRENT-CLASSIFICATION HISTORICAL RESEARCH,20,1,0.003234111084,media_entertainment,-0.002777323785,electricals,0.00012243804,media_entertainment
STATIC-CURRENT-CLASSIFICATION HISTORICAL RESEARCH,20,2,0.00487632972,media_entertainment,-0.003220304251,electricals,0.000257249208,media_entertainment
STATIC-CURRENT-CLASSIFICATION HISTORICAL RESEARCH,20,3,0.005619441743,media_entertainment,-0.003917050259,electricals,0.000376855475,media_entertainment
STATIC-CURRENT-CLASSIFICATION HISTORICAL RESEARCH,20,5,0.00713233437,media_entertainment,-0.005727930598,electricals,0.000615895272,media_entertainment
STATIC-CURRENT-CLASSIFICATION HISTORICAL RESEARCH,20,10,0.008450117869,media_entertainment,-0.007648735837,electricals,0.000960348843,media_entertainment
STATIC-CURRENT-CLASSIFICATION HISTORICAL RESEARCH,20,20,0.009804133471,alcohol,-0.008073158857,electricals,0.001134746746,alcohol
STATIC-CURRENT-CLASSIFICATION HISTORICAL RESEARCH,40,1,0.002667507556,trading,-0.003541976436,capGoods,-0.000125350049,oil_gas
STATIC-CURRENT-CLASSIFICATION HISTORICAL RESEARCH,40,2,0.00357020983,alcohol,-0.003823290048,capGoods,-0.000172714614,metals_Mining
STATIC-CURRENT-CLASSIFICATION HISTORICAL RESEARCH,40,3,0.004783769842,alcohol,-0.004669514802,capGoods,-0.000209348278,agriculture
STATIC-CURRENT-CLASSIFICATION HISTORICAL RESEARCH,40,5,0.005685152117,alcohol,-0.005780676668,capGoods,-0.00031754224,agriculture
STATIC-CURRENT-CLASSIFICATION HISTORICAL RESEARCH,40,10,0.00731284235,alcohol,-0.007268355541,capGoods,-0.000620507536,electricals
STATIC-CURRENT-CLASSIFICATION HISTORICAL RESEARCH,40,20,0.008818692192,trading,-0.009105996898,capGoods,0.001069539196,alcohol
STATIC-CURRENT-CLASSIFICATION HISTORICAL RESEARCH,60,1,0.002620763745,trading,-0.003579582204,capGoods,-7.5205853e-05,electricals
STATIC-CURRENT-CLASSIFICATION HISTORICAL RESEARCH,60,2,0.004136174317,trading,-0.00400033699,capGoods,0.000153636639,trading
STATIC-CURRENT-CLASSIFICATION HISTORICAL RESEARCH,60,3,0.005133781736,trading,-0.004571758573,capGoods,0.000245070552,trading
STATIC-CURRENT-CLASSIFICATION HISTORICAL RESEARCH,60,5,0.00632094361,trading,-0.005616374588,capGoods,0.000311316874,trading
STATIC-CURRENT-CLASSIFICATION HISTORICAL RESEARCH,60,10,0.007093773527,trading,-0.00668576849,capGoods,-0.000578657088,software
STATIC-CURRENT-CLASSIFICATION HISTORICAL RESEARCH,60,20,0.007537051193,trading,-0.008766961497,capGoods,-0.001206401737,software
