symbol,date,previous_date,overnight_change,close_change,previous_close,open,close
ACC,2024-06-04,2024-06-03,-0.007848508968402501,-0.15591507320955889,2701.15,2679.95,2280.0
ADANIENSOL,2020-03-12,2020-03-11,-0.07906403940886708,-0.1933497536945813,203.0,186.95,163.75
ADANIENSOL,2023-01-27,2023-01-25,-0.05269892515453356,-0.20697665262411902,2539.9,2406.05,2014.2
ADANIENSOL,2023-01-30,2023-01-27,-0.11875682653162545,-0.152343362128885,2014.2,1775.0,1707.35
ADANIENSOL,2023-11-28,2023-11-24,0.02046384720327432,0.19358799454297415,733.0,748.0,874.9
ADANIENSOL,2023-12-05,2023-12-04,-0.0022099447513812542,0.19823204419889517,905.0,903.0,1084.4
ADANIENSOL,2024-06-04,2024-06-03,-0.005908720456397676,-0.20325998370008147,1227.0,1219.75,977.6
ADANIENSOL,2024-11-21,2024-11-19,-0.1981023576768257,-0.1981023576768257,869.5,697.25,697.25
ADANIENT,2020-03-12,2020-03-11,-0.06480985538296735,-0.16282806641671121,186.7,174.6,156.3
ADANIENT,2020-08-25,2020-08-24,0.012013256006627948,0.204225352112676,241.4,244.3,290.7
ADANIENT,2023-01-27,2023-01-25,-0.020568901275332507,-0.18766471782133232,3301.1,3233.2,2681.6
ADANIENT,2023-02-01,2023-01-31,0.015955213435969284,-0.26077676696990915,2858.0,2903.6,2112.7
ADANIENT,2023-02-02,2023-02-01,0.07786245089222321,-0.2817248071188526,2112.7,2277.2,1517.5
ADANIENT,2023-02-07,2023-02-06,0.01162327311370892,0.16817215727948986,1505.6,1523.1,1758.8
ADANIENT,2023-02-08,2023-02-07,0.030702751876279244,0.22100295656129187,1758.8,1812.8,2147.5
ADANIENT,2023-02-28,2023-02-27,-0.03612051749587575,0.1549014500303898,1151.7,1110.1,1330.1
ADANIENT,2023-03-01,2023-02-28,0.03789188782798303,0.1508909104578604,1330.1,1380.5,1530.8
ADANIENT,2023-03-03,2023-03-02,0.06352711919454368,0.1797986359207535,1539.5,1637.3,1816.3
ADANIENT,2023-05-22,2023-05-19,0.028663429054053946,0.19679054054054035,1894.4,1948.7,2267.2
ADANIENT,2023-12-05,2023-12-04,0.003270645952575535,0.17796402289452184,2446.0,2454.0,2881.3
ADANIENT,2024-06-04,2024-06-03,-0.038650064792382754,-0.19432080680601727,3549.8,3412.6,2860.0
ADANIENT,2024-11-21,2024-11-19,-0.09906316328771125,-0.23409939251994427,2732.6,2461.9,2092.9
ADANIGREEN,2022-04-11,2022-04-08,0.03205128205128216,0.19068376068376058,2340.0,2415.0,2786.2
ADANIGREEN,2022-07-11,2022-07-08,0.0,0.1592389887933281,1918.5,1918.5,2224.0
ADANIGREEN,2023-01-27,2023-01-25,-0.04914529914529919,-0.20606303418803418,1872.0,1780.0,1486.25
ADANIGREEN,2023-01-30,2023-01-27,-0.10849453322119429,-0.19999999999999996,1486.25,1325.0,1189.0
ADANIGREEN,2023-12-05,2023-12-04,0.001022358536693968,0.19882651020136022,1124.85,1126.0,1348.5
ADANIGREEN,2023-12-06,2023-12-05,0.09343715239154626,0.16796440489432696,1348.5,1474.5,1575.0
ADANIGREEN,2024-06-04,2024-06-03,-0.006339183004136273,-0.19624544141762723,2042.85,2029.9,1641.95
ADANIGREEN,2024-11-21,2024-11-19,-0.17969026235768326,-0.19029771586167876,1414.1,1160.0,1145.0
ADANIGREEN,2024-11-29,2024-11-28,0.05684326710816778,0.21412803532008828,1087.2,1149.0,1320.0
ADANIPORTS,2020-03-23,2020-03-20,-0.07915360501567392,-0.15752351097178685,255.2,235.0,215.0
ADANIPORTS,2023-01-27,2023-01-25,-0.021693491952414323,-0.15325402379286213,714.5,699.0,605.0
ADANIPORTS,2023-02-01,2023-01-31,0.021671826625387025,-0.17875183314322962,613.7,627.0,504.0
ADANIPORTS,2023-12-05,2023-12-04,0.006031637646523258,0.15283942187322164,878.7,884.0,1013.0
ADANIPORTS,2024-06-04,2024-06-03,-0.020741671904462633,-0.21750471401634186,1591.0,1558.0,1244.95
ADANIPOWER,2020-03-12,2020-03-11,-0.06748466257668717,-0.26993865030674846,8.15,7.6,5.95
ADANIPOWER,2020-05-19,2020-05-18,0.024390243902439046,0.1707317073170731,6.15,6.3,7.2
ADANIPOWER,2020-12-03,2020-12-02,0.027624309392265234,0.19889502762430933,9.05,9.3,10.85
ADANIPOWER,2021-06-07,2021-06-04,0.06382978723404253,0.20094562647754133,21.15,22.5,25.4
ADANIPOWER,2021-06-08,2021-06-07,0.0551181102362206,0.19881889763779537,25.4,26.8,30.45
ADANIPOWER,2023-12-05,2023-12-04,-0.0037654653039269625,0.15330823023130713,92.95,92.6,107.2
ADANIPOWER,2024-06-03,2024-05-31,0.14624505928853737,0.15546772068511183,151.8,174.0,175.4
ADANIPOWER,2024-06-04,2024-06-03,-0.004561003420752607,-0.17901938426453823,175.4,174.6,144.0
ADANIPOWER,2024-11-21,2024-11-19,-0.1578947368421053,-0.09330143540669855,104.5,88.0,94.75
ADANIPOWER,2024-11-27,2024-11-26,-0.004558404558404616,0.19715099715099704,87.75,87.35,105.05
ADANIPOWER,2025-01-14,2025-01-13,0.016574585635359185,0.192817679558011,90.5,92.0,107.95
ADANIPOWER,2025-09-22,2025-09-19,0.034916201117318524,0.18889664804469275,143.2,148.2,170.25
AMBUJACEM,2023-01-27,2023-01-25,-0.014433433864713408,-0.17384747953468327,464.2,457.5,383.5
AMBUJACEM,2023-02-01,2023-01-31,0.015636634400595817,-0.16852817076197568,402.9,409.2,335.0
AMBUJACEM,2024-06-04,2024-06-03,-0.004747774480712286,-0.16639465875370918,674.0,670.8,561.85
APOLLOHOSP,2020-03-20,2020-03-19,0.006979695431472033,0.15228426395939088,1182.0,1190.25,1362.0
ASHOKLEY,2020-03-19,2020-03-18,-0.11784511784511786,-0.28282828282828276,29.7,26.2,21.3
ASHOKLEY,2020-03-23,2020-03-20,-0.1071428571428572,-0.2142857142857143,19.6,17.5,15.4
ASHOKLEY,2020-03-26,2020-03-25,0.03741496598639471,0.3333333333333335,14.7,15.25,19.6
ASHOKLEY,2020-08-13,2020-08-12,-0.020408163265306145,0.15918367346938767,24.5,24.0,28.4
AXISBANK,2020-03-23,2020-03-20,-0.09201225259189438,-0.2695570216776625,424.4,385.35,310.0
AXISBANK,2020-04-07,2020-04-03,0.06271030896298568,0.1960844294891404,326.9,347.4,391.0
BAJAJFINSV,2020-03-23,2020-03-20,-0.09745559289486316,-0.2766842694831173,624.9,564.0,452.0
BAJAJHLDNG,2020-03-23,2020-03-20,-0.09677419354838712,-0.2149892473118279,2325.0,2100.0,1825.15
BAJAJHLDNG,2020-03-24,2020-03-23,0.04238007834972457,-0.16500013697504323,1825.15,1902.5,1524.0
BAJAJHLDNG,2024-12-30,2024-12-27,0.003409817432691531,0.15170135682318664,11261.6,11300.0,12970.0
BAJFINANCE,2020-03-23,2020-03-20,-0.09830508474576272,-0.22711864406779658,295.0,266.0,228.0
BANKBARODA,2020-03-12,2020-03-11,-0.05637707948243997,-0.15064695009242146,54.1,51.05,45.95
BANKBARODA,2020-03-13,2020-03-12,-0.1142546245919478,0.1947769314472252,45.95,40.7,54.9
BANKBARODA,2020-03-23,2020-03-20,-0.10268714011516322,-0.17562380038387715,52.1,46.75,42.95
BANKBARODA,2024-06-04,2024-06-03,-0.015162721893490994,-0.16050295857988162,270.4,266.3,227.0
BEL,2024-06-04,2024-06-03,-0.024390243902439046,-0.19496560350218894,319.8,312.0,257.45
BPCL,2020-03-23,2020-03-20,-0.12311015118790503,-0.16306695464362853,138.9,121.8,116.25
CANBK,2020-03-12,2020-03-11,-0.07588805166846058,-0.17384284176533904,18.58,17.17,15.35
CANBK,2020-03-23,2020-03-20,-0.05305574210879793,-0.23572867696440558,14.89,14.1,11.38
CANBK,2020-05-13,2020-05-12,0.046861924686192546,0.15564853556485359,11.95,12.51,13.81
CANBK,2020-12-08,2020-12-07,0.01002638522427457,0.22216358839050132,18.95,19.14,23.16
CGPOWER,2023-11-22,2023-11-21,-0.000384812724474215,0.20407901487942537,389.8,389.65,469.35
CHOLAFIN,2020-03-23,2020-03-20,-0.09793814432989689,-0.2989690721649485,194.0,175.0,136.0
CHOLAFIN,2020-04-09,2020-04-08,0.03281461434370758,0.15426251691474957,147.8,152.65,170.6
CHOLAFIN,2020-05-18,2020-05-15,-0.0023434884499496933,-0.1503180448610646,149.35,149.0,126.9
COALINDIA,2020-03-19,2020-03-18,-0.11576994434137289,-0.15102040816326523,134.75,119.15,114.4
COFORGE,2020-03-23,2020-03-20,-0.0964912280701754,-0.24561403508771928,228.0,206.0,172.0
COFORGE,2020-03-24,2020-03-23,0.061046511627907085,0.2558139534883721,172.0,182.5,216.0
COFORGE,2020-03-25,2020-03-24,-0.08796296296296291,0.1782407407407407,216.0,197.0,254.5
COFORGE,2020-05-06,2020-05-05,0.029166666666666563,0.1791666666666667,240.0,247.0,283.0
COFORGE,2021-05-06,2021-05-05,0.0060606060606061,0.17316017316017307,577.5,581.0,677.5
CUMMINSIND,2020-04-08,2020-04-07,0.0035087719298245723,0.15473684210526328,285.0,286.0,329.1
DIXON,2023-01-27,2023-01-25,-0.0669642857142857,-0.18766369047619058,3360.0,3135.0,2729.45
EICHERMOT,2020-03-23,2020-03-20,-0.08882539682539692,-0.1514603174603174,1575.0,1435.1,1336.45
ETERNAL,2022-01-24,2022-01-21,0.0,-0.20219298245614037,114.0,114.0,90.95
ETERNAL,2022-05-24,2022-05-23,0.021145374449339283,0.1524229074889869,56.75,57.95,65.4
ETERNAL,2022-08-02,2022-08-01,0.07526881720430101,0.19462365591397845,46.5,50.0,55.55
GAIL,2020-03-20,2020-03-19,0.023286237571951807,0.17608581894296194,38.22,39.11,44.95
GAIL,2024-06-04,2024-06-03,0.001721170395869276,-0.1589058938456529,214.97,215.34,180.81
GODREJCP,2021-05-12,2021-05-11,0.10181818181818181,0.21685314685314672,715.0,787.8,870.05
GRASIM,2020-03-23,2020-03-20,-0.11451791651274479,-0.1980051717768747,541.4,479.4,434.2
GRASIM,2020-04-07,2020-04-03,0.05495235984932423,0.154110347883891,451.3,476.1,520.85
HAL,2020-03-23,2020-03-20,-0.17543859649122806,-0.11578947368421055,285.0,235.0,252.0
HAL,2020-08-13,2020-08-12,0.0053859964093356805,0.18132854578096946,557.0,560.0,658.0
HAL,2024-06-04,2024-06-03,-0.02694115310783074,-0.17256900774475403,5287.45,5145.0,4375.0
HDFCAMC,2020-03-12,2020-03-11,-0.03717921376270705,-0.15618113314850357,1406.7,1354.4,1187.0
HDFCAMC,2024-06-04,2024-06-03,-0.009413908290312745,-0.15553193643081287,1975.8,1957.2,1668.5
HDFCLIFE,2020-03-23,2020-03-20,-0.09232988699206535,-0.1728780956960807,415.9,377.5,344.0
HINDZINC,2024-04-09,2024-04-08,0.0031884057971014457,0.16231884057971024,345.0,346.1,401.0
HINDZINC,2024-05-10,2024-05-09,0.0064410480349343935,0.15502183406113534,458.0,460.95,529.0
HINDZINC,2024-05-21,2024-05-18,0.027513312893335362,0.19993545263837342,619.7,636.75,743.6
ICICIBANK,2020-03-23,2020-03-20,-0.09654471544715448,-0.18002322880371657,344.4,311.15,282.4
ICICIGI,2020-03-23,2020-03-20,-0.10419845449623466,-0.18295023871634597,1015.85,910.0,830.0
ICICIGI,2020-03-25,2020-03-24,0.036969696969696875,0.19878787878787874,825.0,855.5,989.0
ICICIPRULI,2020-03-23,2020-03-20,-0.07346128391793516,-0.21906022501654532,302.2,280.0,236.0
ICICIPRULI,2020-03-25,2020-03-24,-0.0332681017612525,0.22270058708414875,255.5,247.0,312.4
INDHOTEL,2020-03-23,2020-03-20,-0.11724530449630044,-0.15936254980079678,87.85,77.55,73.85
INDUSINDBK,2020-03-16,2020-03-13,-0.07469342251950939,-0.18617614269788174,807.3,747.0,657.0
INDUSINDBK,2020-03-18,2020-03-17,0.04303125777298744,-0.23613299063095927,603.05,629.0,460.65
INDUSINDBK,2020-03-23,2020-03-20,-0.0994092251760963,-0.23790047716428098,440.1,396.35,335.4
INDUSINDBK,2020-03-26,2020-03-25,0.04769001490312985,0.4571948998178508,301.95,316.35,440.0
INDUSINDBK,2020-04-07,2020-04-03,0.0978330146590185,0.24760994263862335,313.8,344.5,391.5
INDUSINDBK,2020-04-28,2020-04-27,0.09068627450980382,0.16862745098039222,408.0,445.0,476.8
INDUSINDBK,2024-10-25,2024-10-24,-0.09069585613760756,-0.18921032056293985,1279.0,1163.0,1037.0
INDUSINDBK,2025-03-11,2025-03-10,-0.10144686512556123,-0.2716891180220634,901.95,810.45,656.9
INDUSTOWER,2020-03-18,2020-03-17,0.004391630069749297,-0.22138982175148547,193.55,194.4,150.7
INDUSTOWER,2020-03-19,2020-03-18,-0.005308560053085443,-0.18712674187126732,150.7,149.9,122.5
INDUSTOWER,2020-03-20,2020-03-19,0.013877551020408108,0.2416326530612245,122.5,124.2,152.1
INDUSTOWER,2020-11-20,2020-11-19,0.014095744680851174,0.17180851063829783,188.0,190.65,220.3
INDUSTOWER,2022-02-24,2022-02-23,-0.0756302521008404,-0.1794717887154862,249.9,231.0,205.05
INDUSTOWER,2024-06-04,2024-06-03,-0.00397859788722732,-0.15475373851008367,364.45,363.0,308.05
IRFC,2021-01-29,2020-02-17,-0.972,-0.9669333333333333,750.0,21.0,24.8
IRFC,2023-09-04,2023-09-01,0.0257777777777779,0.18933333333333335,56.25,57.7,66.9
IRFC,2024-01-15,2024-01-12,0.02774108322324964,0.16248348745046237,113.55,116.7,132.0
IRFC,2024-02-13,2024-02-12,-0.010494752623688153,0.16754122938530736,133.4,132.0,155.75
JINDALSTEL,2020-03-23,2020-03-20,-0.11142587346553368,-0.16713881019830035,105.9,94.1,88.2
JINDALSTEL,2020-04-07,2020-04-03,0.06772908366533859,0.3075697211155377,62.75,67.0,82.05
JINDALSTEL,2022-05-23,2022-05-20,-0.06508751703175775,-0.17209936065401954,477.05,446.0,394.95
JIOFIN,2024-02-05,2024-02-02,0.010242269056529363,0.153043135710065,253.85,256.45,292.7
JSWENERGY,2020-03-23,2020-03-20,-0.19022316684378315,-0.043570669500531345,47.05,38.1,45.0
JSWENERGY,2021-03-02,2021-03-01,0.020134228187919545,0.18120805369127524,74.5,76.0,88.0
JSWSTEEL,2020-03-23,2020-03-20,-0.1094849423022799,-0.1787222065859837,177.65,158.2,145.9
LODHA,2023-03-02,2023-03-01,-0.002243741143127087,0.19709494567784613,423.4,422.45,506.85
LT,2020-03-23,2020-03-20,-0.049353701527614535,-0.15276145710928324,851.0,809.0,721.0
LTM,2020-03-23,2020-03-20,-0.1842105263157895,-0.15000000000000002,1520.0,1240.0,1292.0
LTM,2021-10-19,2021-10-18,0.09127857747671464,0.16807790008467394,5905.0,6444.0,6897.5
M&M,2020-04-09,2020-04-08,0.02519083969465652,0.17099236641221371,327.5,335.75,383.5
MARUTI,2020-03-23,2020-03-20,-0.10188457008244989,-0.17981939536709857,5094.0,4575.0,4178.0
MAXHEALTH,2020-09-11,2020-09-10,0.07544642857142869,0.16428571428571437,112.0,120.45,130.4
MAZDOCK,2021-06-07,2021-06-04,0.02530541012216414,0.1980802792321119,114.6,117.5,137.3
MAZDOCK,2022-12-26,2022-12-23,0.004273504273504258,0.15669515669515666,351.0,352.5,406.0
MAZDOCK,2023-06-05,2023-06-02,0.010028653295128809,0.18899235912129897,418.8,423.0,497.95
MAZDOCK,2024-06-04,2024-06-03,-0.010464758387196071,-0.15977223761157278,1624.5,1607.5,1364.95
MAZDOCK,2024-07-04,2024-07-03,0.005351812366737763,0.19859275053304892,2345.0,2357.55,2810.7
MOTHERSON,2020-03-12,2020-03-11,-0.04048355355636768,-0.24936744447568182,35.57,34.13,26.7
MOTHERSON,2020-03-23,2020-03-20,-0.0690566037735848,-0.19886792452830182,26.5,24.67,21.23
MOTHERSON,2020-04-09,2020-04-08,0.031291908806437174,0.1935628073312472,22.37,23.07,26.7
MOTHERSON,2020-04-16,2020-04-15,0.0045936395759715865,0.16007067137809172,28.3,28.43,32.83
MPHASIS,2020-07-24,2020-07-23,0.029274934755475046,0.15170770452740268,881.3,907.1,1015.0
MUTHOOTFIN,2020-02-17,2020-02-14,0.04615384615384621,0.17658862876254178,747.5,782.0,879.5
MUTHOOTFIN,2020-03-23,2020-03-20,-0.12014446227929376,-0.1781701444622793,623.0,548.15,512.0
MUTHOOTFIN,2020-06-18,2020-06-17,0.031587325274834654,0.1590309903994429,1005.15,1036.9,1165.0
OFSS,2020-03-23,2020-03-20,-0.19132405309161538,-0.17028164454516026,1544.5,1249.0,1281.5
OFSS,2024-01-18,2024-01-17,0.10662571303203161,0.28949100482667833,4558.0,5044.0,5877.5
ONGC,2020-03-09,2020-03-06,-0.07187500000000002,-0.1606249999999999,80.0,74.25,67.15
ONGC,2020-03-20,2020-03-19,0.03170289855072461,0.17119565217391308,55.2,56.95,64.65
ONGC,2020-03-23,2020-03-20,-0.15235885537509675,-0.14771848414539834,64.65,54.8,55.1
ONGC,2024-06-04,2024-06-03,0.003973509933774988,-0.16158940397350985,264.25,265.3,221.55
PERSISTENT,2020-09-14,2020-09-11,0.01876861966236354,0.15203574975173773,503.5,512.95,580.05
PFC,2024-06-04,2024-06-03,-0.02443827768328699,-0.22119774415898297,558.55,544.9,435.0
PIDILITIND,2020-03-23,2020-03-20,-0.09599999999999997,-0.15066666666666662,750.0,678.0,637.0
PNB,2024-06-04,2024-06-03,-0.0044056268356778006,-0.15218735507806458,129.38,128.81,109.69
POLYCAB,2020-03-23,2020-03-20,-0.11595866819747414,-0.2121444061742569,783.9,693.0,617.6
POLYCAB,2024-01-11,2024-01-10,-0.1003866503866504,-0.20539275539275548,4914.0,4420.7,3904.7
POLYCAB,2025-02-27,2025-02-25,-0.059667575074225265,-0.18591590990222284,5742.65,5400.0,4675.0
RECLTD,2024-06-04,2024-06-03,-0.01891155339004058,-0.2418862003468495,605.45,594.0,459.0
SHRIRAMFIN,2020-03-23,2020-03-20,-0.11082024432809767,-0.21073298429319365,114.6,101.9,90.45
SHRIRAMFIN,2020-03-25,2020-03-24,-0.04220085470085455,0.1661324786324787,93.6,89.65,109.15
SHRIRAMFIN,2020-03-26,2020-03-25,0.05176362803481438,0.16216216216216206,109.15,114.8,126.85
SHRIRAMFIN,2020-03-30,2020-03-27,-0.06890581717451538,-0.18317174515235457,144.4,134.45,117.95
SHRIRAMFIN,2020-04-03,2020-04-01,0.01726973684210531,-0.16365131578947367,121.6,123.7,101.7
SHRIRAMFIN,2020-04-17,2020-04-16,0.05251396648044704,0.1865921787709499,134.25,141.3,159.3
SHRIRAMFIN,2020-04-20,2020-04-17,-0.00910232266164479,-0.1632140615191463,159.3,157.85,133.3
SHRIRAMFIN,2021-01-29,2021-01-28,0.06113342257920573,0.15394912985274445,224.1,237.8,258.6
SIEMENS,2025-04-07,2025-04-04,-0.34433249033224944,-0.24325264608673547,3736.65,2450.0,2827.7
TATACOMM,2020-03-12,2020-03-11,-0.004065040650406582,-0.17135709818636646,319.8,318.5,265.0
TATACOMM,2020-04-13,2020-04-09,0.04195804195804187,0.2068181818181818,286.0,298.0,345.15
TATACONSUM,2020-03-23,2020-03-20,-0.09436485195797517,-0.15071633237822346,261.75,237.05,222.3
TATAPOWER,2021-10-13,2021-10-12,0.028826530612244827,0.15306122448979598,196.0,201.65,226.0
TATAPOWER,2021-10-18,2021-10-14,0.022471910112359605,0.16831460674157306,222.5,227.5,259.95
TMPV,2020-04-30,2020-04-29,0.10037174721189612,0.19981412639405205,53.8,59.2,64.55
TMPV,2021-02-02,2021-02-01,0.0474093264248705,0.16632124352331612,193.0,202.15,225.1
TMPV,2021-10-13,2021-10-12,0.09896551724137925,0.21086206896551718,290.0,318.7,351.15
TMPV,2025-10-14,2025-10-13,0.2285901782784645,-0.1361697473476977,457.15,561.65,394.9
TRENT,2020-03-23,2020-03-20,-0.12629706492736448,-0.20100800474355174,337.3,294.7,269.5
TRENT,2024-02-07,2024-02-06,0.01312478413184004,0.1934178714165884,2026.7,2053.3,2418.7
TVSMOTOR,2020-03-23,2020-03-20,-0.08073541167066345,-0.1606714628297362,375.3,345.0,315.0
UNIONBANK,2022-12-26,2022-12-23,0.007768595041322213,0.2026446280991736,60.5,60.97,72.76
UNIONBANK,2024-06-04,2024-06-03,-0.0008952551477170445,-0.18052180585752653,156.38,156.24,128.15
VBL,2020-03-23,2020-03-20,-0.1990654205607476,-0.004672897196261627,53.5,42.85,53.25
VBL,2023-12-20,2023-12-19,0.1506790717570312,0.06983210351834024,467.55,538.0,500.2
VEDL,2020-02-28,2020-02-27,-0.03923444976076551,-0.16076555023923444,52.25,50.2,43.85
VEDL,2020-03-09,2020-03-06,-0.08013937282229955,-0.18931475029036005,43.05,39.6,34.9
VEDL,2020-03-12,2020-03-11,-0.09552238805970148,-0.15671641791044777,33.5,30.3,28.25
VEDL,2020-03-16,2020-03-13,-0.11311475409836058,-0.16393442622950816,30.5,27.05,25.5
VEDL,2020-03-23,2020-03-20,-0.14779270633397323,-0.2399232245681382,26.05,22.2,19.8
VEDL,2020-04-30,2020-04-29,0.048913043478260754,0.17028985507246364,27.6,28.95,32.3
VEDL,2020-05-12,2020-05-11,-0.014209591474245054,0.15630550621669625,28.15,27.75,32.55
VEDL,2020-10-12,2020-10-09,-0.10935856992639315,-0.24290220820189268,47.55,42.35,36.0
VEDL,2026-04-30,2026-04-29,-0.2111426106249229,-0.3267595217552076,405.65,320.0,273.1
WIPRO,2020-07-15,2020-07-14,0.04686774941995364,0.1712296983758701,107.75,112.8,126.2
ZYDUSLIFE,2020-03-20,2020-03-19,0.01921132457027297,0.15348837209302313,247.25,252.0,285.2
