symbol,sectors
ABB,electricals_EL.csv
ACC,construction_supplies_CS.csv
ADANIENSOL,
ADANIENT,trading_TR.csv
ADANIGREEN,miscellaneous_MS.csv|power_PW.csv
ADANIPORTS,infrastructure_IF.csv
ADANIPOWER,
AMBUJACEM,construction_supplies_CS.csv
APOLLOHOSP,healthcare_HC.csv
ASHOKLEY,automobile_AT.csv
ASIANPAINT,chemicals_CM.csv
AXISBANK,banks_BN.csv
BAJAJ-AUTO,automobile_AT.csv
BAJAJFINSV,finance_FN.csv
BAJAJHLDNG,finance_FN.csv
BAJFINANCE,finance_FN.csv
BANKBARODA,banks_BN.csv
BEL,aviation_AV.csv
BERGEPAINT,chemicals_CM.csv
BHARTIARTL,telecom_TC.csv
BPCL,oil_gas_OG.csv
BRITANNIA,fmcg_FG.csv
CANBK,banks_BN.csv
CGPOWER,capGoods_CG.csv
CHOLAFIN,finance_FN.csv
CIPLA,healthcare_HC.csv
COALINDIA,metals_Mining_MM.csv
COFORGE,software_SW.csv
CUMMINSIND,automobile_AT.csv
DABUR,fmcg_FG.csv
DIVISLAB,healthcare_HC.csv
DIXON,durables_DR.csv
DLF,real_estate_RE.csv
DMART,retailing_RT.csv
DRREDDY,healthcare_HC.csv
EICHERMOT,automobile_AT.csv
ETERNAL,miscellaneous_MS.csv
GAIL,gases_fuels_GF.csv
GODREJCP,fmcg_FG.csv
GRASIM,diversified_DV.csv
HAL,aviation_AV.csv
HAVELLS,capGoods_CG.csv
HCLTECH,software_SW.csv
HDFCAMC,finance_FN.csv
HDFCBANK,banks_BN.csv
HDFCLIFE,insurance_IN.csv
HEROMOTOCO,automobile_AT.csv
HINDALCO,metals_Mining_MM.csv
HINDUNILVR,fmcg_FG.csv
HINDZINC,metals_Mining_MM.csv
HYUNDAI,automobile_AT.csv
ICICIBANK,banks_BN.csv
ICICIGI,insurance_IN.csv
ICICIPRULI,insurance_IN.csv
INDHOTEL,hospitality_HP.csv
INDIGO,aviation_AV.csv
INDUSINDBK,banks_BN.csv
INDUSTOWER,telecom_TC.csv
INFY,software_SW.csv
IOC,oil_gas_OG.csv
IRFC,finance_FN.csv
ITC,diversified_DV.csv
JINDALSTEL,metals_Mining_MM.csv
JIOFIN,finance_FN.csv
JSWENERGY,power_PW.csv
JSWSTEEL,metals_Mining_MM.csv
KOTAKBANK,banks_BN.csv
LICI,insurance_IN.csv
LODHA,real_estate_RE.csv
LT,infrastructure_IF.csv
LTM,
LUPIN,healthcare_HC.csv
M&M,automobile_AT.csv
MANKIND,healthcare_HC.csv
MARICO,fmcg_FG.csv
MARUTI,automobile_AT.csv
MAXHEALTH,healthcare_HC.csv
MAZDOCK,ship_building_SB.csv
MOTHERSON,automobile_AT.csv
MPHASIS,software_SW.csv
MUTHOOTFIN,finance_FN.csv
NESTLEIND,fmcg_FG.csv
NTPC,power_PW.csv
OFSS,software_SW.csv
ONGC,oil_gas_OG.csv
PERSISTENT,software_SW.csv
PFC,finance_FN.csv
PIDILITIND,chemicals_CM.csv
PNB,banks_BN.csv
POLYCAB,electricals_EL.csv
POWERGRID,power_PW.csv
RECLTD,finance_FN.csv
RELIANCE,oil_gas_OG.csv
SBILIFE,insurance_IN.csv
SBIN,banks_BN.csv
SHREECEM,construction_supplies_CS.csv
SHRIRAMFIN,finance_FN.csv
SIEMENS,capGoods_CG.csv
SOLARINDS,chemicals_CM.csv
SUNPHARMA,healthcare_HC.csv
TATACAP,finance_FN.csv
TATACOMM,telecom_TC.csv
TATACONSUM,agriculture_AG.csv
TATAPOWER,power_PW.csv
TATASTEEL,metals_Mining_MM.csv
TCS,software_SW.csv
TECHM,software_SW.csv
TITAN,diamond_jewellery_DJ.csv
TMCV,automobile_AT.csv
TMPV,automobile_AT.csv
TORNTPHARM,healthcare_HC.csv
TRENT,retailing_RT.csv
TVSMOTOR,automobile_AT.csv
ULTRACEMCO,construction_supplies_CS.csv
UNIONBANK,banks_BN.csv
UNITDSPR,alcohol_AL.csv
VBL,fmcg_FG.csv
VEDL,metals_Mining_MM.csv
WIPRO,software_SW.csv
ZYDUSLIFE,healthcare_HC.csv
