signal_date,execution_date,usable_sectors,selected_sectors,expected_positions,selected_sectors_below_3_stocks,maximum_sector_weight
2020-01-03,2020-01-06,0,0,0,0,
2020-01-10,2020-01-13,0,0,0,0,
2020-01-17,2020-01-20,0,0,0,0,
2020-01-24,2020-01-27,0,0,0,0,
2020-01-31,2020-02-03,0,0,0,0,
2020-02-07,2020-02-10,0,0,0,0,
2020-02-14,2020-02-17,0,0,0,0,
2020-02-20,2020-02-24,0,0,0,0,
2020-02-28,2020-03-02,0,0,0,0,
2020-03-06,2020-03-09,0,0,0,0,
2020-03-13,2020-03-16,0,0,0,0,
2020-03-20,2020-03-23,0,0,0,0,
2020-03-27,2020-03-30,0,0,0,0,
2020-04-03,2020-04-07,0,0,0,0,
2020-04-09,2020-04-13,0,0,0,0,
2020-04-17,2020-04-20,0,0,0,0,
2020-04-24,2020-04-27,0,0,0,0,
2020-04-30,2020-05-04,22,3,9,0,0.333333333333
2020-05-08,2020-05-11,22,3,9,0,0.333333333333
2020-05-15,2020-05-18,23,3,9,0,0.333333333333
2020-05-22,2020-05-26,23,3,9,0,0.333333333333
2020-05-29,2020-06-01,23,3,9,0,0.333333333333
2020-06-05,2020-06-08,23,3,9,0,0.333333333333
2020-06-12,2020-06-15,24,3,9,0,0.333333333333
2020-06-19,2020-06-22,25,3,9,0,0.333333333333
2020-06-26,2020-06-29,25,3,9,0,0.333333333333
2020-07-03,2020-07-06,26,3,9,0,0.333333333333
2020-07-10,2020-07-13,27,3,9,0,0.333333333333
2020-07-17,2020-07-20,28,3,9,0,0.333333333333
2020-07-24,2020-07-27,28,3,9,0,0.333333333333
2020-07-31,2020-08-03,27,3,9,0,0.333333333333
2020-08-07,2020-08-10,27,3,9,0,0.333333333333
2020-08-14,2020-08-17,27,3,9,0,0.333333333333
2020-08-21,2020-08-24,28,3,9,0,0.333333333333
2020-08-28,2020-08-31,27,3,9,0,0.333333333333
2020-09-04,2020-09-07,27,3,9,0,0.333333333333
2020-09-11,2020-09-14,29,3,9,0,0.333333333333
2020-09-18,2020-09-21,29,3,9,0,0.333333333333
2020-09-25,2020-09-28,27,3,9,0,0.333333333333
2020-10-01,2020-10-05,27,3,9,0,0.333333333333
2020-10-09,2020-10-12,27,3,9,0,0.333333333333
2020-10-16,2020-10-19,27,3,9,0,0.333333333333
2020-10-23,2020-10-26,27,3,9,0,0.333333333333
2020-10-30,2020-11-02,27,3,9,0,0.333333333333
2020-11-06,2020-11-09,26,3,9,0,0.333333333333
2020-11-14,2020-11-17,26,3,9,0,0.333333333333
2020-11-20,2020-11-23,26,3,9,0,0.333333333333
2020-11-27,2020-12-01,26,3,9,0,0.333333333333
2020-12-04,2020-12-07,27,3,9,0,0.333333333333
2020-12-11,2020-12-14,29,3,9,0,0.333333333333
2020-12-18,2020-12-21,29,3,9,0,0.333333333333
2020-12-24,2020-12-28,29,3,9,0,0.333333333333
2021-01-01,2021-01-04,31,3,9,0,0.333333333333
2021-01-08,2021-01-11,32,3,9,0,0.333333333333
2021-01-15,2021-01-18,32,3,9,0,0.333333333333
2021-01-22,2021-01-25,32,3,9,0,0.333333333333
2021-01-29,2021-02-01,32,3,9,0,0.333333333333
2021-02-05,2021-02-08,32,3,9,0,0.333333333333
2021-02-12,2021-02-15,30,3,9,0,0.333333333333
2021-02-19,2021-02-22,30,3,9,0,0.333333333333
2021-02-26,2021-03-01,30,3,9,0,0.333333333333
2021-03-05,2021-03-08,30,3,9,0,0.333333333333
2021-03-12,2021-03-15,31,3,9,0,0.333333333333
2021-03-19,2021-03-22,32,3,9,0,0.333333333333
2021-03-26,2021-03-30,32,3,9,0,0.333333333333
2021-04-01,2021-04-05,31,3,9,0,0.333333333333
2021-04-09,2021-04-12,31,3,9,0,0.333333333333
2021-04-16,2021-04-19,31,3,9,0,0.333333333333
2021-04-23,2021-04-26,31,3,9,0,0.333333333333
2021-04-30,2021-05-03,31,3,9,0,0.333333333333
2021-05-07,2021-05-10,31,3,9,0,0.333333333333
2021-05-14,2021-05-17,31,3,9,0,0.333333333333
2021-05-21,2021-05-24,31,3,9,0,0.333333333333
2021-05-28,2021-05-31,31,3,9,0,0.333333333333
2021-06-04,2021-06-07,31,3,9,0,0.333333333333
2021-06-11,2021-06-14,31,3,9,0,0.333333333333
2021-06-18,2021-06-21,33,3,9,0,0.333333333333
2021-06-25,2021-06-28,33,3,9,0,0.333333333333
2021-07-02,2021-07-05,33,3,9,0,0.333333333333
2021-07-09,2021-07-12,34,3,9,0,0.333333333333
2021-07-16,2021-07-19,35,3,9,0,0.333333333333
2021-07-23,2021-07-26,35,3,9,0,0.333333333333
2021-07-30,2021-08-02,35,3,9,0,0.333333333333
2021-08-06,2021-08-09,35,3,9,0,0.333333333333
2021-08-13,2021-08-16,35,3,9,0,0.333333333333
2021-08-20,2021-08-23,35,3,9,0,0.333333333333
2021-08-27,2021-08-30,35,3,9,0,0.333333333333
2021-09-03,2021-09-06,34,3,9,0,0.333333333333
2021-09-09,2021-09-13,34,3,9,0,0.333333333333
2021-09-17,2021-09-20,34,3,9,0,0.333333333333
2021-09-24,2021-09-27,33,3,9,0,0.333333333333
2021-10-01,2021-10-04,33,3,9,0,0.333333333333
2021-10-08,2021-10-11,33,3,9,0,0.333333333333
2021-10-14,2021-10-18,33,3,9,0,0.333333333333
2021-10-22,2021-10-25,33,3,9,0,0.333333333333
2021-10-29,2021-11-01,33,3,9,0,0.333333333333
2021-11-04,2021-11-08,34,3,9,0,0.333333333333
2021-11-12,2021-11-15,34,3,9,0,0.333333333333
2021-11-18,2021-11-22,34,3,9,0,0.333333333333
2021-11-26,2021-11-29,33,3,9,0,0.333333333333
2021-12-03,2021-12-06,33,3,9,0,0.333333333333
2021-12-10,2021-12-13,32,3,9,0,0.333333333333
2021-12-17,2021-12-20,32,3,9,0,0.333333333333
2021-12-24,2021-12-27,32,3,9,0,0.333333333333
2021-12-31,2022-01-03,31,3,9,0,0.333333333333
2022-01-07,2022-01-10,32,3,9,0,0.333333333333
2022-01-14,2022-01-17,30,3,9,0,0.333333333333
2022-01-21,2022-01-24,30,3,9,0,0.333333333333
2022-01-28,2022-01-31,31,3,9,0,0.333333333333
2022-02-04,2022-02-07,32,3,9,0,0.333333333333
2022-02-11,2022-02-14,33,3,9,0,0.333333333333
2022-02-18,2022-02-21,34,3,9,0,0.333333333333
2022-02-25,2022-02-28,34,3,9,0,0.333333333333
2022-03-04,2022-03-07,33,3,9,0,0.333333333333
2022-03-11,2022-03-14,32,3,9,0,0.333333333333
2022-03-17,2022-03-21,32,3,9,0,0.333333333333
2022-03-25,2022-03-28,32,3,9,0,0.333333333333
2022-04-01,2022-04-04,32,3,9,0,0.333333333333
2022-04-08,2022-04-11,32,3,9,0,0.333333333333
2022-04-13,2022-04-18,32,3,9,0,0.333333333333
2022-04-22,2022-04-25,34,3,9,0,0.333333333333
2022-04-29,2022-05-02,34,3,9,0,0.333333333333
2022-05-06,2022-05-09,34,3,9,0,0.333333333333
2022-05-13,2022-05-16,34,3,9,0,0.333333333333
2022-05-20,2022-05-23,34,3,9,0,0.333333333333
2022-05-27,2022-05-30,34,3,9,0,0.333333333333
2022-06-03,2022-06-06,35,3,9,0,0.333333333333
2022-06-10,2022-06-13,33,3,9,0,0.333333333333
2022-06-17,2022-06-20,33,3,9,0,0.333333333333
2022-06-24,2022-06-27,32,3,9,0,0.333333333333
2022-07-01,2022-07-04,32,3,9,0,0.333333333333
2022-07-08,2022-07-11,32,3,9,0,0.333333333333
2022-07-15,2022-07-18,32,3,9,0,0.333333333333
2022-07-22,2022-07-25,32,3,9,0,0.333333333333
2022-07-29,2022-08-01,32,3,9,0,0.333333333333
2022-08-05,2022-08-08,32,3,9,0,0.333333333333
2022-08-12,2022-08-16,32,3,9,0,0.333333333333
2022-08-19,2022-08-22,32,3,9,0,0.333333333333
2022-08-26,2022-08-29,33,3,9,0,0.333333333333
2022-09-02,2022-09-05,34,3,9,0,0.333333333333
2022-09-09,2022-09-12,34,3,9,0,0.333333333333
2022-09-16,2022-09-19,34,3,9,0,0.333333333333
2022-09-23,2022-09-26,34,3,9,0,0.333333333333
2022-09-30,2022-10-03,34,3,9,0,0.333333333333
2022-10-07,2022-10-10,35,3,9,0,0.333333333333
2022-10-14,2022-10-17,35,3,9,0,0.333333333333
2022-10-21,2022-10-24,35,3,9,0,0.333333333333
2022-10-28,2022-10-31,35,3,9,0,0.333333333333
2022-11-04,2022-11-07,35,3,9,0,0.333333333333
2022-11-11,2022-11-14,35,3,9,0,0.333333333333
2022-11-18,2022-11-21,35,3,9,0,0.333333333333
2022-11-25,2022-11-28,35,3,9,0,0.333333333333
2022-12-02,2022-12-05,35,3,9,0,0.333333333333
2022-12-09,2022-12-12,35,3,9,0,0.333333333333
2022-12-16,2022-12-19,35,3,9,0,0.333333333333
2022-12-23,2022-12-26,35,3,9,0,0.333333333333
2022-12-30,2023-01-02,35,3,9,0,0.333333333333
2023-01-06,2023-01-09,35,3,9,0,0.333333333333
2023-01-13,2023-01-16,35,3,9,0,0.333333333333
2023-01-20,2023-01-23,35,3,9,0,0.333333333333
2023-01-27,2023-01-30,35,3,9,0,0.333333333333
2023-02-03,2023-02-06,35,3,9,0,0.333333333333
2023-02-10,2023-02-13,35,3,9,0,0.333333333333
2023-02-17,2023-02-20,35,3,9,0,0.333333333333
2023-02-24,2023-02-27,35,3,9,0,0.333333333333
2023-03-03,2023-03-06,35,3,9,0,0.333333333333
2023-03-10,2023-03-13,35,3,9,0,0.333333333333
2023-03-17,2023-03-20,34,3,9,0,0.333333333333
2023-03-24,2023-03-27,34,3,9,0,0.333333333333
2023-03-31,2023-04-03,34,3,9,0,0.333333333333
2023-04-06,2023-04-10,34,3,9,0,0.333333333333
2023-04-13,2023-04-17,34,3,9,0,0.333333333333
2023-04-21,2023-04-24,35,3,9,0,0.333333333333
2023-04-28,2023-05-02,35,3,9,0,0.333333333333
2023-05-05,2023-05-08,35,3,9,0,0.333333333333
2023-05-12,2023-05-15,35,3,9,0,0.333333333333
2023-05-19,2023-05-22,35,3,9,0,0.333333333333
2023-05-26,2023-05-29,35,3,9,0,0.333333333333
2023-06-02,2023-06-05,35,3,9,0,0.333333333333
2023-06-09,2023-06-12,35,3,9,0,0.333333333333
2023-06-16,2023-06-19,35,3,9,0,0.333333333333
2023-06-23,2023-06-26,35,3,9,0,0.333333333333
2023-06-30,2023-07-03,35,3,9,0,0.333333333333
2023-07-07,2023-07-10,35,3,9,0,0.333333333333
2023-07-14,2023-07-17,35,3,9,0,0.333333333333
2023-07-21,2023-07-24,35,3,9,0,0.333333333333
2023-07-28,2023-07-31,35,3,9,0,0.333333333333
2023-08-04,2023-08-07,35,3,9,0,0.333333333333
2023-08-11,2023-08-14,35,3,9,0,0.333333333333
2023-08-18,2023-08-21,35,3,9,0,0.333333333333
2023-08-25,2023-08-28,35,3,9,0,0.333333333333
2023-09-01,2023-09-04,35,3,9,0,0.333333333333
2023-09-08,2023-09-11,35,3,9,0,0.333333333333
2023-09-15,2023-09-18,35,3,9,0,0.333333333333
2023-09-22,2023-09-25,35,3,9,0,0.333333333333
2023-09-29,2023-10-03,35,3,9,0,0.333333333333
2023-10-06,2023-10-09,35,3,9,0,0.333333333333
2023-10-13,2023-10-16,35,3,9,0,0.333333333333
2023-10-20,2023-10-23,35,3,9,0,0.333333333333
2023-10-27,2023-10-30,35,3,9,0,0.333333333333
2023-11-03,2023-11-06,35,3,9,0,0.333333333333
2023-11-10,2023-11-13,35,3,9,0,0.333333333333
2023-11-17,2023-11-20,36,3,9,0,0.333333333333
2023-11-24,2023-11-28,35,3,9,0,0.333333333333
2023-12-01,2023-12-04,35,3,9,0,0.333333333333
2023-12-08,2023-12-11,35,3,9,0,0.333333333333
2023-12-15,2023-12-18,35,3,9,0,0.333333333333
2023-12-22,2023-12-26,35,3,9,0,0.333333333333
2023-12-29,2024-01-01,35,3,9,0,0.333333333333
2024-01-05,2024-01-08,36,3,9,0,0.333333333333
2024-01-12,2024-01-15,36,3,9,0,0.333333333333
2024-01-20,2024-01-23,36,3,9,0,0.333333333333
2024-01-25,2024-01-29,36,3,9,0,0.333333333333
2024-02-02,2024-02-05,36,3,9,0,0.333333333333
2024-02-09,2024-02-12,36,3,9,0,0.333333333333
2024-02-16,2024-02-19,36,3,9,0,0.333333333333
2024-02-23,2024-02-26,36,3,9,0,0.333333333333
2024-03-01,2024-03-04,36,3,9,0,0.333333333333
2024-03-07,2024-03-11,36,3,9,0,0.333333333333
2024-03-15,2024-03-18,35,3,9,0,0.333333333333
2024-03-22,2024-03-26,34,3,9,0,0.333333333333
2024-03-28,2024-04-01,34,3,9,0,0.333333333333
2024-04-05,2024-04-08,34,3,9,0,0.333333333333
2024-04-12,2024-04-15,34,3,9,0,0.333333333333
2024-04-19,2024-04-22,34,3,9,0,0.333333333333
2024-04-26,2024-04-29,35,3,9,0,0.333333333333
2024-05-03,2024-05-06,35,3,9,0,0.333333333333
2024-05-10,2024-05-13,35,3,9,0,0.333333333333
2024-05-18,2024-05-21,35,3,9,0,0.333333333333
2024-05-24,2024-05-27,35,3,9,0,0.333333333333
2024-05-31,2024-06-03,36,3,9,0,0.333333333333
2024-06-07,2024-06-10,36,3,9,0,0.333333333333
2024-06-14,2024-06-18,36,3,9,0,0.333333333333
2024-06-21,2024-06-24,36,3,9,0,0.333333333333
2024-06-28,2024-07-01,36,3,9,0,0.333333333333
2024-07-05,2024-07-08,36,3,9,0,0.333333333333
2024-07-12,2024-07-15,36,3,9,0,0.333333333333
2024-07-19,2024-07-22,36,3,9,0,0.333333333333
2024-07-26,2024-07-29,36,3,9,0,0.333333333333
2024-08-02,2024-08-05,36,3,9,0,0.333333333333
2024-08-09,2024-08-12,36,3,9,0,0.333333333333
2024-08-16,2024-08-19,36,3,9,0,0.333333333333
2024-08-23,2024-08-26,36,3,9,0,0.333333333333
2024-08-30,2024-09-02,36,3,9,0,0.333333333333
2024-09-06,2024-09-09,36,3,9,0,0.333333333333
2024-09-13,2024-09-16,36,3,9,0,0.333333333333
2024-09-20,2024-09-23,36,3,9,0,0.333333333333
2024-09-27,2024-09-30,36,3,9,0,0.333333333333
2024-10-04,2024-10-07,36,3,9,0,0.333333333333
2024-10-11,2024-10-14,35,3,9,0,0.333333333333
2024-10-18,2024-10-21,35,3,9,0,0.333333333333
2024-10-25,2024-10-28,35,3,9,0,0.333333333333
2024-11-01,2024-11-04,35,3,9,0,0.333333333333
2024-11-08,2024-11-11,35,3,9,0,0.333333333333
2024-11-14,2024-11-18,35,3,9,0,0.333333333333
2024-11-22,2024-11-25,35,3,9,0,0.333333333333
2024-11-29,2024-12-02,35,3,9,0,0.333333333333
2024-12-06,2024-12-09,35,3,9,0,0.333333333333
2024-12-13,2024-12-16,35,3,9,0,0.333333333333
2024-12-20,2024-12-23,35,3,9,0,0.333333333333
2024-12-27,2024-12-30,35,3,9,0,0.333333333333
2025-01-03,2025-01-06,35,3,9,0,0.333333333333
2025-01-10,2025-01-13,35,3,9,0,0.333333333333
2025-01-17,2025-01-20,35,3,9,0,0.333333333333
2025-01-24,2025-01-27,35,3,9,0,0.333333333333
2025-01-31,2025-02-03,35,3,9,0,0.333333333333
2025-02-07,2025-02-10,35,3,9,0,0.333333333333
2025-02-14,2025-02-17,35,3,9,0,0.333333333333
2025-02-21,2025-02-24,35,3,9,0,0.333333333333
2025-02-28,2025-03-03,35,3,9,0,0.333333333333
2025-03-07,2025-03-10,35,3,9,0,0.333333333333
2025-03-13,2025-03-17,35,3,9,0,0.333333333333
2025-03-21,2025-03-24,35,3,9,0,0.333333333333
2025-03-28,2025-04-01,35,3,9,0,0.333333333333
2025-04-04,2025-04-07,35,3,9,0,0.333333333333
2025-04-11,2025-04-15,35,3,9,0,0.333333333333
2025-04-17,2025-04-21,35,3,9,0,0.333333333333
2025-04-25,2025-04-28,35,3,9,0,0.333333333333
2025-05-02,2025-05-05,35,3,9,0,0.333333333333
2025-05-09,2025-05-12,35,3,9,0,0.333333333333
2025-05-16,2025-05-19,35,3,9,0,0.333333333333
2025-05-23,2025-05-26,35,3,9,0,0.333333333333
2025-05-30,2025-06-02,35,3,9,0,0.333333333333
2025-06-06,2025-06-09,35,3,9,0,0.333333333333
2025-06-13,2025-06-16,35,3,9,0,0.333333333333
2025-06-20,2025-06-23,36,3,9,0,0.333333333333
2025-06-27,2025-06-30,36,3,9,0,0.333333333333
2025-07-04,2025-07-07,36,3,9,0,0.333333333333
2025-07-11,2025-07-14,36,3,9,0,0.333333333333
2025-07-18,2025-07-21,36,3,9,0,0.333333333333
2025-07-25,2025-07-28,36,3,9,0,0.333333333333
2025-08-01,2025-08-04,36,3,9,0,0.333333333333
2025-08-08,2025-08-11,36,3,9,0,0.333333333333
2025-08-14,2025-08-18,36,3,9,0,0.333333333333
2025-08-22,2025-08-25,36,3,9,0,0.333333333333
2025-08-29,2025-09-01,36,3,9,0,0.333333333333
2025-09-05,2025-09-08,36,3,9,0,0.333333333333
2025-09-12,2025-09-15,36,3,9,0,0.333333333333
2025-09-19,2025-09-22,36,3,9,0,0.333333333333
2025-09-26,2025-09-29,36,3,9,0,0.333333333333
2025-10-03,2025-10-06,35,3,9,0,0.333333333333
2025-10-10,2025-10-13,35,3,9,0,0.333333333333
2025-10-17,2025-10-20,35,3,9,0,0.333333333333
2025-10-24,2025-10-27,35,3,9,0,0.333333333333
2025-10-31,2025-11-03,35,3,9,0,0.333333333333
2025-11-07,2025-11-10,36,3,9,0,0.333333333333
2025-11-14,2025-11-17,36,3,9,0,0.333333333333
2025-11-21,2025-11-24,36,3,9,0,0.333333333333
2025-11-28,2025-12-01,35,3,9,0,0.333333333333
2025-12-05,2025-12-08,35,3,9,0,0.333333333333
2025-12-12,2025-12-15,35,3,9,0,0.333333333333
2025-12-19,2025-12-22,35,3,9,0,0.333333333333
2025-12-26,2025-12-29,34,3,9,0,0.333333333333
2026-01-02,2026-01-05,34,3,9,0,0.333333333333
2026-01-09,2026-01-12,34,3,9,0,0.333333333333
2026-01-16,2026-01-19,34,3,9,0,0.333333333333
2026-01-23,2026-01-27,34,3,9,0,0.333333333333
2026-01-30,2026-02-02,34,3,9,0,0.333333333333
2026-02-06,2026-02-09,34,3,9,0,0.333333333333
2026-02-13,2026-02-16,34,3,9,0,0.333333333333
2026-02-20,2026-02-23,35,3,9,0,0.333333333333
2026-02-27,2026-03-02,35,3,9,0,0.333333333333
2026-03-06,2026-03-09,35,3,9,0,0.333333333333
2026-03-13,2026-03-16,35,3,9,0,0.333333333333
2026-03-20,2026-03-23,35,3,9,0,0.333333333333
2026-03-27,2026-03-30,35,3,9,0,0.333333333333
2026-04-02,2026-04-06,35,3,9,0,0.333333333333
2026-04-10,2026-04-13,35,3,9,0,0.333333333333
2026-04-17,2026-04-20,35,3,9,0,0.333333333333
2026-04-24,2026-04-27,36,3,9,0,0.333333333333
2026-04-30,2026-05-04,36,3,9,0,0.333333333333
2026-05-08,2026-05-11,36,3,9,0,0.333333333333
2026-05-15,2026-05-18,35,3,9,0,0.333333333333
2026-05-22,2026-05-25,35,3,9,0,0.333333333333
2026-05-29,2026-06-01,35,3,9,0,0.333333333333
2026-06-05,2026-06-08,35,3,9,0,0.333333333333
2026-06-12,2026-06-15,35,3,9,0,0.333333333333
2026-06-19,2026-06-22,35,3,9,0,0.333333333333
2026-06-25,2026-06-29,35,3,9,0,0.333333333333
2026-07-03,2026-07-06,35,3,9,0,0.333333333333
2026-07-10,2026-07-13,35,3,9,0,0.333333333333
2026-07-17,2026-07-20,35,3,9,0,0.333333333333
