candidate_id,future_horizon,bucket,observation_count,mean_future_return,median_future_return,std_future_return,positive_return_pct,monotonicity
VM01,1,D1,169988,0.001815908878,-8.6991508e-05,0.030609599068,49.3352471939,
VM01,1,D2,169409,0.001538675498,-0.000120860527,0.026214257002,49.1066000035,
VM01,1,D3,169577,0.001331675232,-0.000141623,0.024903066269,48.8615791057,
VM01,1,D4,169437,0.001062722462,-0.000231168059,0.024199204111,48.5696748644,
VM01,1,D5,169314,0.001007214921,-0.000302480588,0.023760812914,48.424229538,
VM01,1,D6,169742,0.000853955008,-0.000352572076,0.02406779466,48.3198029951,
VM01,1,D7,169581,0.000814801024,-0.000507099391,0.024515820599,48.0313242639,
VM01,1,D8,169400,0.000719508459,-0.000812574004,0.025916021322,47.3571428571,
VM01,1,D9,169499,0.000507442148,-0.00137504297,0.028627514643,46.5265281801,
VM01,1,D10,168288,0.000654278559,-0.002544823632,0.037237090256,45.8654211827,
VM01,1,D10_MINUS_D1,1559,-0.001106642052,-0.000811562929,0.009776066828,45.798588839,-0.987878787879
VM01,2,D1,169576,0.003397072136,0.000325437599,0.043435730302,50.3797707223,
VM01,2,D2,169150,0.003055679099,0.000171674144,0.037605802298,50.2435707952,
VM01,2,D3,169357,0.002779412048,1.00001e-05,0.035953006183,50.035132885,
VM01,2,D4,169209,0.002361203575,0,0.035412191226,49.6610700376,
VM01,2,D5,169098,0.002200632742,0,0.034672452506,49.4742693586,
VM01,2,D6,169518,0.001908669151,-8.1696776e-05,0.034974986546,49.1977253153,
VM01,2,D7,169337,0.001743487052,-0.00047761194,0.035494144359,48.6261124267,
VM01,2,D8,169140,0.001558355081,-0.000957319511,0.037658215507,47.8449804895,
VM01,2,D9,169187,0.001129549553,-0.001723619053,0.041285476934,47.0112951941,
VM01,2,D10,167444,0.000831986693,-0.003669451366,0.052335316135,45.5865841714,
VM01,2,D10_MINUS_D1,1558,-0.002601392179,-0.001996405087,0.013291517905,41.3350449294,-1
VM01,3,D1,169222,0.00477601665,0.000882062813,0.052898784415,50.9431397809,
VM01,3,D2,168923,0.004430115653,0.000565291125,0.046458889742,50.7006150731,
VM01,3,D3,169152,0.003992104187,0.000310438915,0.044461750415,50.4286085887,
VM01,3,D4,168990,0.00359269324,0.000146325718,0.043874729233,50.2313746376,
VM01,3,D5,168886,0.00323916758,0,0.04291757213,49.8584844214,
VM01,3,D6,169298,0.002972627208,0,0.043354188825,49.5688076646,
VM01,3,D7,169113,0.002767471306,-0.000384615385,0.043962966257,48.9583887696,
VM01,3,D8,168877,0.00244550359,-0.000908162107,0.046476160377,48.3067558045,
VM01,3,D9,168879,0.00192567619,-0.002004409701,0.050480895817,47.2811894907,
VM01,3,D10,166531,0.00142242643,-0.004392922514,0.062604666168,45.9512042803,
VM01,3,D10_MINUS_D1,1557,-0.003500162676,-0.002614412177,0.015891184406,41.3615928067,-1
VM01,5,D1,168604,0.007203989012,0.001402686517,0.067752055832,51.2544186378,
VM01,5,D2,168466,0.006991030177,0.001449122468,0.060243388315,51.5314662899,
VM01,5,D3,168705,0.006196623733,0.000919117647,0.058273358536,51.0589490531,
VM01,5,D4,168577,0.00579457942,0.000790388871,0.057304934214,50.9322149522,
VM01,5,D5,168445,0.005375484933,0.000622665006,0.056465879639,50.7126955386,
VM01,5,D6,168835,0.004873104344,0.000280938334,0.056488197476,50.3183581603,
VM01,5,D7,168623,0.004836566446,0,0.057556529648,49.9433647842,
VM01,5,D8,168353,0.004398627064,-0.000358615743,0.060116554477,49.2227640731,
VM01,5,D9,168276,0.00361685494,-0.00197775043,0.064402983798,47.9331574318,
VM01,5,D10,164939,0.003157122281,-0.004532482793,0.078657852489,46.6645244606,
VM01,5,D10_MINUS_D1,1555,-0.004166644755,-0.00289123464,0.019724887493,42.3151125402,-1
VM01,10,D1,167177,0.011560842021,0.00198004501,0.094136774122,51.1798871854,
VM01,10,D2,167266,0.011843252014,0.00261020761,0.085683967264,51.8180622482,
VM01,10,D3,167596,0.011171261217,0.002154029124,0.082910998575,51.7005179121,
VM01,10,D4,167462,0.010399736926,0.001911606019,0.081055062019,51.5519938852,
VM01,10,D5,167321,0.010117284256,0.002006018054,0.080721442523,51.7609863675,
VM01,10,D6,167686,0.009493742268,0.001886047099,0.080131833257,51.5278556349,
VM01,10,D7,167411,0.009770821435,0.001746724891,0.081916028854,51.2923284611,
VM01,10,D8,167023,0.009372916686,0.000670890794,0.084461310728,50.4798740293,
VM01,10,D9,166721,0.008797799932,-0.000260790194,0.089847903029,49.5660414705,
VM01,10,D10,161837,0.008701059011,-0.003248511099,0.106502458526,48.2775879434,
VM01,10,D10_MINUS_D1,1550,-0.002824944079,-0.001700485514,0.025493619347,46.1290322581,-0.975757575758
VM01,20,D1,164224,0.019955238329,0.004389177928,0.132804937246,51.8566104832,
VM01,20,D2,164783,0.020788602667,0.005285269007,0.123132834681,52.548503183,
VM01,20,D3,165287,0.02019577399,0.005212987787,0.119841709694,52.7633752201,
VM01,20,D4,165155,0.0191240154,0.004836769183,0.116443776921,52.706245648,
VM01,20,D5,165069,0.019099645319,0.005596211795,0.116098806868,53.1020361182,
VM01,20,D6,165337,0.018812483144,0.005480334152,0.114977960617,53.2379322233,
VM01,20,D7,165019,0.019161226443,0.00575047314,0.116724083527,53.0981280943,
VM01,20,D8,164552,0.019480934357,0.005059634291,0.120835479145,52.6836501531,
VM01,20,D9,163990,0.018483456159,0.003579589419,0.126442987032,51.5116775413,
VM01,20,D10,157421,0.017896460569,-0.000363174142,0.145271417885,49.7735372028,
VM01,20,D10_MINUS_D1,1540,-0.002506691338,-0.001394903701,0.033244452316,48.3116883117,-0.769696969697
VM02,1,D1,169590,0.001376795357,-0.000596606848,0.028659254084,48.2310277729,
VM02,1,D2,168833,0.001128389948,-0.000515907137,0.025426921363,48.0101638898,
VM02,1,D3,169010,0.001022155778,-0.000380362179,0.024447684718,48.1728891782,
VM02,1,D4,168857,0.000986746946,-0.000317722565,0.024070331698,48.35748592,
VM02,1,D5,168708,0.00105032426,-0.000255107658,0.024073219221,48.570903573,
VM02,1,D6,169116,0.000918052943,-0.00022927893,0.024431910679,48.7298658909,
VM02,1,D7,168989,0.000931193757,-0.000370096225,0.025388272697,48.4037422554,
VM02,1,D8,168752,0.000962471048,-0.000773993821,0.027333322974,47.7037309187,
VM02,1,D9,168836,0.001112214808,-0.000936575709,0.029711959495,47.5609467175,
VM02,1,D10,167359,0.000867301806,-0.001873679582,0.036763168667,46.7958102044,
VM02,1,D10_MINUS_D1,1559,-0.000543681878,7.5913057e-05,0.009775302199,50.3527902502,-0.660606060606
VM02,2,D1,169339,0.002687747689,-0.000412031314,0.041463055552,49.0483586179,
VM02,2,D2,168628,0.002260718067,-0.000287795889,0.036553547194,48.9972009393,
VM02,2,D3,168816,0.002108242564,-1e-05,0.035379926812,49.1831343001,
VM02,2,D4,168655,0.001963449973,-0.000158780565,0.035012597696,49.0231537755,
VM02,2,D5,168515,0.002132697036,0,0.034852325776,49.4905498027,
VM02,2,D6,168902,0.001937494893,-1e-05,0.035252012527,49.3913630389,
VM02,2,D7,168747,0.001975434638,-0.000183272243,0.036567646141,49.097761738,
VM02,2,D8,168492,0.00202515345,-0.000621020045,0.039224546193,48.5945920281,
VM02,2,D9,168490,0.002152264152,-0.000950264694,0.042450349877,48.2645854353,
VM02,2,D10,166262,0.001817095087,-0.002365464222,0.052130743163,47.117200563,
VM02,2,D10_MINUS_D1,1558,-0.000994952148,-6.699351e-06,0.014013839457,49.9358151476,-0.575757575758
VM02,3,D1,169083,0.003749425531,-0.000144362639,0.050875816875,49.4922611972,
VM02,3,D2,168445,0.003357580504,-0.000109463084,0.045089056981,49.3549823384,
VM02,3,D3,168634,0.00308761595,0,0.043840317415,49.5783768398,
VM02,3,D4,168456,0.002932028208,0,0.04328863043,49.6467920407,
VM02,3,D5,168323,0.003165428715,0,0.043199897895,49.7543413556,
VM02,3,D6,168694,0.00295935329,0,0.043538935867,49.7065692911,
VM02,3,D7,168513,0.002996911945,0,0.044791785225,49.4923240343,
VM02,3,D8,168244,0.003083477123,-0.000516669417,0.048140357266,49.0234421436,
VM02,3,D9,168150,0.003332607414,-0.000821903997,0.051744353436,48.691049658,
VM02,3,D10,165174,0.003029703123,-0.002463943074,0.062845939966,47.6751789022,
VM02,3,D10_MINUS_D1,1557,-0.000926052427,0.000194516017,0.017047455976,50.6743737958,-0.393939393939
VM02,5,D1,168598,0.005666849137,0.000260556413,0.065490927001,50.1981043666,
VM02,5,D2,168057,0.00543198799,0.000213401622,0.058544939598,50.2151055892,
VM02,5,D3,168230,0.005157554811,1.00001e-05,0.057332063465,50.0909469179,
VM02,5,D4,168078,0.004949645107,0.000387264876,0.056606667779,50.451576054,
VM02,5,D5,167912,0.005266196232,0.000589947408,0.056248882955,50.6598694554,
VM02,5,D6,168256,0.004969069536,0.000374690224,0.056914107146,50.4071177254,
VM02,5,D7,168048,0.004944469581,1.00001e-05,0.057890605501,50.0196372465,
VM02,5,D8,167722,0.005234188684,0,0.062046037427,49.720966838,
VM02,5,D9,167506,0.005632446397,0,0.066502108369,49.7032942104,
VM02,5,D10,163286,0.005446182035,-0.002274616536,0.079353422807,48.3256372255,
VM02,5,D10_MINUS_D1,1555,-0.000481146746,0.001241270587,0.021247709791,52.7331189711,-0.030303030303
VM02,10,D1,167331,0.009999916286,0.00138121547,0.091622197517,50.8393543336,
VM02,10,D2,167058,0.009858816584,0.001280143356,0.084046991022,50.9068706677,
VM02,10,D3,167204,0.009697958645,0.001075168297,0.081285979242,50.8492619794,
VM02,10,D4,167043,0.009511660697,0.001601164483,0.080450796111,51.224535,
VM02,10,D5,166858,0.009891359719,0.001925627553,0.079504360068,51.4844957988,
VM02,10,D6,167144,0.009948956459,0.001943283683,0.080539907307,51.5699037955,
VM02,10,D7,166850,0.009896844481,0.001491669647,0.082736989253,51.1447407851,
VM02,10,D8,166440,0.01031079825,0.001060912058,0.086501679178,50.7029560202,
VM02,10,D9,165888,0.011024353599,0.001313522367,0.092166581079,50.8632330247,
VM02,10,D10,159611,0.011456425243,-0.000299900033,0.107998613702,49.7741383739,
VM02,10,D10_MINUS_D1,1550,0.001198105658,0.003808119802,0.028667677888,56.3870967742,0.684848484848
VM02,20,D1,164690,0.018755434712,0.004265050708,0.129992096065,51.9005404093,
VM02,20,D2,164882,0.019114577041,0.004474026821,0.121266214716,52.2622238935,
VM02,20,D3,165057,0.018321604204,0.004234297812,0.116833044446,52.1807617974,
VM02,20,D4,164914,0.01832510064,0.00449356925,0.114936947145,52.5194950095,
VM02,20,D5,164666,0.019225330488,0.005452835791,0.114558456836,53.0595265568,
VM02,20,D6,164915,0.019070885862,0.005408845052,0.115314220517,53.0527847679,
VM02,20,D7,164506,0.018796558236,0.004774880244,0.117791316338,52.6594774659,
VM02,20,D8,163876,0.019412729543,0.004446896382,0.122513710281,52.2132588054,
VM02,20,D9,162828,0.020188617657,0.00485618421,0.128974631733,52.2053946496,
VM02,20,D10,154545,0.022453379823,0.004113815564,0.149506529825,51.4277394934,
VM02,20,D10_MINUS_D1,1540,0.003184143838,0.005336358473,0.037572275201,56.6883116883,0.745454545455
VM03,1,D1,169560,0.000681015379,-0.00067993992,0.02509514699,47.5572068884,
VM03,1,D2,168790,0.000806620326,-0.000589749116,0.024473111103,47.9222702767,
VM03,1,D3,168954,0.000878118536,-0.000545582499,0.024653704122,48.0988908224,
VM03,1,D4,168797,0.001066095935,-0.000415303951,0.024877602852,48.2798864909,
VM03,1,D5,168636,0.001138980783,-0.000281478763,0.025254985057,48.6616143647,
VM03,1,D6,169075,0.001079849347,-0.000351370344,0.025792116104,48.4980038444,
VM03,1,D7,168934,0.001195015224,-0.000346220432,0.026741017997,48.5290113299,
VM03,1,D8,168696,0.001183771367,-0.00047952394,0.027961569163,48.2258026272,
VM03,1,D9,168790,0.001096789742,-0.00074072559,0.02942392735,47.7439421767,
VM03,1,D10,167818,0.001234984394,-0.001359178315,0.036398767517,47.0289241917,
VM03,1,D10_MINUS_D1,1559,0.000508546886,0.000242369192,0.006531024297,51.699807569,0.890909090909
VM03,2,D1,169285,0.001846825629,-0.000274318319,0.036685014471,49.0563251322,
VM03,2,D2,168572,0.002116096582,-0.000246184149,0.035859279238,49.1528842275,
VM03,2,D3,168734,0.002102691421,-0.000219250164,0.035896957821,49.1886638141,
VM03,2,D4,168546,0.002280526595,-5.0157499e-05,0.036010869192,49.358038755,
VM03,2,D5,168395,0.002406096305,0,0.036630491576,49.5192850144,
VM03,2,D6,168800,0.002442551107,0,0.037676504399,49.4982227488,
VM03,2,D7,168637,0.002451084905,-0.000117820324,0.038609952433,49.2709191933,
VM03,2,D8,168351,0.002362697965,-0.000328515112,0.040144522311,48.95545616,
VM03,2,D9,168348,0.002052457584,-0.000906147801,0.042098491664,48.1288758999,
VM03,2,D10,167178,0.000997351855,-0.002584027714,0.050243283147,46.0808240319,
VM03,2,D10_MINUS_D1,1558,-0.000968668279,-0.001040044502,0.008768186146,44.351732991,0.030303030303
VM03,3,D1,168999,0.002742831677,-9.9250658e-05,0.045508095776,49.3677477382,
VM03,3,D2,168358,0.003223603783,0,0.044540997653,49.785575975,
VM03,3,D3,168511,0.003187018869,0,0.044678800987,49.680436292,
VM03,3,D4,168299,0.003455592052,0,0.044798318805,49.8214487311,
VM03,3,D5,168167,0.003611334152,0,0.045313125795,49.9693756801,
VM03,3,D6,168554,0.003710119832,1.00001e-05,0.046302800121,50.0047462534,
VM03,3,D7,168366,0.003613428573,0,0.04749845818,49.7303493579,
VM03,3,D8,168038,0.00343175962,-0.000226321176,0.048937852823,49.2097025673,
VM03,3,D9,167962,0.003080381154,-0.000866401488,0.051304295728,48.5014467558,
VM03,3,D10,166462,0.001626782093,-0.00313166253,0.059771717003,46.3427088465,
VM03,3,D10_MINUS_D1,1557,-0.001357859286,-0.00149284622,0.010418174592,43.6095054592,-0.030303030303
VM03,5,D1,168426,0.004433659641,1.00001e-05,0.059679415308,50.0130621163,
VM03,5,D2,167862,0.005349345081,0.000328920962,0.058403185482,50.3139483623,
VM03,5,D3,168028,0.005182366973,0.000237428816,0.058731275817,50.2332944509,
VM03,5,D4,167835,0.005710896733,0.000689127106,0.058618420133,50.6753656865,
VM03,5,D5,167673,0.005816009013,0.00070977918,0.059072890302,50.7756168256,
VM03,5,D6,168014,0.005990797673,0.000810964242,0.060135454498,50.8207649363,
VM03,5,D7,167826,0.005979987251,0.000612594989,0.061501232321,50.6077723356,
VM03,5,D8,167449,0.005774410437,1.00001e-05,0.063037345824,50.0510603228,
VM03,5,D9,167276,0.005403097565,-0.000265839183,0.065631820271,49.3316435113,
VM03,5,D10,165304,0.003023228522,-0.003263420825,0.073850109577,46.9710351837,
VM03,5,D10_MINUS_D1,1555,-0.00169492041,-0.001278061363,0.01271231908,45.0160771704,0.175757575758
VM03,10,D1,166962,0.008351826487,0.00048571285,0.085206188102,50.3749356141,
VM03,10,D2,166611,0.009726925263,0.001074996838,0.083853089293,50.7325446699,
VM03,10,D3,166810,0.009613946519,0.001212635704,0.083536953998,50.8302859541,
VM03,10,D4,166636,0.010693887136,0.002065428409,0.083277224554,51.4726709715,
VM03,10,D5,166431,0.010862656069,0.002158273381,0.083929547968,51.60516971,
VM03,10,D6,166746,0.011251040661,0.002139172266,0.085181038436,51.6288246795,
VM03,10,D7,166522,0.011273630558,0.002330587972,0.086150408812,51.7757413435,
VM03,10,D8,166019,0.010974088487,0.001917633093,0.088002616105,51.3959245629,
VM03,10,D9,165648,0.010742283698,0.001395285271,0.090583268095,50.945981841,
VM03,10,D10,163042,0.008007148103,-0.00179871017,0.099063025657,48.6034273377,
VM03,10,D10_MINUS_D1,1550,-0.000528727377,-0.00097504763,0.017248724483,46.7741935484,0.284848484848
VM03,20,D1,164033,0.016059031382,0.002479924421,0.122321373689,51.2476148092,
VM03,20,D2,164131,0.018525567597,0.003951825367,0.121822447753,51.9060993962,
VM03,20,D3,164394,0.018409696722,0.004131088764,0.120481964275,52.0280545519,
VM03,20,D4,164167,0.0201154339,0.005089058524,0.120695702035,52.6025327867,
VM03,20,D5,163983,0.02028803231,0.005876207887,0.120511611909,52.9713445906,
VM03,20,D6,164278,0.020656573907,0.006278297821,0.120871798198,53.160496232,
VM03,20,D7,163994,0.02098790497,0.006582374845,0.121936602777,53.2867056112,
VM03,20,D8,163414,0.020606334214,0.005883434654,0.123702572685,52.9611905957,
VM03,20,D9,162803,0.020710782991,0.00524569104,0.126630757572,52.6353936967,
VM03,20,D10,159682,0.017054755225,0.001641673868,0.134689699978,50.7020202653,
VM03,20,D10_MINUS_D1,1540,0.000480578778,0.000608234246,0.023514699031,51.5584415584,0.490909090909
VM04,1,D1,165292,0.000518784283,-0.000664244954,0.023674371342,47.5897200106,
VM04,1,D2,164514,0.00073507877,-0.000598479863,0.023600260854,47.8852863586,
VM04,1,D3,164699,0.000974619939,-0.000438746161,0.024135710431,48.277767321,
VM04,1,D4,164473,0.001003143605,-0.000304321363,0.024214258937,48.6025061864,
VM04,1,D5,164377,0.001122540735,-0.000306607389,0.024986217624,48.5919562956,
VM04,1,D6,164757,0.001111398712,-0.000311623559,0.025596494715,48.5873134374,
VM04,1,D7,164553,0.001240321187,-0.000347463516,0.026546928155,48.4931906437,
VM04,1,D8,164392,0.001181755583,-0.000495012747,0.027751856921,48.234707285,
VM04,1,D9,164431,0.001114370227,-0.000812347685,0.030249320447,47.6424761754,
VM04,1,D10,163454,0.001119063841,-0.001531017833,0.037165094955,46.8321362585,
VM04,1,D10_MINUS_D1,1553,0.000513794001,0.000296169733,0.006992130976,52.2215067611,0.769696969697
VM04,2,D1,165085,0.001435835629,-0.000440140845,0.034859817742,48.8118242118,
VM04,2,D2,164323,0.001826462016,-0.000285551114,0.034535279638,49.068602691,
VM04,2,D3,164506,0.002202416039,0,0.034895654586,49.541658055,
VM04,2,D4,164272,0.002220613259,0,0.035228107078,49.4271695724,
VM04,2,D5,164160,0.002333169915,0,0.036200676221,49.48708577,
VM04,2,D6,164512,0.002412516958,0,0.03704711844,49.6547364326,
VM04,2,D7,164287,0.002554538497,-1e-05,0.038227325304,49.3526572401,
VM04,2,D8,164069,0.00237070916,-0.000345972876,0.039902349179,48.9007673601,
VM04,2,D9,163987,0.002130448881,-0.000940402022,0.043215150767,48.0879581918,
VM04,2,D10,162760,0.000907596827,-0.00275901202,0.051434141482,46.0051609732,
VM04,2,D10_MINUS_D1,1552,-0.000735294898,-0.000689059438,0.009483438198,47.3582474227,0.163636363636
VM04,3,D1,164870,0.002124125766,-0.000288241549,0.043373536812,49.1611572754,
VM04,3,D2,164128,0.002780433123,0,0.042780531099,49.6746441802,
VM04,3,D3,164308,0.003287986958,0,0.043362445505,49.8600189887,
VM04,3,D4,164076,0.003354046952,0,0.043705266207,49.9299105293,
VM04,3,D5,163939,0.00355801401,1.00001e-05,0.044760437676,50.0009149745,
VM04,3,D6,164282,0.003592042683,1.00001e-05,0.045659752459,50.0219135389,
VM04,3,D7,164015,0.003810740794,0,0.046990568888,49.8448312654,
VM04,3,D8,163756,0.003523179537,-0.000103271113,0.048822066866,49.3258262293,
VM04,3,D9,163642,0.003164259364,-0.000972306612,0.052404448435,48.4288874494,
VM04,3,D10,162033,0.001484480796,-0.003328867779,0.061226133853,46.2325575654,
VM04,3,D10_MINUS_D1,1551,-0.000965556676,-0.000587971295,0.011128725133,46.8729851709,0.127272727273
VM04,5,D1,164429,0.003530759057,0,0.057125525161,49.7527808355,
VM04,5,D2,163692,0.004567356125,0.000275712489,0.056195097982,50.2620775603,
VM04,5,D3,163896,0.0053462142,0.000580032894,0.056846703279,50.5814662957,
VM04,5,D4,163641,0.005278269389,0.000492853622,0.057085144699,50.4965137099,
VM04,5,D5,163493,0.00589999944,0.000909090909,0.058252871241,50.9972904039,
VM04,5,D6,163818,0.005732619862,0.000627090986,0.059120656172,50.6501117093,
VM04,5,D7,163497,0.006195545214,0.000644745326,0.060838692989,50.6052098815,
VM04,5,D8,163169,0.005958709001,0.000126606318,0.063098579905,50.1339102403,
VM04,5,D9,162948,0.005413392499,-0.000316986122,0.066862073879,49.2807521418,
VM04,5,D10,160843,0.002850408373,-0.00359044699,0.075686945591,46.8257866367,
VM04,5,D10_MINUS_D1,1549,-0.001115473489,-0.000724968307,0.013713554654,47.5790832795,0.29696969697
VM04,10,D1,163257,0.007168088045,0.000213287832,0.082022629357,50.1895783948,
VM04,10,D2,162606,0.00878257211,0.001056620776,0.08105202938,50.7139957935,
VM04,10,D3,162835,0.009554183408,0.001658403896,0.080849544665,51.1695888476,
VM04,10,D4,162531,0.010069199353,0.001660440017,0.081915896359,51.2006940214,
VM04,10,D5,162346,0.010941649206,0.002369571438,0.083057379846,51.8152587683,
VM04,10,D6,162593,0.010928637786,0.002281072661,0.08397207627,51.7832871034,
VM04,10,D7,162223,0.011384041061,0.002152413643,0.085327305531,51.6603687517,
VM04,10,D8,161752,0.011211289614,0.001990152476,0.087650090118,51.5431030219,
VM04,10,D9,161359,0.010672801619,0.001180583935,0.091757370908,50.766923444,
VM04,10,D10,158512,0.007714224073,-0.002368145285,0.101337058909,48.2871959221,
VM04,10,D10_MINUS_D1,1544,0.000183378923,0.000734599284,0.018209488775,51.878238342,0.418181818182
VM04,20,D1,160911,0.01521202688,0.002334532147,0.118848611345,51.1369639117,
VM04,20,D2,160384,0.017526158077,0.004023736019,0.118238602734,51.9715183559,
VM04,20,D3,160591,0.018674206652,0.00474137931,0.118280139094,52.3379267829,
VM04,20,D4,160224,0.019237094903,0.004830160468,0.118652607879,52.5171010585,
VM04,20,D5,160037,0.020052845516,0.005359020452,0.119464225794,52.7859182564,
VM04,20,D6,160150,0.020880378992,0.006691549318,0.120328437512,53.368716828,
VM04,20,D7,159780,0.021043856599,0.006353000865,0.121244129087,53.2876455126,
VM04,20,D8,159175,0.020928582666,0.00606417923,0.123650109355,53.0818281765,
VM04,20,D9,158447,0.020378420311,0.004958188411,0.128252157621,52.4875825986,
VM04,20,D10,154943,0.017037952609,0.001308472359,0.138137375086,50.5682734941,
VM04,20,D10_MINUS_D1,1534,0.001068917118,0.001119212283,0.0241476265,52.0860495437,0.478787878788
VM05,1,D1,169447,0.001673134394,0,0.028644315738,49.642070972,
VM05,1,D2,168771,0.001293398609,-0.000374299585,0.025437946911,48.6185422851,
VM05,1,D3,168954,0.001020390406,-0.000468708155,0.025007491532,48.3024965375,
VM05,1,D4,168805,0.000919219343,-0.000289214913,0.024756982863,48.2710820177,
VM05,1,D5,168619,0.00099575081,-0.000195809673,0.024735436591,48.2828151039,
VM05,1,D6,169083,0.000957195959,-0.000430848772,0.024993732399,47.9859004158,
VM05,1,D7,168979,0.000961166188,-0.000488466757,0.025193296453,48.159238722,
VM05,1,D8,168757,0.000932967338,-0.000634920635,0.026166861208,47.9292710821,
VM05,1,D9,168888,0.00079892895,-0.001013470717,0.028277798142,47.3526834352,
VM05,1,D10,167747,0.000802634871,-0.00238948626,0.037203549211,45.987111543,
VM05,1,D10_MINUS_D1,1559,-0.000860668774,-0.000735992971,0.00843334894,45.4778704298,-0.854545454545
VM05,2,D1,169076,0.003014284557,0.000246131138,0.040701540523,50.3312119993,
VM05,2,D2,168507,0.002546624832,-6.6484941e-05,0.036742292026,49.4970535349,
VM05,2,D3,168706,0.002340370579,-0.00012923236,0.036334861865,49.398954394,
VM05,2,D4,168566,0.002154357316,0,0.036377209815,49.4073537961,
VM05,2,D5,168373,0.002246234319,0,0.036134019484,49.4788356803,
VM05,2,D6,168836,0.002312330276,-1e-05,0.036396990141,49.1251865716,
VM05,2,D7,168734,0.002091001549,-0.000251984861,0.036505881013,49.1406592625,
VM05,2,D8,168506,0.002026353541,-0.000507228521,0.037816042937,48.81013139,
VM05,2,D9,168555,0.001722719901,-0.001265012725,0.040783115649,47.7393135772,
VM05,2,D10,166987,0.00059500199,-0.003915560095,0.051672203305,45.2675956811,
VM05,2,D10_MINUS_D1,1558,-0.002540971964,-0.00230499176,0.011538330763,40.6931964056,-0.951515151515
VM05,3,D1,168763,0.004278329648,0.000512190125,0.049677901732,50.5857326547,
VM05,3,D2,168254,0.003754016895,0,0.045255537256,49.9566132157,
VM05,3,D3,168475,0.003357986096,0,0.044902989482,49.7919572637,
VM05,3,D4,168338,0.003341826336,0,0.045466347926,49.8936663142,
VM05,3,D5,168136,0.003338733045,0,0.04475364319,49.7948089642,
VM05,3,D6,168595,0.003475102012,0,0.04514787923,49.7493994484,
VM05,3,D7,168495,0.003238369907,0,0.045370263096,49.7112673967,
VM05,3,D8,168252,0.003149783155,-0.000303087706,0.046469225288,49.3105579726,
VM05,3,D9,168245,0.002649536733,-0.001332214931,0.049689633623,48.1601236292,
VM05,3,D10,166163,0.001084467834,-0.00472095768,0.061509453495,45.4409224677,
VM05,3,D10_MINUS_D1,1557,-0.003448014408,-0.002842332694,0.013736334419,39.3063583815,-0.927272727273
VM05,5,D1,168215,0.006689551532,0.001067235859,0.063619337432,51.023392682,
VM05,5,D2,167765,0.006111641224,0.000773794171,0.059075305905,50.8592376241,
VM05,5,D3,167989,0.005283205539,0.000514899916,0.058679871283,50.5533100382,
VM05,5,D4,167822,0.005440639496,0.000417822318,0.059378254868,50.5243651011,
VM05,5,D5,167635,0.005325267037,0.000257864879,0.058305022845,50.3701494318,
VM05,5,D6,168085,0.00561517264,0.000379980458,0.059217689521,50.42865217,
VM05,5,D7,168012,0.005552688161,0.000660747968,0.059412351607,50.6160274266,
VM05,5,D8,167721,0.005338051547,0.000213369748,0.060197377242,50.1618759726,
VM05,5,D9,167654,0.004648447637,-0.000873591341,0.063651898968,48.9985326923,
VM05,5,D10,164795,0.002636652963,-0.005048448823,0.076617644523,46.2338056373,
VM05,5,D10_MINUS_D1,1555,-0.004385002954,-0.003475318388,0.017146397915,40.38585209,-0.684848484848
VM05,10,D1,166968,0.011752504143,0.002878865445,0.088010400455,52.0183508217,
VM05,10,D2,166513,0.011004636705,0.002164375548,0.0839280738,51.6374096917,
VM05,10,D3,166741,0.0098604389,0.001699462473,0.083775868725,51.2489429714,
VM05,10,D4,166543,0.010052151757,0.001472872369,0.083701798106,51.1357427211,
VM05,10,D5,166352,0.009913686091,0.001537989698,0.082845975998,51.1722131384,
VM05,10,D6,166812,0.010424544401,0.001522375496,0.08410490919,51.0718653334,
VM05,10,D7,166805,0.010388120886,0.001788472482,0.084400569826,51.2484637751,
VM05,10,D8,166429,0.010295891788,0.0019533646,0.085009839702,51.431541378,
VM05,10,D9,166200,0.009736359583,0.000789110309,0.088937406062,50.4981949458,
VM05,10,D10,162064,0.008041705138,-0.003977408346,0.10351673608,47.8625728107,
VM05,10,D10_MINUS_D1,1550,-0.003852203271,-0.003457866009,0.022206488227,42.3225806452,-0.636363636364
VM05,20,D1,164404,0.021044693867,0.007130803939,0.123381289103,53.3454173864,
VM05,20,D2,164042,0.020342406431,0.006467940307,0.119702148129,53.1955230977,
VM05,20,D3,164291,0.018999017957,0.004773127293,0.120301635217,52.5074410649,
VM05,20,D4,164021,0.019194709921,0.004366116387,0.120567560511,52.3500039629,
VM05,20,D5,163790,0.018709474912,0.003931802286,0.119797756608,52.113682154,
VM05,20,D6,164249,0.019261087705,0.004785623596,0.120766281187,52.5251295289,
VM05,20,D7,164364,0.018937022646,0.004851981205,0.120486237465,52.4348397459,
VM05,20,D8,163998,0.019807132323,0.005813381323,0.121470625765,52.9774753351,
VM05,20,D9,163492,0.019788815135,0.004569225949,0.125551747123,52.280845546,
VM05,20,D10,158228,0.017300705451,-0.000584642413,0.141198307612,49.7137042748,
VM05,20,D10_MINUS_D1,1540,-0.004148434363,-0.003744650519,0.028277537503,44.4805194805,-0.466666666667
VM06,1,D1,169545,0.001418710306,-0.000459981601,0.028745076937,48.5534813766,
VM06,1,D2,168778,0.001037159955,-0.000559552362,0.025350051862,48.1573427816,
VM06,1,D3,168949,0.000904618289,-0.000481157344,0.024911495916,48.2506555233,
VM06,1,D4,168803,0.000882590418,-0.000342465753,0.024650211506,48.1531726332,
VM06,1,D5,168617,0.000935011086,-0.000245074012,0.024722407874,48.1457978733,
VM06,1,D6,169092,0.001002704,-0.000394088808,0.025113247281,48.0856575119,
VM06,1,D7,168998,0.001090679762,-0.00042010936,0.025209089957,48.3733535308,
VM06,1,D8,168762,0.001025870148,-0.000481093395,0.026209248544,48.2928621372,
VM06,1,D9,168863,0.000977848911,-0.000782286317,0.02825517286,47.8322663935,
VM06,1,D10,167643,0.001081811427,-0.001905896367,0.03723634976,46.6932708195,
VM06,1,D10_MINUS_D1,1559,-0.000387077523,-2.4715603e-05,0.008945838781,49.6472097498,0.042424242424
VM06,2,D1,169255,0.00244899722,-0.000470422204,0.040800545663,49.0130276801,
VM06,2,D2,168529,0.00216713555,-0.000387897595,0.03653465328,49.0265770283,
VM06,2,D3,168704,0.00212037272,-0.000205603977,0.036359766756,49.2774326631,
VM06,2,D4,168566,0.002114765168,0,0.036030776468,49.3189611191,
VM06,2,D5,168355,0.002173937933,0,0.036018975165,49.3302842208,
VM06,2,D6,168856,0.002330880336,0,0.036509105468,49.2644620268,
VM06,2,D7,168759,0.002348636401,-6.5806791e-05,0.036666925286,49.3307023625,
VM06,2,D8,168508,0.002178518663,-0.000207705924,0.037733583371,49.2849004202,
VM06,2,D9,168535,0.001982399037,-0.000941311288,0.0408366485,48.2404248376,
VM06,2,D10,166779,0.001189088431,-0.003072196621,0.051909839417,46.1173169284,
VM06,2,D10_MINUS_D1,1558,-0.001486177571,-0.001053711501,0.012725132458,46.1489088575,-0.406060606061
VM06,3,D1,168994,0.003440019262,-0.000394346759,0.049609934061,49.2928743032,
VM06,3,D2,168297,0.003275886262,-0.000197726149,0.045059974789,49.4774119562,
VM06,3,D3,168463,0.003137137719,0,0.044943138104,49.6732220131,
VM06,3,D4,168326,0.003204703008,0,0.044766525742,49.7570191177,
VM06,3,D5,168112,0.003288685501,0,0.044712362526,49.8233320643,
VM06,3,D6,168631,0.003503933262,0,0.045266458356,49.777324454,
VM06,3,D7,168533,0.003496259778,0,0.045440051647,49.8086428177,
VM06,3,D8,168258,0.003339173787,-7.8296967e-05,0.04656985905,49.5679254478,
VM06,3,D9,168225,0.003049147632,-0.000738300772,0.049933306836,48.8292465448,
VM06,3,D10,165877,0.00194370836,-0.003633491311,0.061870099592,46.398837693,
VM06,3,D10_MINUS_D1,1557,-0.001853557514,-0.000682336917,0.01512296865,47.6557482338,-0.272727272727
VM06,5,D1,168516,0.005526241488,0,0.063196576286,49.9204823281,
VM06,5,D2,167805,0.005378741265,0.000354358611,0.05867383136,50.3429575996,
VM06,5,D3,167959,0.005144290246,0.000356792436,0.05890362437,50.3849153662,
VM06,5,D4,167834,0.005235957069,0.000300963085,0.058530289478,50.3997998022,
VM06,5,D5,167598,0.005456173642,0.000391945791,0.05822896629,50.5155192783,
VM06,5,D6,168123,0.005643086571,0.000320358802,0.059383143599,50.3595581806,
VM06,5,D7,168065,0.005632478457,0.000591063126,0.059580779608,50.5768601434,
VM06,5,D8,167762,0.005609845483,0.000476762162,0.060473779237,50.4238146899,
VM06,5,D9,167643,0.005311005363,-9.3685591e-05,0.064237367505,49.7068174633,
VM06,5,D10,164388,0.003722029311,-0.003658964261,0.076935250996,47.1518602331,
VM06,5,D10_MINUS_D1,1555,-0.002285199004,-0.00084684179,0.018969925276,47.459807074,-0.054545454545
VM06,10,D1,167368,0.010682146022,0.001870495106,0.088075645866,51.2822044835,
VM06,10,D2,166541,0.010266629801,0.00185455972,0.083154162054,51.3405107451,
VM06,10,D3,166689,0.009867735857,0.001402114857,0.08368945415,51.0363611276,
VM06,10,D4,166587,0.009910305864,0.001391238632,0.083208414496,51.0423982664,
VM06,10,D5,166303,0.010023933614,0.001472872369,0.083064541415,51.1494080083,
VM06,10,D6,166851,0.010291899522,0.001329787234,0.084405827273,50.9802158812,
VM06,10,D7,166884,0.010342942119,0.001837607971,0.084387650783,51.27993097,
VM06,10,D8,166551,0.010550486456,0.00202295236,0.084843262103,51.5607831835,
VM06,10,D9,166187,0.010501870026,0.001507840772,0.089562013258,50.9287730087,
VM06,10,D10,161466,0.009058519307,-0.002265495474,0.103836702152,48.7421500502,
VM06,10,D10_MINUS_D1,1550,-0.002146840108,-0.000810238546,0.024770305468,48.1290322581,-0.066666666667
VM06,20,D1,164955,0.020483033372,0.006566442025,0.123838587911,52.9980903883,
VM06,20,D2,164098,0.019522318641,0.00583447252,0.119083914677,52.7715145827,
VM06,20,D3,164189,0.01936234114,0.004717421766,0.121025985335,52.470019307,
VM06,20,D4,164134,0.019188811672,0.004211342673,0.120904284028,52.3017778157,
VM06,20,D5,163740,0.018665311271,0.004213642583,0.119094906885,52.3036521314,
VM06,20,D6,164276,0.019771918129,0.004620272926,0.121417880854,52.403881273,
VM06,20,D7,164506,0.018842069902,0.004896094688,0.119713388506,52.5026442805,
VM06,20,D8,164062,0.019193805784,0.005184878932,0.120577458881,52.7355511941,
VM06,20,D9,163525,0.019615710083,0.004641530991,0.125547686254,52.3711970647,
VM06,20,D10,157394,0.018785333361,0.001690833204,0.142014677547,50.6073929121,
VM06,20,D10_MINUS_D1,1540,-0.002675776096,-0.000768563584,0.03104937124,48.4415584416,-0.393939393939
VM07,1,D1,165193,0.001111192885,-0.000456621005,0.027731323754,48.4336503363,
VM07,1,D2,164478,0.001094967686,-0.000474860419,0.024947453031,48.3961380853,
VM07,1,D3,164691,0.000916656689,-0.000445632799,0.024477985194,48.254002951,
VM07,1,D4,164472,0.000920490133,-0.000240006,0.024194743267,48.3498711027,
VM07,1,D5,164397,0.000898933872,-0.000248262165,0.024104871105,48.1517302627,
VM07,1,D6,164795,0.001070026044,-0.00044078754,0.024929779005,48.0366515974,
VM07,1,D7,164574,0.000964061618,-0.000533448573,0.025416213973,48.2020246211,
VM07,1,D8,164439,0.000986594805,-0.000634253662,0.026812503242,48.1053764618,
VM07,1,D9,164460,0.001060929203,-0.000775354794,0.029123270498,47.9332360452,
VM07,1,D10,163443,0.001094158452,-0.00152641686,0.036668595905,46.8713863549,
VM07,1,D10_MINUS_D1,1553,-5.7987316e-05,0.000283176586,0.007911849684,51.6419832582,-0.090909090909
VM07,2,D1,164907,0.001935409095,-0.000498753117,0.039392829482,48.8226697472,
VM07,2,D2,164255,0.002302283784,-0.000190403656,0.036232815635,49.3774923138,
VM07,2,D3,164482,0.002046341486,-0.00012904917,0.035556382645,49.3421772595,
VM07,2,D4,164261,0.002130426355,0,0.035107543255,49.4791825205,
VM07,2,D5,164186,0.002139264694,0,0.035208720414,49.3720536465,
VM07,2,D6,164592,0.002207626322,-0.000132687952,0.035989963255,49.0370127345,
VM07,2,D7,164336,0.002191674024,-0.000263123387,0.036984532639,49.1712102035,
VM07,2,D8,164168,0.002194122924,-0.00042502488,0.038581536929,49.0083329272,
VM07,2,D9,164059,0.002171519104,-0.000828661955,0.042045727198,48.4130709074,
VM07,2,D10,162715,0.001074273553,-0.002690410608,0.050937563317,46.318409489,
VM07,2,D10_MINUS_D1,1552,-0.001045115786,-0.000666271425,0.011283467619,46.456185567,0.006060606061
VM07,3,D1,164651,0.002862446824,-0.000468164794,0.04814777172,49.0680287396,
VM07,3,D2,164041,0.003370623552,0,0.044515015185,49.7973067709,
VM07,3,D3,164273,0.003025545661,0,0.044039997115,49.7653296646,
VM07,3,D4,164057,0.003196676739,1.00001e-05,0.043588996804,50.0131052012,
VM07,3,D5,163966,0.003204448496,0,0.043661731713,49.6548064843,
VM07,3,D6,164381,0.003337341345,0,0.044561920611,49.597581229,
VM07,3,D7,164107,0.003312244302,0,0.045749960938,49.6468767329,
VM07,3,D8,163880,0.00334665071,-0.000238694093,0.04740320272,49.4349524042,
VM07,3,D9,163719,0.003320040124,-0.000670765791,0.051236935084,48.9430060042,
VM07,3,D10,161974,0.001701259292,-0.003106224163,0.060657799849,46.5648807833,
VM07,3,D10_MINUS_D1,1551,-0.001468792594,-0.00112716601,0.01352384395,45.5834945197,0.054545454545
VM07,5,D1,164183,0.00459923883,-0.000140835152,0.061712382007,49.6257225169,
VM07,5,D2,163589,0.005609861473,0.00070323488,0.057674811366,50.7124562165,
VM07,5,D3,163824,0.00492557358,0.000380853464,0.057606147923,50.3900527395,
VM07,5,D4,163640,0.005184542615,0.000499729356,0.056874918052,50.6495966756,
VM07,5,D5,163523,0.005161929217,0.000232523377,0.056930646514,50.3421537031,
VM07,5,D6,163920,0.00538116065,0.000354305083,0.058444591972,50.3654221572,
VM07,5,D7,163659,0.005369439041,0.000390015601,0.059614300046,50.3217054974,
VM07,5,D8,163331,0.005556065218,0.000142806141,0.061422337861,50.0756133251,
VM07,5,D9,163008,0.005647070259,0,0.065732422341,49.7766980762,
VM07,5,D10,160749,0.003338104806,-0.003123048095,0.075448906198,47.3352866892,
VM07,5,D10_MINUS_D1,1549,-0.001661941532,-0.001334825353,0.017020201145,45.9651387992,0.175757575758
VM07,10,D1,163053,0.009397992494,0.001205400193,0.08565665299,50.9453981221,
VM07,10,D2,162426,0.010533913253,0.002264053953,0.082215232695,51.6370531811,
VM07,10,D3,162716,0.009360985986,0.001383800698,0.082139302547,51.0386194351,
VM07,10,D4,162536,0.009666318802,0.001683653712,0.081132796963,51.2797164936,
VM07,10,D5,162382,0.009482792903,0.001340482574,0.081269292974,51.0586148711,
VM07,10,D6,162751,0.010083680748,0.001459854015,0.083246389044,50.9999938556,
VM07,10,D7,162448,0.010226239591,0.001766006792,0.084333437947,51.2077711021,
VM07,10,D8,161990,0.010798880412,0.001916604253,0.086620625865,51.2827952343,
VM07,10,D9,161386,0.010492344728,0.001502780831,0.090911306785,50.9003259267,
VM07,10,D10,158326,0.008378742825,-0.001798370908,0.101582055378,48.7841542135,
VM07,10,D10_MINUS_D1,1544,-0.001422517614,-0.000232262269,0.022211048395,49.1580310881,0.139393939394
VM07,20,D1,160719,0.019110595682,0.006076594736,0.121057793582,52.9595131876,
VM07,20,D2,160134,0.019841725201,0.006131577397,0.118405762988,52.9593965054,
VM07,20,D3,160408,0.018584587725,0.004294690694,0.119446494834,52.2517580171,
VM07,20,D4,160331,0.018764965243,0.004389448602,0.118222760454,52.3741509752,
VM07,20,D5,160058,0.01863817125,0.004322472128,0.117119555957,52.3835109773,
VM07,20,D6,160351,0.019664454743,0.004895960832,0.119991900015,52.5004521331,
VM07,20,D7,160049,0.019148266003,0.005231037489,0.120352272819,52.4783035195,
VM07,20,D8,159430,0.019745498488,0.005180893914,0.12263319529,52.5503355705,
VM07,20,D9,158515,0.019749377754,0.004594467886,0.128388651406,52.2417436836,
VM07,20,D10,154647,0.017700910124,0.002064220183,0.139455257989,50.8331878407,
VM07,20,D10_MINUS_D1,1534,-0.002221762312,-0.00032561661,0.028711393923,49.4784876141,-0.018181818182
