candidate_id,candidate_role,future_horizon,mean_ic,median_ic,ic_std,ic_positive_pct,ic_negative_pct,valid_dates,stock_observations,median_cross_section_size,mean_d10_d1_spread,mean_top10_bottom10_spread
VM01,CONTROL_PRICE,1,-0.039761499943,-0.034735709564,0.110548386346,33.7395766517,66.2604233483,1559,1694235,1088,-0.001106642052,-0.001107194445
VM01,CONTROL_PRICE,2,-0.049671177938,-0.043500815539,0.107454417208,29.8459563543,70.1540436457,1558,1691016,1088,-0.002601392179,-0.002601148675
VM01,CONTROL_PRICE,3,-0.05160599349,-0.045363856167,0.105553973334,29.1586384072,70.8413615928,1557,1687871,1088,-0.003500162676,-0.003498521225
VM01,CONTROL_PRICE,5,-0.049025964916,-0.043007865936,0.103347703882,30.7395498392,69.2604501608,1555,1681823,1087,-0.004166644755,-0.004141200565
VM01,CONTROL_PRICE,10,-0.032571294096,-0.025761069515,0.094357197536,37.4838709677,62.5161290323,1550,1667500,1086,-0.002824944079,-0.002798318564
VM01,CONTROL_PRICE,20,-0.019118000997,-0.013941580011,0.087143958777,41.8831168831,58.1168831169,1540,1640837,1083.5,-0.002506691338,-0.002465715203
VM02,CONTROL_PRICE,1,-0.027710332762,-0.023772322546,0.112324945178,40.8595253368,59.1404746632,1559,1688050,1081,-0.000543681878,-0.000536859139
VM02,CONTROL_PRICE,2,-0.028066607377,-0.023957428508,0.112967121892,39.7946084724,60.2053915276,1558,1684846,1081,-0.000994952148,-0.000981304664
VM02,CONTROL_PRICE,3,-0.02672533489,-0.019795720821,0.11307004919,41.1689145793,58.8310854207,1557,1681716,1081,-0.000926052427,-0.000905847136
VM02,CONTROL_PRICE,5,-0.024463532805,-0.017805866039,0.109299646659,41.9935691318,58.0064308682,1555,1675693,1081,-0.000481146746,-0.000460014947
VM02,CONTROL_PRICE,10,-0.016188999528,-0.006769381618,0.10284358661,47.3548387097,52.6451612903,1550,1661427,1080.5,0.001198105658,0.001212866616
VM02,CONTROL_PRICE,20,-0.011428718836,-0.003857653979,0.095725090543,47.9220779221,52.0779220779,1540,1634879,1079,0.003184143838,0.003217384967
VM03,CONTROL_VOLUME,1,-0.012609963037,-0.011808200462,0.063292168061,43.1686978833,56.8313021167,1559,1688050,1081,0.000508546886,0.000511344366
VM03,CONTROL_VOLUME,2,-0.02309205666,-0.0230189194,0.062510660634,33.568677792,66.431322208,1558,1684846,1081,-0.000968668279,-0.000949377893
VM03,CONTROL_VOLUME,3,-0.022809677649,-0.020761384662,0.061424630252,34.3609505459,65.6390494541,1557,1681716,1081,-0.001357859286,-0.001328790989
VM03,CONTROL_VOLUME,5,-0.018956691593,-0.01759112611,0.058934435731,36.9131832797,63.0868167203,1555,1675693,1081,-0.00169492041,-0.001644345703
VM03,CONTROL_VOLUME,10,-0.007254978716,-0.00670994632,0.057793630151,45.6774193548,54.3225806452,1550,1661427,1080.5,-0.000528727377,-0.000458217078
VM03,CONTROL_VOLUME,20,0.001229397684,0.002076730257,0.057323852652,51.7532467532,48.2467532468,1540,1634879,1079,0.000480578778,0.000552823389
VM04,CONTROL_VOLUME,1,-0.018068270245,-0.015604443091,0.071195230792,39.9871216999,60.0128783001,1553,1644942,1064,0.000513794001,0.000513970958
VM04,CONTROL_VOLUME,2,-0.026055909346,-0.025742816738,0.069625988245,34.2783505155,65.7216494845,1552,1641961,1063.5,-0.000735294898,-0.000740307239
VM04,CONTROL_VOLUME,3,-0.025136794996,-0.02294092938,0.068915864383,35.9123146357,64.0876853643,1551,1639049,1063,-0.000965556676,-0.000972308896
VM04,CONTROL_VOLUME,5,-0.020911044727,-0.019880245258,0.067629721827,37.1852808263,62.8147191737,1549,1633426,1063,-0.001115473489,-0.001131538764
VM04,CONTROL_VOLUME,10,-0.009472155325,-0.007380364116,0.065223625861,45.3367875648,54.6632124352,1544,1620014,1062,0.000183378923,0.000151433286
VM04,CONTROL_VOLUME,20,-0.001776555795,0.000194330511,0.060878328408,50.1955671447,49.8044328553,1534,1594642,1061,0.001068917118,0.001050728541
VM05,INTERACTION,1,-0.03150867282,-0.03003719152,0.067838000265,30.660679923,69.339320077,1559,1688050,1081,-0.000860668774,-0.000851890977
VM05,INTERACTION,2,-0.038692664663,-0.035634644984,0.067274640613,26.6367137356,73.3632862644,1558,1684846,1081,-0.002540971964,-0.002521238283
VM05,INTERACTION,3,-0.039414426993,-0.033832684344,0.066654487982,26.7822736031,73.2177263969,1557,1681716,1081,-0.003448014408,-0.00342343087
VM05,INTERACTION,5,-0.037089464977,-0.032629143495,0.066041091322,27.9742765273,72.0257234727,1555,1675693,1081,-0.004385002954,-0.004342276983
VM05,INTERACTION,10,-0.027861204015,-0.023852319464,0.064191290478,35.0967741935,64.9032258065,1550,1661427,1080.5,-0.003852203271,-0.003810020975
VM05,INTERACTION,20,-0.021080446744,-0.017648354466,0.059161253607,37.0779220779,62.9220779221,1540,1634879,1079,-0.004148434363,-0.004092907176
VM06,INTERACTION,1,-0.021627256633,-0.016483299014,0.07089301889,37.9730596536,62.0269403464,1559,1688050,1081,-0.000387077523,-0.000391754853
VM06,INTERACTION,2,-0.026368937088,-0.022963667583,0.071856991611,36.136071887,63.863928113,1558,1684846,1081,-0.001486177571,-0.001489212624
VM06,INTERACTION,3,-0.025811830453,-0.022965505463,0.072012939396,36.8015414258,63.1984585742,1557,1681716,1081,-0.001853557514,-0.00185063128
VM06,INTERACTION,5,-0.023853247647,-0.018709881594,0.07013586027,36.9131832797,63.0868167203,1555,1675693,1081,-0.002285199004,-0.002271176188
VM06,INTERACTION,10,-0.019428901511,-0.012610099772,0.066997969749,40.6451612903,59.3548387097,1550,1661427,1080.5,-0.002146840108,-0.002094063618
VM06,INTERACTION,20,-0.017740406881,-0.013451363412,0.062655407154,41.038961039,58.961038961,1540,1634879,1079,-0.002675776096,-0.002607161079
VM07,INTERACTION,1,-0.023140954496,-0.020448941968,0.071401809786,37.2826786864,62.7173213136,1553,1644942,1064,-5.7987316e-05,-5.67663e-05
VM07,INTERACTION,2,-0.027028019167,-0.023831387077,0.07170599015,36.9845360825,63.0154639175,1552,1641961,1063.5,-0.001045115786,-0.001031722057
VM07,INTERACTION,3,-0.026328474259,-0.024052925954,0.071698295478,36.8149580916,63.1850419084,1551,1639049,1063,-0.001468792594,-0.001445070272
VM07,INTERACTION,5,-0.02417947382,-0.020203258304,0.069804229592,36.8624919303,63.1375080697,1549,1633426,1063,-0.001661941532,-0.001633421935
VM07,INTERACTION,10,-0.019532049998,-0.01362823716,0.067104392168,42.5518134715,57.4481865285,1544,1620014,1062,-0.001422517614,-0.001394185941
VM07,INTERACTION,20,-0.018744604999,-0.015169129011,0.062156284423,39.7001303781,60.2998696219,1534,1594642,1061,-0.002221762312,-0.002206374048
