candidate_id,future_horizon,offset,minimum_signal_spacing_sessions,spacing_valid,mean_ic,median_ic,ic_std,ic_positive_pct,ic_negative_pct,valid_dates,stock_observations,median_cross_section_size,mean_d10_d1_spread,mean_top10_bottom10_spread,offset_mean_ic,offset_positive_fraction,offset_mean_d10_d1_spread
VM01,1,0,1,True,-0.039761499943,-0.034735709564,0.110548386346,33.7395766517,66.2604233483,1559,1694235,1088,-0.001106642052,-0.001107194445,-0.039761499943,0,-0.001106642052
VM01,2,0,2,True,-0.049605384632,-0.043450161545,0.108485780634,29.0115532734,70.9884467266,779,845260,1088,-0.002622545004,-0.002627364131,-0.049671177938,0,-0.002601392179
VM01,2,1,2,True,-0.049736971244,-0.043551469533,0.106482728572,30.6803594352,69.3196405648,779,845756,1088,-0.002580239354,-0.00257493322,-0.049671177938,0,-0.002601392179
VM01,3,0,3,True,-0.04965002133,-0.045641274719,0.102573821121,28.323699422,71.676300578,519,562230,1090,-0.003323026036,-0.003314290703,-0.05160599349,0,-0.003500162676
VM01,3,1,3,True,-0.052841656926,-0.046657893957,0.111150501217,30.4431599229,69.5568400771,519,562683,1086,-0.003806879577,-0.003835727854,-0.05160599349,0,-0.003500162676
VM01,3,2,3,True,-0.052326302212,-0.041956028282,0.102889436818,28.7090558767,71.2909441233,519,562958,1087,-0.003370582414,-0.003345545119,-0.05160599349,0,-0.003500162676
VM01,5,0,5,True,-0.045448914057,-0.040522298386,0.096836667223,33.1189710611,66.8810289389,311,336024,1083,-0.003589894944,-0.003539289559,-0.049025964916,0,-0.004166644755
VM01,5,1,5,True,-0.054654641569,-0.045057176559,0.117428604676,30.8681672026,69.1318327974,311,336208,1088,-0.005689367431,-0.00567917773,-0.049025964916,0,-0.004166644755
VM01,5,2,5,True,-0.054126053105,-0.042756359357,0.105363534226,26.6881028939,73.3118971061,311,336440,1087,-0.004639813098,-0.004634785133,-0.049025964916,0,-0.004166644755
VM01,5,3,5,True,-0.048772769672,-0.040375444093,0.102856523676,32.154340836,67.845659164,311,336458,1087,-0.003430381224,-0.003388552219,-0.049025964916,0,-0.004166644755
VM01,5,4,5,True,-0.042127446174,-0.04553100233,0.092602788853,30.8681672026,69.1318327974,311,336693,1092,-0.003483767079,-0.003464198186,-0.049025964916,0,-0.004166644755
VM01,10,0,10,True,-0.029375896521,-0.017347143338,0.088029313841,40.6451612903,59.3548387097,155,166392,1086,1.6848e-07,-6.701521e-06,-0.032571294096,0,-0.002824944079
VM01,10,1,10,True,-0.030225103819,-0.023026172142,0.10294691023,39.3548387097,60.6451612903,155,166455,1086,-0.001172352333,-0.001223256678,-0.032571294096,0,-0.002824944079
VM01,10,2,10,True,-0.037164256705,-0.029817742349,0.101587082379,40.6451612903,59.3548387097,155,166556,1087,-0.001547090027,-0.001666759184,-0.032571294096,0,-0.002824944079
VM01,10,3,10,True,-0.038954731383,-0.036739681095,0.101012346803,34.8387096774,65.1612903226,155,166582,1085,-0.003948971214,-0.003949648761,-0.032571294096,0,-0.002824944079
VM01,10,4,10,True,-0.040395751165,-0.034934335348,0.090915707953,32.2580645161,67.7419354839,155,166662,1084,-0.005253255853,-0.005212690766,-0.032571294096,0,-0.002824944079
VM01,10,5,10,True,-0.03946742592,-0.029204396849,0.094679503798,31.6129032258,68.3870967742,155,166767,1081,-0.005682116516,-0.005613546852,-0.032571294096,0,-0.002824944079
VM01,10,6,10,True,-0.037863262657,-0.020359735697,0.10722687078,37.4193548387,62.5806451613,155,166901,1090,-0.006355942979,-0.006217540512,-0.032571294096,0,-0.002824944079
VM01,10,7,10,True,-0.027479470865,-0.019409131157,0.089941068416,41.2903225806,58.7096774194,155,167029,1086,-0.004469508164,-0.004331352126,-0.032571294096,0,-0.002824944079
VM01,10,8,10,True,-0.023364258673,-0.022752286875,0.080268081657,38.064516129,61.935483871,155,166991,1087,-0.000720831972,-0.000717619671,-0.032571294096,0,-0.002824944079
VM01,10,9,10,True,-0.021422783253,-0.022390158554,0.083488863855,38.7096774194,61.2903225806,155,167165,1093,0.000900459792,0.000955930433,-0.032571294096,0,-0.002824944079
VM01,20,0,20,True,-0.02435589469,-0.018290951639,0.086952211678,40.2597402597,59.7402597403,77,81694,1094,-0.002709746852,-0.002881117652,-0.019118000997,0,-0.002506691338
VM01,20,1,20,True,-0.020108596432,-0.019272443133,0.093938539522,41.5584415584,58.4415584416,77,81703,1089,-0.001591580845,-0.001591982219,-0.019118000997,0,-0.002506691338
VM01,20,2,20,True,-0.025203307567,-0.01680042894,0.095198593228,36.3636363636,63.6363636364,77,81729,1088,-0.001946455063,-0.001987319398,-0.019118000997,0,-0.002506691338
VM01,20,3,20,True,-0.030134070047,-0.038129483667,0.08313081314,36.3636363636,63.6363636364,77,81746,1085,-0.005889686206,-0.005947277215,-0.019118000997,0,-0.002506691338
VM01,20,4,20,True,-0.032261886358,-0.018322959828,0.074283954084,35.0649350649,64.9350649351,77,81793,1084,-0.009453895349,-0.009514345691,-0.019118000997,0,-0.002506691338
VM01,20,5,20,True,-0.036400720633,-0.020002722207,0.0831290414,33.7662337662,66.2337662338,77,81814,1080,-0.011103775852,-0.010666134868,-0.019118000997,0,-0.002506691338
VM01,20,6,20,True,-0.041523168217,-0.015864175787,0.104261155412,38.961038961,61.038961039,77,81861,1071,-0.011280393505,-0.011159486267,-0.019118000997,0,-0.002506691338
VM01,20,7,20,True,-0.024712632544,-0.016421654572,0.087197873664,42.8571428571,57.1428571429,77,81931,1069,-0.005830408826,-0.005669719295,-0.019118000997,0,-0.002506691338
VM01,20,8,20,True,-0.020367376922,-0.013916795926,0.078712757234,37.6623376623,62.3376623377,77,81889,1065,0.000149073406,0.000103209172,-0.019118000997,0,-0.002506691338
VM01,20,9,20,True,-0.005132675675,-0.017552203919,0.074573754866,38.961038961,61.038961039,77,81974,1070,0.004927278069,0.005098450438,-0.019118000997,0,-0.002506691338
VM01,20,10,20,True,-0.000865842458,0.000969733177,0.081007276235,50.6493506494,49.3506493506,77,82022,1073,0.005515796112,0.005626655297,-0.019118000997,0,-0.002506691338
VM01,20,11,20,True,-0.01412295056,-0.009259214285,0.097973527688,45.4545454545,54.5454545455,77,82084,1075,0.000448098916,0.00039696277,-0.019118000997,0,-0.002506691338
VM01,20,12,20,True,-0.015711588772,-0.007125105389,0.089111009504,40.2597402597,59.7402597403,77,82163,1075,0.001239949896,0.001326344173,-0.019118000997,0,-0.002506691338
VM01,20,13,20,True,-0.018403596683,-0.023735678373,0.090754809374,40.2597402597,59.7402597403,77,82180,1079,-0.000764490304,-0.000779463733,-0.019118000997,0,-0.002506691338
VM01,20,14,20,True,-0.011728158746,-0.000760454579,0.078206870985,48.0519480519,51.9480519481,77,82213,1082,-0.001656479275,-0.001538051712,-0.019118000997,0,-0.002506691338
VM01,20,15,20,True,-0.009421281183,0.00345512363,0.087925352008,53.2467532468,46.7532467532,77,82302,1083,-0.000274489048,-0.000394859036,-0.019118000997,0,-0.002506691338
VM01,20,16,20,True,-0.017126282898,-0.003926693228,0.096865713318,45.4545454545,54.5454545455,77,82387,1094,-0.007338223196,-0.00731476011,-0.019118000997,0,-0.002506691338
VM01,20,17,20,True,-0.010331323253,-0.005383693966,0.087424393015,46.7532467532,53.2467532468,77,82436,1094,-0.002661907623,-0.002466265018,-0.019118000997,0,-0.002506691338
VM01,20,18,20,True,-0.006884863511,-0.015635188876,0.080865886831,42.8571428571,57.1428571429,77,82421,1091,0.001535778982,0.00151881624,-0.019118000997,0,-0.002506691338
VM01,20,19,20,True,-0.017563802783,-0.016674363675,0.082718288845,42.8571428571,57.1428571429,77,82495,1098,-0.001448270193,-0.001473959938,-0.019118000997,0,-0.002506691338
VM02,1,0,1,True,-0.027710332762,-0.023772322546,0.112324945178,40.8595253368,59.1404746632,1559,1688050,1081,-0.000543681878,-0.000536859139,-0.027710332762,0,-0.000543681878
VM02,2,0,2,True,-0.028080782514,-0.026108809026,0.115264269662,39.7946084724,60.2053915276,779,842218,1082,-0.00086633627,-0.000856368602,-0.028066607377,0,-0.000994952148
VM02,2,1,2,True,-0.02805243224,-0.021546805152,0.110696395791,39.7946084724,60.2053915276,779,842628,1081,-0.001123568026,-0.001106240726,-0.028066607377,0,-0.000994952148
VM02,3,0,3,True,-0.026462052522,-0.02002853181,0.111240218849,40.0770712909,59.9229287091,519,560154,1081,-0.001185551051,-0.00118668283,-0.02672533489,0,-0.000926052427
VM02,3,1,3,True,-0.026611204339,-0.020619711967,0.117016454456,41.8111753372,58.1888246628,519,560613,1081,-0.000666428149,-0.000637202708,-0.02672533489,0,-0.000926052427
VM02,3,2,3,True,-0.027102747808,-0.018803954252,0.111069384853,41.6184971098,58.3815028902,519,560949,1082,-0.000926178081,-0.000893655871,-0.02672533489,0,-0.000926052427
VM02,5,0,5,True,-0.023628831543,-0.015005973312,0.108584857828,42.1221864952,57.8778135048,311,334779,1081,-0.000406932083,-0.000401177026,-0.024463532805,0,-0.000481146746
VM02,5,1,5,True,-0.027460541782,-0.017618995155,0.119786882802,42.1221864952,57.8778135048,311,334942,1079,-0.001517697873,-0.001491547763,-0.024463532805,0,-0.000481146746
VM02,5,2,5,True,-0.024708492089,-0.017086360152,0.109195154044,41.8006430868,58.1993569132,311,335222,1080,-0.000285316213,-0.000300429183,-0.024463532805,0,-0.000481146746
VM02,5,3,5,True,-0.023789949432,-0.017906402492,0.105359296384,43.4083601286,56.5916398714,311,335287,1082,1.716609e-05,1.8125895e-05,-0.024463532805,0,-0.000481146746
VM02,5,4,5,True,-0.022729849179,-0.019105505837,0.103485451517,40.5144694534,59.4855305466,311,335463,1084,-0.00021295365,-0.000125046658,-0.024463532805,0,-0.000481146746
VM02,10,0,10,True,-0.014063565409,-0.005788691206,0.096595072376,48.3870967742,51.6129032258,155,165805,1081,0.001797570329,0.001847011241,-0.016188999528,0,0.001198105658
VM02,10,1,10,True,-0.017742836134,-0.010248197877,0.102874541201,46.4516129032,53.5483870968,155,165842,1079,0.000828819379,0.000829248623,-0.016188999528,0,0.001198105658
VM02,10,2,10,True,-0.014896894945,-0.010323393795,0.10385742114,46.4516129032,53.5483870968,155,165956,1080,0.002052488408,0.001975632726,-0.016188999528,0,0.001198105658
VM02,10,3,10,True,-0.017918026101,-0.01034130342,0.101019593555,45.1612903226,54.8387096774,155,165992,1081,0.001335159727,0.001270147866,-0.016188999528,0,0.001198105658
VM02,10,4,10,True,-0.017604724849,-0.009791389928,0.103844991821,43.8709677419,56.1290322581,155,166068,1079,0.001588134131,0.001706634371,-0.016188999528,0,0.001198105658
VM02,10,5,10,True,-0.017381047722,-0.012587424335,0.111926486673,46.4516129032,53.5483870968,155,166119,1079,0.000714650797,0.000665422548,-0.016188999528,0,0.001198105658
VM02,10,6,10,True,-0.020095510212,-0.003575495658,0.1151059368,49.6774193548,50.3225806452,155,166260,1077,-0.000528910687,-0.000488642962,-0.016188999528,0,0.001198105658
VM02,10,7,10,True,-0.017577260002,-0.00601536164,0.102899482489,47.7419354839,52.2580645161,155,166423,1079,-0.000122935126,-8.8280127e-05,-0.016188999528,0,0.001198105658
VM02,10,8,10,True,-0.013281010301,-0.006259187958,0.098552971217,49.6774193548,50.3225806452,155,166421,1082,0.002260584648,0.002217902998,-0.016188999528,0,0.001198105658
VM02,10,9,10,True,-0.011329119606,-0.001501275333,0.092491463945,49.6774193548,50.3225806452,155,166541,1086,0.00205549497,0.002193588875,-0.016188999528,0,0.001198105658
VM02,20,0,20,True,-0.009553115845,-0.018806716356,0.099701575034,46.7532467532,53.2467532468,77,81403,1086,0.00378521744,0.003910241945,-0.011428718836,0,0.003184143838
VM02,20,1,20,True,-0.012875597597,-0.023843541852,0.092206378635,41.5584415584,58.4415584416,77,81396,1082,0.001663410916,0.001554055529,-0.011428718836,0,0.003184143838
VM02,20,2,20,True,-0.014509101885,-0.015497940937,0.094274986931,44.1558441558,55.8441558442,77,81437,1080,0.001393656776,0.001213209734,-0.011428718836,0,0.003184143838
VM02,20,3,20,True,-0.018123073467,-0.010850148953,0.087060341315,45.4545454545,54.5454545455,77,81461,1081,0.000125681673,5.9563488e-05,-0.011428718836,0,0.003184143838
VM02,20,4,20,True,-0.016081603542,-0.00740948901,0.086663949047,46.7532467532,53.2467532468,77,81506,1079,-0.002605355976,-0.002255744304,-0.011428718836,0,0.003184143838
VM02,20,5,20,True,-0.01457708974,-0.008035786446,0.094324343191,45.4545454545,54.5454545455,77,81510,1069,-0.001787247606,-0.001941831623,-0.011428718836,0,0.003184143838
VM02,20,6,20,True,-0.022585472387,-0.00527209221,0.102637486188,48.0519480519,51.9480519481,77,81548,1068,-0.002042525314,-0.002140332339,-0.011428718836,0,0.003184143838
VM02,20,7,20,True,-0.018430978598,-0.00343886058,0.095283974772,49.3506493506,50.6493506494,77,81645,1069,-0.000664899325,-0.000749543254,-0.011428718836,0,0.003184143838
VM02,20,8,20,True,-0.017845418916,-0.003569461329,0.093601675765,46.7532467532,53.2467532468,77,81617,1063,0.002358960278,0.002474551257,-0.011428718836,0,0.003184143838
VM02,20,9,20,True,-0.011103645032,-0.009547992438,0.086347353041,41.5584415584,58.4415584416,77,81671,1066,0.004222752896,0.004346720289,-0.011428718836,0,0.003184143838
VM02,20,10,20,True,-0.011348353267,-0.010033985976,0.092492297073,46.7532467532,53.2467532468,77,81734,1069,0.003054206542,0.00321604646,-0.011428718836,0,0.003184143838
VM02,20,11,20,True,-0.011400908366,0.001285039614,0.107671055779,50.6493506494,49.3506493506,77,81785,1071,0.003975171895,0.00423874363,-0.011428718836,0,0.003184143838
VM02,20,12,20,True,-0.007825919782,-0.014986240998,0.107663814309,45.4545454545,54.5454545455,77,81863,1071,0.006393364234,0.006486167753,-0.011428718836,0,0.003184143838
VM02,20,13,20,True,-0.004449399888,0.002654656137,0.097608437145,51.9480519481,48.0519480519,77,81883,1075,0.00706190885,0.006891126071,-0.011428718836,0,0.003184143838
VM02,20,14,20,True,-0.005560916987,0.002897115521,0.089383386807,50.6493506494,49.3506493506,77,81919,1078,0.007019288495,0.007150259924,-0.011428718836,0,0.003184143838
VM02,20,15,20,True,-0.002203822807,0.016442282973,0.099468694864,55.8441558442,44.1558441558,77,81975,1079,0.007617102261,0.007536752899,-0.011428718836,0,0.003184143838
VM02,20,16,20,True,-0.010077941989,0.002416904867,0.10306372302,50.6493506494,49.3506493506,77,82070,1086,0.004274831049,0.004526103882,-0.011428718836,0,0.003184143838
VM02,20,17,20,True,-0.009793380338,0.00265537875,0.098752585964,51.9480519481,48.0519480519,77,82128,1089,0.003678524745,0.003831689945,-0.011428718836,0,0.003184143838
VM02,20,18,20,True,-0.005360820648,0.002850440958,0.096528579769,50.6493506494,49.3506493506,77,82135,1085,0.007289950412,0.007230555807,-0.011428718836,0,0.003184143838
VM02,20,19,20,True,-0.004867815636,-0.001557442975,0.094800272139,48.0519480519,51.9480519481,77,82193,1088,0.006868876524,0.006769362256,-0.011428718836,0,0.003184143838
VM03,1,0,1,True,-0.012609963037,-0.011808200462,0.063292168061,43.1686978833,56.8313021167,1559,1688050,1081,0.000508546886,0.000511344366,-0.012609963037,0,0.000508546886
VM03,2,0,2,True,-0.020980730999,-0.018099896124,0.063420643288,35.8151476252,64.1848523748,779,842218,1082,-0.000769368227,-0.000730670066,-0.02309205666,0,-0.000968668279
VM03,2,1,2,True,-0.025203382321,-0.027043000215,0.061555528907,31.3222079589,68.6777920411,779,842628,1081,-0.001167968331,-0.00116808572,-0.02309205666,0,-0.000968668279
VM03,3,0,3,True,-0.023540926083,-0.020629545632,0.061529364931,35.0674373796,64.9325626204,519,560154,1081,-0.001506174783,-0.001492937498,-0.022809677649,0,-0.001357859286
VM03,3,1,3,True,-0.021797388721,-0.020131432078,0.062212887954,32.9479768786,67.0520231214,519,560613,1081,-0.001070434292,-0.001022196911,-0.022809677649,0,-0.001357859286
VM03,3,2,3,True,-0.023090718143,-0.02158321888,0.060626523394,35.0674373796,64.9325626204,519,560949,1082,-0.001496968784,-0.001471238557,-0.022809677649,0,-0.001357859286
VM03,5,0,5,True,-0.021188566745,-0.019118890973,0.05896669359,34.0836012862,65.9163987138,311,334779,1081,-0.002509184557,-0.002485079892,-0.018956691593,0,-0.00169492041
VM03,5,1,5,True,-0.017946840733,-0.018973565842,0.060377074254,37.6205787781,62.3794212219,311,334942,1079,-0.002117542499,-0.002067398851,-0.018956691593,0,-0.00169492041
VM03,5,2,5,True,-0.017438818908,-0.015397777046,0.06124807251,39.5498392283,60.4501607717,311,335222,1080,-0.00138383507,-0.001325172802,-0.018956691593,0,-0.00169492041
VM03,5,3,5,True,-0.018779652315,-0.019083834309,0.056613330469,36.6559485531,63.3440514469,311,335287,1082,-0.001201901528,-0.0011850618,-0.018956691593,0,-0.00169492041
VM03,5,4,5,True,-0.019429579266,-0.015227221498,0.057651623822,36.6559485531,63.3440514469,311,335463,1084,-0.001262138395,-0.001159015171,-0.018956691593,0,-0.00169492041
VM03,10,0,10,True,-0.008649684334,-0.012131120407,0.057696915853,45.8064516129,54.1935483871,155,165805,1081,-0.000440377235,-0.00036566076,-0.007254978716,0,-0.000528727377
VM03,10,1,10,True,-0.00578257139,-0.010076378942,0.054463319819,41.2903225806,58.7096774194,155,165842,1079,0.000228728136,0.0003486138,-0.007254978716,0,-0.000528727377
VM03,10,2,10,True,-0.005163670739,0.001389783589,0.054340693032,50.9677419355,49.0322580645,155,165956,1080,0.000357630172,0.000480664389,-0.007254978716,0,-0.000528727377
VM03,10,3,10,True,-0.009301306898,-0.008060719769,0.054549392255,43.2258064516,56.7741935484,155,165992,1081,-0.000790942562,-0.000834757747,-0.007254978716,0,-0.000528727377
VM03,10,4,10,True,-0.011981299828,-0.016798797137,0.062195581139,40,60,155,166068,1079,-0.001369424103,-0.001364232969,-0.007254978716,0,-0.000528727377
VM03,10,5,10,True,-0.011861868291,-0.010599094617,0.061943971742,43.2258064516,56.7741935484,155,166119,1079,-0.0017489274,-0.001686735726,-0.007254978716,0,-0.000528727377
VM03,10,6,10,True,-0.004740979198,-0.005811723125,0.059853918534,47.7419354839,52.2580645161,155,166260,1077,-0.001798215537,-0.001640777826,-0.007254978716,0,-0.000528727377
VM03,10,7,10,True,-0.004759889742,-0.008140041527,0.05757621667,44.5161290323,55.4838709677,155,166423,1079,-0.00045273216,-0.000430811963,-0.007254978716,0,-0.000528727377
VM03,10,8,10,True,-0.00481682554,0.001875210547,0.058246459527,50.9677419355,49.0322580645,155,166421,1082,0.000136079636,0.000140913714,-0.007254978716,0,-0.000528727377
VM03,10,9,10,True,-0.005491691197,-0.002860442905,0.057433913344,49.0322580645,50.9677419355,155,166541,1086,0.00059090728,0.000770614305,-0.007254978716,0,-0.000528727377
VM03,20,0,20,True,0.001010927687,0.004947602928,0.053176677718,57.1428571429,42.8571428571,77,81403,1086,0.002689569958,0.002671818661,0.001229397684,0.65,0.000480578778
VM03,20,1,20,True,0.00486778325,0.007381811321,0.048467254508,54.5454545455,45.4545454545,77,81396,1082,0.000670608312,0.000853237046,0.001229397684,0.65,0.000480578778
VM03,20,2,20,True,0.008508173269,0.016449603291,0.052649959024,64.9350649351,35.0649350649,77,81437,1080,0.000347991132,0.000482004349,0.001229397684,0.65,0.000480578778
VM03,20,3,20,True,0.000766184027,0.003271717733,0.062015603914,53.2467532468,46.7532467532,77,81461,1081,-0.002338007757,-0.002392683771,0.001229397684,0.65,0.000480578778
VM03,20,4,20,True,-0.00027630544,0.005683316068,0.065627468704,53.2467532468,46.7532467532,77,81506,1079,-0.002108220777,-0.002153825345,0.001229397684,0.65,0.000480578778
VM03,20,5,20,True,-0.004623754501,-0.007155396334,0.061994256328,46.7532467532,53.2467532468,77,81510,1069,-0.000154158439,8.7491774e-05,0.001229397684,0.65,0.000480578778
VM03,20,6,20,True,-0.000414233851,-0.009447140889,0.064414127734,44.1558441558,55.8441558442,77,81548,1068,0.000851219343,0.001011621185,0.001229397684,0.65,0.000480578778
VM03,20,7,20,True,0.003133692618,0.002071614445,0.052010238894,51.9480519481,48.0519480519,77,81645,1069,-0.000357077743,-0.000420724487,0.001229397684,0.65,0.000480578778
VM03,20,8,20,True,0.002503574454,-0.001462361243,0.056738936064,49.3506493506,50.6493506494,77,81617,1063,0.000741008767,0.000764795411,0.001229397684,0.65,0.000480578778
VM03,20,9,20,True,0.000837415426,0.006421759458,0.050274032821,54.5454545455,45.4545454545,77,81671,1066,0.002219345791,0.002091886323,0.001229397684,0.65,0.000480578778
VM03,20,10,20,True,-0.004495214851,-0.006020173574,0.056332510596,44.1558441558,55.8441558442,77,81734,1069,-0.002274455307,-0.002017848798,0.001229397684,0.65,0.000480578778
VM03,20,11,20,True,-0.004512421487,-0.009420620462,0.054358653758,44.1558441558,55.8441558442,77,81785,1071,-6.0313341e-05,-7.7406894e-05,0.001229397684,0.65,0.000480578778
VM03,20,12,20,True,-0.000947790165,0.000678080038,0.055100085136,51.9480519481,48.0519480519,77,81863,1071,0.002579908956,0.002626547276,0.001229397684,0.65,0.000480578778
VM03,20,13,20,True,0.002816180267,0.007852374806,0.048489619736,55.8441558442,44.1558441558,77,81883,1075,0.000771099824,0.000557584524,0.001229397684,0.65,0.000480578778
VM03,20,14,20,True,0.003573258459,0.004369602639,0.05791043298,51.9480519481,48.0519480519,77,81919,1078,0.001494673829,0.00156121977,0.001229397684,0.65,0.000480578778
VM03,20,15,20,True,0.006761927793,0.009607014811,0.058893501714,59.7402597403,40.2597402597,77,81975,1079,0.004784599479,0.004893885003,0.001229397684,0.65,0.000480578778
VM03,20,16,20,True,0.00573701081,0.007395252987,0.069095551311,51.9480519481,48.0519480519,77,82070,1086,-0.000710262622,-0.000553771198,0.001229397684,0.65,0.000480578778
VM03,20,17,20,True,0.003483106569,-0.000234222664,0.058825036948,49.3506493506,50.6493506494,77,82128,1089,0.001038921161,0.001170369579,0.001229397684,0.65,0.000480578778
VM03,20,18,20,True,0.000710864626,0.005155015259,0.059794938092,57.1428571429,42.8571428571,77,82135,1085,0.000316019081,0.000302035645,0.001229397684,0.65,0.000480578778
VM03,20,19,20,True,-0.004852425289,-0.006582250788,0.059680592439,38.961038961,61.038961039,77,82193,1088,-0.000890894089,-0.00040176828,0.001229397684,0.65,0.000480578778
VM04,1,0,1,True,-0.018068270245,-0.015604443091,0.071195230792,39.9871216999,60.0128783001,1553,1644942,1064,0.000513794001,0.000513970958,-0.018068270245,0,0.000513794001
VM04,2,0,2,True,-0.024208207357,-0.022221838863,0.069855819506,35.824742268,64.175257732,776,820779,1064,-0.000520832279,-0.000510214451,-0.026055909346,0,-0.000735294898
VM04,2,1,2,True,-0.027903611336,-0.028674880108,0.069391205072,32.7319587629,67.2680412371,776,821182,1062.5,-0.000949757517,-0.000970400027,-0.026055909346,0,-0.000735294898
VM04,3,0,3,True,-0.025309306498,-0.022150114501,0.069182444858,35.9767891683,64.0232108317,517,546008,1062,-0.00109805379,-0.001081814799,-0.025136794996,0,-0.000965556676
VM04,3,1,3,True,-0.024519834585,-0.027849158669,0.070863609534,35.5899419729,64.4100580271,517,546340,1064,-0.000887353661,-0.000913504854,-0.025136794996,0,-0.000965556676
VM04,3,2,3,True,-0.025581243904,-0.022192413634,0.066769204411,36.170212766,63.829787234,517,546701,1064,-0.000911262579,-0.000921607034,-0.025136794996,0,-0.000965556676
VM04,5,0,5,True,-0.022793018656,-0.022213344478,0.06723018589,35.2750809061,64.7249190939,309,325902,1063,-0.001735231174,-0.001727672375,-0.020912258904,0,-0.001115873333
VM04,5,1,5,True,-0.019209971255,-0.01830899664,0.06837022971,38.064516129,61.935483871,310,326587,1060,-0.001108079657,-0.001139954212,-0.020912258904,0,-0.001115873333
VM04,5,2,5,True,-0.019083399571,-0.016895883358,0.069649770388,40.6451612903,59.3548387097,310,326872,1062,-0.000846994917,-0.000865319906,-0.020912258904,0,-0.001115873333
VM04,5,3,5,True,-0.021489854367,-0.02285483572,0.066328220297,35.1612903226,64.8387096774,310,326950,1064.5,-0.000705256667,-0.000709312674,-0.020912258904,0,-0.001115873333
VM04,5,4,5,True,-0.021985050671,-0.019911363321,0.066871000473,36.7741935484,63.2258064516,310,327115,1064.5,-0.001183804249,-0.001217357666,-0.020912258904,0,-0.001115873333
VM04,10,0,10,True,-0.010340775524,-0.011245244079,0.066923644919,42.8571428571,57.1428571429,154,161440,1063.5,4.1237241e-05,1.0349317e-05,-0.009476197203,0,0.000182875562
VM04,10,1,10,True,-0.00630001563,-0.004920362351,0.059793095364,46.1038961039,53.8961038961,154,161493,1059,0.00035069104,0.000329934501,-0.009476197203,0,0.000182875562
VM04,10,2,10,True,-0.006505144829,0.000395070369,0.058343688902,50,50,154,161624,1062,0.000885327525,0.000839092406,-0.009476197203,0,0.000182875562
VM04,10,3,10,True,-0.01215962464,-0.013312977541,0.061859286507,40.2597402597,59.7402597403,154,161673,1064,0.000476828526,0.000504615576,-0.009476197203,0,0.000182875562
VM04,10,4,10,True,-0.01423678215,-0.011436535121,0.06824500787,41.5584415584,58.4415584416,154,161739,1064,-0.000751868928,-0.000808957472,-0.009476197203,0,0.000182875562
VM04,10,5,10,True,-0.013555499546,-0.009112541985,0.068833499899,45.4545454545,54.5454545455,154,161776,1062,-0.000682152006,-0.000743595504,-0.009476197203,0,0.000182875562
VM04,10,6,10,True,-0.006948549048,-0.007759795682,0.068214397753,43.8709677419,56.1290322581,155,162426,1060,-0.000510653647,-0.000512134045,-0.009476197203,0,0.000182875562
VM04,10,7,10,True,-0.007777070483,-0.006494048157,0.06647307913,47.0967741935,52.9032258065,155,162575,1061,-0.000494202655,-0.000455839702,-0.009476197203,0,0.000182875562
VM04,10,8,10,True,-0.009172194209,-0.003388230989,0.066561935004,46.4516129032,53.5483870968,155,162579,1064,0.000973378576,0.00095774024,-0.009476197203,0,0.000182875562
VM04,10,9,10,True,-0.007766315969,-0.001822299125,0.067256697667,49.6774193548,50.3225806452,155,162689,1062,0.001540169946,0.001388113599,-0.009476197203,0,0.000182875562
VM04,20,0,20,True,0.001757878808,-0.002190244595,0.068232427137,48.6842105263,51.3157894737,76,79014,1068,0.002936125956,0.002983164999,-0.001775083127,0.4,0.001067916483
VM04,20,1,20,True,0.005418286947,0.005934926204,0.058988544112,52.6315789474,47.3684210526,76,79021,1065,0.002941507142,0.002885030607,-0.001775083127,0.4,0.001067916483
VM04,20,2,20,True,0.005540233607,0.007189572175,0.051715542715,59.2105263158,40.7894736842,76,79066,1065,0.001000283587,0.001042526358,-0.001775083127,0.4,0.001067916483
VM04,20,3,20,True,-0.005194118338,-0.004703889006,0.056326119433,46.0526315789,53.9473684211,76,79086,1061.5,-1.7227812e-05,9.6371148e-05,-0.001775083127,0.4,0.001067916483
VM04,20,4,20,True,-0.006537600903,-0.005008249906,0.062735228441,50,50,76,79124,1060.5,-0.00082764693,-0.001066878267,-0.001775083127,0.4,0.001067916483
VM04,20,5,20,True,-0.009376105501,-0.011908032838,0.060242859366,42.1052631579,57.8947368421,76,79121,1054,-0.001160515916,-0.001308599504,-0.001775083127,0.4,0.001067916483
VM04,20,6,20,True,-0.005035031547,0.00135152741,0.068285059193,51.9480519481,48.0519480519,77,79682,1045,0.000990736188,0.001082951016,-0.001775083127,0.4,0.001067916483
VM04,20,7,20,True,-0.001340586014,-0.006476955285,0.061875466628,45.4545454545,54.5454545455,77,79783,1051,9.8650881e-05,0.000143554502,-0.001775083127,0.4,0.001067916483
VM04,20,8,20,True,-0.002122102276,-0.002945042505,0.064068014503,46.7532467532,53.2467532468,77,79771,1051,0.001042910502,0.001001270495,-0.001775083127,0.4,0.001067916483
VM04,20,9,20,True,-0.003550123899,0.000274933741,0.050416545103,50.6493506494,49.3506493506,77,79821,1055,0.003243294965,0.003128225953,-0.001775083127,0.4,0.001067916483
VM04,20,10,20,True,-0.00821256393,-0.007415617118,0.054764496702,41.5584415584,58.4415584416,77,79892,1058,0.000456100984,0.000400166367,-0.001775083127,0.4,0.001067916483
VM04,20,11,20,True,-0.00794553614,-0.006192414466,0.052565813858,46.7532467532,53.2467532468,77,79939,1056,-0.000757334088,-0.000768400425,-0.001775083127,0.4,0.001067916483
VM04,20,12,20,True,-0.004770828416,0.006699386419,0.058757346301,58.4415584416,41.5584415584,77,80022,1059,0.001078423611,0.001056789499,-0.001775083127,0.4,0.001067916483
VM04,20,13,20,True,0.00015366581,0.001528993035,0.056869223918,50.6493506494,49.3506493506,77,80048,1063,0.002297558814,0.00227107022,-0.001775083127,0.4,0.001067916483
VM04,20,14,20,True,0.001234935736,0.003234887069,0.064076130538,54.5454545455,45.4545454545,77,80078,1061,0.000461878331,0.000490018312,-0.001775083127,0.4,0.001067916483
VM04,20,15,20,True,0.004641471799,0.014660639236,0.064535063491,55.8441558442,44.1558441558,77,80131,1062,0.003596780118,0.003691500943,-0.001775083127,0.4,0.001067916483
VM04,20,16,20,True,0.003241244751,0.007736671935,0.069018914484,55.8441558442,44.1558441558,77,80215,1075,0.001927671594,0.002010288431,-0.001775083127,0.4,0.001067916483
VM04,20,17,20,True,0.002410085841,-0.001900465623,0.063542782783,49.3506493506,50.6493506494,77,80256,1077,0.000215545909,0.000252925164,-0.001775083127,0.4,0.001067916483
VM04,20,18,20,True,-0.002557967086,-0.004172899921,0.065293917855,48.0519480519,51.9480519481,77,80259,1074,0.000202660797,0.000259140062,-0.001775083127,0.4,0.001067916483
VM04,20,19,20,True,-0.003256901788,-0.006836396297,0.064475135418,49.3506493506,50.6493506494,77,80313,1075,0.001630925033,0.001341730829,-0.001775083127,0.4,0.001067916483
VM05,1,0,1,True,-0.03150867282,-0.03003719152,0.067838000265,30.660679923,69.339320077,1559,1688050,1081,-0.000860668774,-0.000851890977,-0.03150867282,0,-0.000860668774
VM05,2,0,2,True,-0.038964202658,-0.035538890481,0.068911087801,25.5455712452,74.4544287548,779,842218,1082,-0.002475970032,-0.002454400505,-0.038692664663,0,-0.002540971964
VM05,2,1,2,True,-0.038421126668,-0.035715314115,0.065640583369,27.7278562259,72.2721437741,779,842628,1081,-0.002605973896,-0.00258807606,-0.038692664663,0,-0.002540971964
VM05,3,0,3,True,-0.039341526041,-0.031944576206,0.067237344295,27.5529865125,72.4470134875,519,560154,1081,-0.003294959879,-0.003267849329,-0.039414426993,0,-0.003448014408
VM05,3,1,3,True,-0.039559678796,-0.03992824004,0.068342864855,26.204238921,73.795761079,519,560613,1081,-0.003778016281,-0.003763958568,-0.039414426993,0,-0.003448014408
VM05,3,2,3,True,-0.039342076144,-0.032212997256,0.064451351421,26.5895953757,73.4104046243,519,560949,1082,-0.003271067065,-0.003238484712,-0.039414426993,0,-0.003448014408
VM05,5,0,5,True,-0.037754059907,-0.034621297235,0.060432255295,24.7588424437,75.2411575563,311,334779,1081,-0.004399956242,-0.004335915251,-0.037089464977,0,-0.004385002954
VM05,5,1,5,True,-0.037925909935,-0.033090289312,0.075400731594,31.5112540193,68.4887459807,311,334942,1079,-0.00583828339,-0.005768961234,-0.037089464977,0,-0.004385002954
VM05,5,2,5,True,-0.037016320671,-0.027500600669,0.067859952123,27.652733119,72.347266881,311,335222,1080,-0.004489243012,-0.00446873217,-0.037089464977,0,-0.004385002954
VM05,5,3,5,True,-0.035956986786,-0.032327313697,0.064384252792,29.9035369775,70.0964630225,311,335287,1082,-0.003472454797,-0.003491178457,-0.037089464977,0,-0.004385002954
VM05,5,4,5,True,-0.036794047586,-0.035430989287,0.061426766877,26.0450160772,73.9549839228,311,335463,1084,-0.003725077327,-0.003646597801,-0.037089464977,0,-0.004385002954
VM05,10,0,10,True,-0.025218596723,-0.017916815922,0.059430233336,36.7741935484,63.2258064516,155,165805,1081,-0.00261622513,-0.002522169774,-0.027861204015,0,-0.003852203271
VM05,10,1,10,True,-0.024752943251,-0.018894006068,0.066893592987,39.3548387097,60.6451612903,155,165842,1079,-0.003373294214,-0.003327650017,-0.027861204015,0,-0.003852203271
VM05,10,2,10,True,-0.028546580206,-0.025646603456,0.062851292554,32.2580645161,67.7419354839,155,165956,1080,-0.003864973577,-0.003869350373,-0.027861204015,0,-0.003852203271
VM05,10,3,10,True,-0.029354153215,-0.030959731306,0.062333716899,32.2580645161,67.7419354839,155,165992,1081,-0.004740588966,-0.004689154517,-0.027861204015,0,-0.003852203271
VM05,10,4,10,True,-0.035511945312,-0.032299314655,0.061732668231,27.0967741935,72.9032258065,155,166068,1079,-0.00505442989,-0.005008926275,-0.027861204015,0,-0.003852203271
VM05,10,5,10,True,-0.029837588096,-0.028542055089,0.066635845916,34.1935483871,65.8064516129,155,166119,1079,-0.005025548577,-0.00502243419,-0.027861204015,0,-0.003852203271
VM05,10,6,10,True,-0.032963407175,-0.022795384347,0.07558959025,38.7096774194,61.2903225806,155,166260,1077,-0.008332072772,-0.008171012701,-0.027861204015,0,-0.003852203271
VM05,10,7,10,True,-0.025132740767,-0.019667216118,0.064425740776,36.1290322581,63.8709677419,155,166423,1079,-0.003239280375,-0.003206529844,-0.027861204015,0,-0.003852203271
VM05,10,8,10,True,-0.023901535026,-0.018368636928,0.060790290003,37.4193548387,62.5806451613,155,166421,1082,-0.001742505699,-0.0017905948,-0.027861204015,0,-0.003852203271
VM05,10,9,10,True,-0.023392550378,-0.019133081723,0.06033636489,36.7741935484,63.2258064516,155,166541,1086,-0.000533113504,-0.00049238726,-0.027861204015,0,-0.003852203271
VM05,20,0,20,True,-0.019238885954,-0.012992470139,0.053196236708,35.0649350649,64.9350649351,77,81403,1086,-0.003220587511,-0.003063033766,-0.021080446744,0,-0.004148434363
VM05,20,1,20,True,-0.01473180337,-0.00817429078,0.054527499651,41.5584415584,58.4415584416,77,81396,1082,-0.002780596277,-0.002765112315,-0.021080446744,0,-0.004148434363
VM05,20,2,20,True,-0.022873827627,-0.013709029896,0.053131228478,33.7662337662,66.2337662338,77,81437,1080,-0.003764713343,-0.003799105201,-0.021080446744,0,-0.004148434363
VM05,20,3,20,True,-0.029009397451,-0.029181881313,0.050642575764,28.5714285714,71.4285714286,77,81461,1081,-0.008623813904,-0.008360776442,-0.021080446744,0,-0.004148434363
VM05,20,4,20,True,-0.036814806422,-0.029534966118,0.049490323711,24.6753246753,75.3246753247,77,81506,1079,-0.010589255646,-0.010536361561,-0.021080446744,0,-0.004148434363
VM05,20,5,20,True,-0.034267750003,-0.0243387681,0.061773876359,28.5714285714,71.4285714286,77,81510,1069,-0.009045871895,-0.00904263778,-0.021080446744,0,-0.004148434363
VM05,20,6,20,True,-0.034842615831,-0.027003753201,0.071608752888,32.4675324675,67.5324675325,77,81548,1068,-0.01070068468,-0.010505776575,-0.021080446744,0,-0.004148434363
VM05,20,7,20,True,-0.015685145372,-0.010566802628,0.054437096477,38.961038961,61.038961039,77,81645,1069,-0.003605765901,-0.003504226147,-0.021080446744,0,-0.004148434363
VM05,20,8,20,True,-0.016897797945,-0.022766384476,0.057409192244,37.6623376623,62.3376623377,77,81617,1063,-0.002365889485,-0.002529280767,-0.021080446744,0,-0.004148434363
VM05,20,9,20,True,-0.008741047229,-0.008363244995,0.045274503461,45.4545454545,54.5454545455,77,81671,1066,0.000530706785,0.000555809248,-0.021080446744,0,-0.004148434363
VM05,20,10,20,True,-0.016749421861,-0.013480475257,0.053498583982,42.8571428571,57.1428571429,77,81734,1069,-0.00185049961,-0.001798430366,-0.021080446744,0,-0.004148434363
VM05,20,11,20,True,-0.021004601015,-0.018699877373,0.065892005276,37.6623376623,62.3376623377,77,81785,1071,-0.004261989381,-0.004179647516,-0.021080446744,0,-0.004148434363
VM05,20,12,20,True,-0.013563270808,-0.006276429921,0.060985712601,44.1558441558,55.8441558442,77,81863,1071,-0.001076000561,-0.001110867138,-0.021080446744,0,-0.004148434363
VM05,20,13,20,True,-0.017879632666,-0.01914603084,0.057107920857,37.6623376623,62.3376623377,77,81883,1075,-0.00171640933,-0.00160455964,-0.021080446744,0,-0.004148434363
VM05,20,14,20,True,-0.02304554042,-0.012915027949,0.053431311841,35.0649350649,64.9350649351,77,81919,1078,-0.003539251991,-0.003596968933,-0.021080446744,0,-0.004148434363
VM05,20,15,20,True,-0.013354102007,-0.013163196801,0.060913522688,37.6623376623,62.3376623377,77,81975,1079,-0.002751828459,-0.002742014915,-0.021080446744,0,-0.004148434363
VM05,20,16,20,True,-0.021977334887,-0.017973601928,0.078217642379,41.5584415584,58.4415584416,77,82070,1086,-0.008535329605,-0.008456086107,-0.021080446744,0,-0.004148434363
VM05,20,17,20,True,-0.019687847992,-0.021503961898,0.065170339072,37.6623376623,62.3376623377,77,82128,1089,-0.003715995388,-0.003710441759,-0.021080446744,0,-0.004148434363
VM05,20,18,20,True,-0.017216049302,-0.010213914085,0.060035274306,45.4545454545,54.5454545455,77,82135,1085,-0.002211097357,-0.002190990118,-0.021080446744,0,-0.004148434363
VM05,20,19,20,True,-0.024028056716,-0.019016553296,0.064457224875,35.0649350649,64.9350649351,77,82193,1088,0.000856186282,0.001082364286,-0.021080446744,0,-0.004148434363
VM06,1,0,1,True,-0.021627256633,-0.016483299014,0.07089301889,37.9730596536,62.0269403464,1559,1688050,1081,-0.000387077523,-0.000391754853,-0.021627256633,0,-0.000387077523
VM06,2,0,2,True,-0.026325913652,-0.022229616083,0.072287234182,35.4300385109,64.5699614891,779,842218,1082,-0.001390329005,-0.001384837803,-0.026368937088,0,-0.001486177571
VM06,2,1,2,True,-0.026411960525,-0.023244269161,0.071470576814,36.8421052632,63.1578947368,779,842628,1081,-0.001582026136,-0.001593587444,-0.026368937088,0,-0.001486177571
VM06,3,0,3,True,-0.026391738189,-0.022653483438,0.071990578406,37.5722543353,62.4277456647,519,560154,1081,-0.001968496856,-0.001951635586,-0.025811830453,0,-0.001853557514
VM06,3,1,3,True,-0.025791938736,-0.022990169558,0.074682001115,35.0674373796,64.9325626204,519,560613,1081,-0.001823125806,-0.001822491151,-0.025811830453,0,-0.001853557514
VM06,3,2,3,True,-0.025251814434,-0.023314052572,0.069404010894,37.7649325626,62.2350674374,519,560949,1082,-0.00176904988,-0.001777767102,-0.025811830453,0,-0.001853557514
VM06,5,0,5,True,-0.024239535482,-0.019531798583,0.068230237227,33.4405144695,66.5594855305,311,334779,1081,-0.002357492853,-0.002415617816,-0.023853247647,0,-0.002285199004
VM06,5,1,5,True,-0.025039053329,-0.021039011523,0.076831555328,38.2636655949,61.7363344051,311,334942,1079,-0.003593293915,-0.003550448889,-0.023853247647,0,-0.002285199004
VM06,5,2,5,True,-0.023853424099,-0.014831456362,0.071168623405,40.5144694534,59.4855305466,311,335222,1080,-0.002501838665,-0.002479109144,-0.023853247647,0,-0.002285199004
VM06,5,3,5,True,-0.022114048067,-0.017793127177,0.066826308372,39.2282958199,60.7717041801,311,335287,1082,-0.001324217869,-0.001282341185,-0.023853247647,0,-0.002285199004
VM06,5,4,5,True,-0.024020177258,-0.021792102795,0.0675637583,33.1189710611,66.8810289389,311,335463,1084,-0.001649151719,-0.001628363906,-0.023853247647,0,-0.002285199004
VM06,10,0,10,True,-0.016545020128,-0.014749566724,0.063928479774,38.064516129,61.935483871,155,165805,1081,-0.001111362149,-0.00103501531,-0.019428901511,0,-0.002146840108
VM06,10,1,10,True,-0.016566012139,-0.010613407165,0.064326843721,41.2903225806,58.7096774194,155,165842,1079,-0.002716715239,-0.00263840322,-0.019428901511,0,-0.002146840108
VM06,10,2,10,True,-0.017444020313,-0.007890118503,0.064448358486,41.935483871,58.064516129,155,165956,1080,-0.001575839343,-0.001433428425,-0.019428901511,0,-0.002146840108
VM06,10,3,10,True,-0.020114928988,-0.012659563229,0.069758831999,40,60,155,165992,1081,-0.001877094918,-0.001704757004,-0.019428901511,0,-0.002146840108
VM06,10,4,10,True,-0.024405843408,-0.020048677005,0.066634750922,38.064516129,61.935483871,155,166068,1079,-0.003248265834,-0.003244041227,-0.019428901511,0,-0.002146840108
VM06,10,5,10,True,-0.021424887636,-0.013494117256,0.072651836928,41.935483871,58.064516129,155,166119,1079,-0.003920790334,-0.004044162424,-0.019428901511,0,-0.002146840108
VM06,10,6,10,True,-0.022760855524,-0.011638036375,0.072664973028,40,60,155,166260,1077,-0.004074374929,-0.003950890941,-0.019428901511,0,-0.002146840108
VM06,10,7,10,True,-0.020652865527,-0.010477480096,0.0663685729,43.2258064516,56.7741935484,155,166423,1079,-0.002987287441,-0.003050373443,-0.019428901511,0,-0.002146840108
VM06,10,8,10,True,-0.017471418726,-0.01490618718,0.062350455933,40,60,155,166421,1082,-0.000557781791,-0.000465123549,-0.019428901511,0,-0.002146840108
VM06,10,9,10,True,-0.016903162721,-0.011529676823,0.067386387949,41.935483871,58.064516129,155,166541,1086,0.000601110896,0.000625559362,-0.019428901511,0,-0.002146840108
VM06,20,0,20,True,-0.014612068357,-0.018650414576,0.061155555584,40.2597402597,59.7402597403,77,81403,1086,0.00040703447,0.000359793933,-0.017740406881,0,-0.002675776096
VM06,20,1,20,True,-0.01050149438,-0.004014665505,0.054459784569,45.4545454545,54.5454545455,77,81396,1082,-0.002487344876,-0.002239152674,-0.017740406881,0,-0.002675776096
VM06,20,2,20,True,-0.014545734272,-0.008889348088,0.060039244771,44.1558441558,55.8441558442,77,81437,1080,-0.002305361817,-0.001958044554,-0.017740406881,0,-0.002675776096
VM06,20,3,20,True,-0.024055478113,-0.022056784064,0.061374305007,33.7662337662,66.2337662338,77,81461,1081,-0.006575352204,-0.006084171603,-0.017740406881,0,-0.002675776096
VM06,20,4,20,True,-0.032822917841,-0.021387238327,0.057345901379,31.1688311688,68.8311688312,77,81506,1079,-0.008403002433,-0.008335222853,-0.017740406881,0,-0.002675776096
VM06,20,5,20,True,-0.02959516385,-0.024509101741,0.06272559232,33.7662337662,66.2337662338,77,81510,1069,-0.006895491775,-0.006893371944,-0.017740406881,0,-0.002675776096
VM06,20,6,20,True,-0.028466574638,-0.016316374032,0.068940060114,40.2597402597,59.7402597403,77,81548,1068,-0.004405717482,-0.004338431089,-0.017740406881,0,-0.002675776096
VM06,20,7,20,True,-0.020487170677,-0.01891987825,0.055482619051,36.3636363636,63.6363636364,77,81645,1069,-0.005021431619,-0.00488375249,-0.017740406881,0,-0.002675776096
VM06,20,8,20,True,-0.014176370949,-0.016491111886,0.06004124399,42.8571428571,57.1428571429,77,81617,1063,-0.000454600809,-0.000353624095,-0.017740406881,0,-0.002675776096
VM06,20,9,20,True,-0.011354406393,-0.005869059035,0.056271588559,45.4545454545,54.5454545455,77,81671,1066,0.002156686751,0.002129430422,-0.017740406881,0,-0.002675776096
VM06,20,10,20,True,-0.011194501135,-0.006279463131,0.063695816037,40.2597402597,59.7402597403,77,81734,1069,-0.000952585274,-0.000835118262,-0.017740406881,0,-0.002675776096
VM06,20,11,20,True,-0.014858218538,-0.008013568346,0.069441376595,44.1558441558,55.8441558442,77,81785,1071,-0.003579027081,-0.00358816483,-0.017740406881,0,-0.002675776096
VM06,20,12,20,True,-0.009301530164,0.001883836113,0.06328557581,51.9480519481,48.0519480519,77,81863,1071,-0.000986385872,-0.000681434999,-0.017740406881,0,-0.002675776096
VM06,20,13,20,True,-0.01177632965,-0.012205474818,0.05970822451,42.8571428571,57.1428571429,77,81883,1075,0.00011310829,0.000248692064,-0.017740406881,0,-0.002675776096
VM06,20,14,20,True,-0.015362847888,-0.015362935139,0.054859108192,37.6623376623,62.3376623377,77,81919,1078,-0.000995303635,-0.001271234243,-0.017740406881,0,-0.002675776096
VM06,20,15,20,True,-0.010961779407,-0.006072978666,0.066911490883,44.1558441558,55.8441558442,77,81975,1079,-0.002514746411,-0.002729658254,-0.017740406881,0,-0.002675776096
VM06,20,16,20,True,-0.02161548111,-0.013562151046,0.070694500023,37.6623376623,62.3376623377,77,82070,1086,-0.004988256765,-0.005039703921,-0.017740406881,0,-0.002675776096
VM06,20,17,20,True,-0.020438050665,-0.014846178851,0.066949021241,41.5584415584,58.4415584416,77,82128,1089,-0.004068340089,-0.004192235639,-0.017740406881,0,-0.002675776096
VM06,20,18,20,True,-0.020861603793,-0.006064179799,0.063180543281,44.1558441558,55.8441558442,77,82135,1085,-0.002122781876,-0.002112296308,-0.017740406881,0,-0.002675776096
VM06,20,19,20,True,-0.01782041581,-0.015391452146,0.072629117476,42.8571428571,57.1428571429,77,82193,1088,0.000563378583,0.000654479762,-0.017740406881,0,-0.002675776096
VM07,1,0,1,True,-0.023140954496,-0.020448941968,0.071401809786,37.2826786864,62.7173213136,1553,1644942,1064,-5.7987316e-05,-5.67663e-05,-0.023140954496,0,-5.7987316e-05
VM07,2,0,2,True,-0.027119150312,-0.024143212253,0.070178798781,36.2113402062,63.7886597938,776,820779,1064,-0.001046179144,-0.001024420206,-0.027028019167,0,-0.001045115786
VM07,2,1,2,True,-0.026936888021,-0.023059331704,0.073246516178,37.7577319588,62.2422680412,776,821182,1062.5,-0.001044052428,-0.001039023908,-0.027028019167,0,-0.001045115786
VM07,3,0,3,True,-0.027299495271,-0.024699844175,0.072408319567,37.1373307544,62.8626692456,517,546008,1062,-0.00155588936,-0.001535912121,-0.026328474259,0,-0.001468792594
VM07,3,1,3,True,-0.025984066646,-0.026151240713,0.073142137098,36.170212766,63.829787234,517,546340,1064,-0.00151932176,-0.001478178014,-0.026328474259,0,-0.001468792594
VM07,3,2,3,True,-0.025701860861,-0.022323019805,0.069625195034,37.1373307544,62.8626692456,517,546701,1064,-0.001331166661,-0.001321120682,-0.026328474259,0,-0.001468792594
VM07,5,0,5,True,-0.025030368542,-0.022234779286,0.066804437778,36.2459546926,63.7540453074,309,325902,1063,-0.001657030682,-0.001637847293,-0.024180022785,0,-0.001661938364
VM07,5,1,5,True,-0.023540823541,-0.02110608368,0.074261509365,38.3870967742,61.6129032258,310,326587,1060,-0.002454750584,-0.002495373481,-0.024180022785,0,-0.001661938364
VM07,5,2,5,True,-0.024437457429,-0.014232784393,0.071807520989,39.6774193548,60.3225806452,310,326872,1062,-0.002076075918,-0.001999165745,-0.024180022785,0,-0.001661938364
VM07,5,3,5,True,-0.022977189879,-0.018214218635,0.068979891482,37.4193548387,62.5806451613,310,326950,1064.5,-0.000891066312,-0.000878985752,-0.024180022785,0,-0.001661938364
VM07,5,4,5,True,-0.024914274532,-0.02092416351,0.067302007779,32.5806451613,67.4193548387,310,327115,1064.5,-0.001230768325,-0.001155751677,-0.024180022785,0,-0.001661938364
VM07,10,0,10,True,-0.019645087586,-0.017857761703,0.06225015717,40.9090909091,59.0909090909,154,161440,1063.5,-0.00158769302,-0.001536598703,-0.019531213815,0,-0.001422700343
VM07,10,1,10,True,-0.01561745269,-0.01622741737,0.066855095148,42.8571428571,57.1428571429,154,161493,1059,-0.00080882059,-0.000917998235,-0.019531213815,0,-0.001422700343
VM07,10,2,10,True,-0.016794520957,-0.010364361365,0.06268713721,44.8051948052,55.1948051948,154,161624,1062,-0.00126268434,-0.001124267736,-0.019531213815,0,-0.001422700343
VM07,10,3,10,True,-0.018352446278,-0.010348369056,0.068013083522,40.9090909091,59.0909090909,154,161673,1064,-0.001281052357,-0.001415817871,-0.019531213815,0,-0.001422700343
VM07,10,4,10,True,-0.024294274931,-0.021006878969,0.067848511606,39.6103896104,60.3896103896,154,161739,1064,-0.002011417551,-0.001946807334,-0.019531213815,0,-0.001422700343
VM07,10,5,10,True,-0.021192433057,-0.013778857402,0.071307196278,44.8051948052,55.1948051948,154,161776,1062,-0.001866668182,-0.001882854402,-0.019531213815,0,-0.001422700343
VM07,10,6,10,True,-0.021466908614,-0.012476997759,0.069643159886,43.2258064516,56.7741935484,155,162426,1060,-0.003127817591,-0.003086519111,-0.019531213815,0,-0.001422700343
VM07,10,7,10,True,-0.021003163266,-0.008235807166,0.070110850286,44.5161290323,55.4838709677,155,162575,1061,-0.002764867922,-0.002690063112,-0.019531213815,0,-0.001422700343
VM07,10,8,10,True,-0.0188356589,-0.013243585134,0.06585827884,43.2258064516,56.7741935484,155,162579,1064,8.630204e-06,0.00015449684,-0.019531213815,0,-0.001422700343
VM07,10,9,10,True,-0.018110191869,-0.01518397311,0.067386541837,40.6451612903,59.3548387097,155,162689,1062,0.000475387918,0.000501607493,-0.019531213815,0,-0.001422700343
VM07,20,0,20,True,-0.015634649459,-0.016372241153,0.058034888325,40.7894736842,59.2105263158,76,79014,1068,-0.00065040926,-0.000373724228,-0.018746308266,0,-0.002224550302
VM07,20,1,20,True,-0.00828189571,-0.009567266944,0.057378417322,43.4210526316,56.5789473684,76,79021,1065,-0.000214467256,-0.000294802255,-0.018746308266,0,-0.002224550302
VM07,20,2,20,True,-0.010885402989,-0.010829507206,0.049543976098,43.4210526316,56.5789473684,76,79066,1065,-0.002311841407,-0.002201428873,-0.018746308266,0,-0.002224550302
VM07,20,3,20,True,-0.022003225225,-0.024830337112,0.057446738132,32.8947368421,67.1052631579,76,79086,1061.5,-0.004096508795,-0.004182268612,-0.018746308266,0,-0.002224550302
VM07,20,4,20,True,-0.029068732942,-0.023033725379,0.058818178794,31.5789473684,68.4210526316,76,79124,1060.5,-0.006852960188,-0.006747921576,-0.018746308266,0,-0.002224550302
VM07,20,5,20,True,-0.029216754802,-0.018675304627,0.055593978532,28.9473684211,71.0526315789,76,79121,1054,-0.003497891569,-0.003494768509,-0.018746308266,0,-0.002224550302
VM07,20,6,20,True,-0.029216122164,-0.018040721661,0.064028208872,37.6623376623,62.3376623377,77,79682,1045,-0.002199454711,-0.002131801409,-0.018746308266,0,-0.002224550302
VM07,20,7,20,True,-0.024335242431,-0.013042731278,0.059458800945,36.3636363636,63.6363636364,77,79783,1051,-0.004088877434,-0.004120129291,-0.018746308266,0,-0.002224550302
VM07,20,8,20,True,-0.011783553407,-0.005597422486,0.06310629979,49.3506493506,50.6493506494,77,79771,1051,0.002624125588,0.002547234689,-0.018746308266,0,-0.002224550302
VM07,20,9,20,True,-0.014098429883,-0.007479151863,0.057390757883,41.5584415584,58.4415584416,77,79821,1055,0.001415915558,0.00138085495,-0.018746308266,0,-0.002224550302
VM07,20,10,20,True,-0.01613721508,-0.008878934997,0.059946713978,44.1558441558,55.8441558442,77,79892,1058,-0.002215887455,-0.002300747825,-0.018746308266,0,-0.002224550302
VM07,20,11,20,True,-0.01534200416,-0.015658126389,0.070975697415,42.8571428571,57.1428571429,77,79939,1056,-0.001848609181,-0.001970770104,-0.018746308266,0,-0.002224550302
VM07,20,12,20,True,-0.012638898049,-0.012157144529,0.064585585789,45.4545454545,54.5454545455,77,80022,1059,-0.000861665919,-0.000838669623,-0.018746308266,0,-0.002224550302
VM07,20,13,20,True,-0.012478890866,-0.01156119731,0.062222101661,42.8571428571,57.1428571429,77,80048,1063,-0.000400862023,-0.000474508795,-0.018746308266,0,-0.002224550302
VM07,20,14,20,True,-0.018545034781,-0.014816299974,0.060798601995,36.3636363636,63.6363636364,77,80078,1061,-0.001699021363,-0.001667627927,-0.018746308266,0,-0.002224550302
VM07,20,15,20,True,-0.013467089672,-0.014591686433,0.069647880916,41.5584415584,58.4415584416,77,80131,1062,-0.001652321301,-0.001776084519,-0.018746308266,0,-0.002224550302
VM07,20,16,20,True,-0.023251852777,-0.010729477015,0.071412312221,41.5584415584,58.4415584416,77,80215,1075,-0.007167569873,-0.007244624893,-0.018746308266,0,-0.002224550302
VM07,20,17,20,True,-0.021843351303,-0.01738419031,0.065754346708,40.2597402597,59.7402597403,77,80256,1077,-0.005083061736,-0.004870437699,-0.018746308266,0,-0.002224550302
VM07,20,18,20,True,-0.026365859813,-0.015144485003,0.062594059953,32.4675324675,67.5324675325,77,80259,1074,-0.003261516219,-0.002950650539,-0.018746308266,0,-0.002224550302
VM07,20,19,20,True,-0.020331959798,-0.022527882064,0.070012232018,40.2597402597,59.7402597403,77,80313,1075,-0.000428121502,-0.00046728795,-0.018746308266,0,-0.002224550302
