future_horizon,candidate_left,candidate_right,valid_dates,daily_ic_pearson,daily_ic_spearman
1,VM01,VM02,1559,0.609639551679,0.563464982535
1,VM01,VM03,1559,0.422278647668,0.491096841758
1,VM01,VM04,1553,0.417342501962,0.499603159794
1,VM01,VM05,1559,0.718396398349,0.716192143612
1,VM01,VM06,1559,0.559742572247,0.55588877573
1,VM01,VM07,1553,0.447922872725,0.469522066693
1,VM02,VM03,1559,0.275028215065,0.310196891397
1,VM02,VM04,1553,0.49274011404,0.526776729194
1,VM02,VM05,1559,0.621663276831,0.581124747775
1,VM02,VM06,1559,0.772257609291,0.748497174403
1,VM02,VM07,1553,0.73387212605,0.721432464701
1,VM03,VM04,1553,0.870170607375,0.86067825436
1,VM03,VM05,1559,0.382718291921,0.435130994801
1,VM03,VM06,1559,0.345642344572,0.380347112518
1,VM03,VM07,1553,0.346483345461,0.344768276461
1,VM04,VM05,1553,0.444015927451,0.500766275001
1,VM04,VM06,1553,0.493688755451,0.523481384018
1,VM04,VM07,1553,0.531000121652,0.525339508626
1,VM05,VM06,1559,0.792173770912,0.773646682007
1,VM05,VM07,1553,0.717717597574,0.706741418826
1,VM06,VM07,1553,0.933024945044,0.929569329587
2,VM01,VM02,1558,0.596467624517,0.530798936266
2,VM01,VM03,1558,0.351875509949,0.439319540883
2,VM01,VM04,1552,0.36562048052,0.463984066054
2,VM01,VM05,1558,0.717432395444,0.696305770471
2,VM01,VM06,1558,0.536360127407,0.515112245002
2,VM01,VM07,1552,0.438066268525,0.440011852253
2,VM02,VM03,1558,0.203601035796,0.242886002955
2,VM02,VM04,1552,0.452392731305,0.48818172201
2,VM02,VM05,1558,0.603294679862,0.543951966296
2,VM02,VM06,1558,0.776490081015,0.741491406468
2,VM02,VM07,1552,0.739980614375,0.717856139638
2,VM03,VM04,1552,0.854971876419,0.845812617486
2,VM03,VM05,1558,0.299113672418,0.382569565392
2,VM03,VM06,1558,0.240868772504,0.30364240226
2,VM03,VM07,1552,0.253312483691,0.272379587002
2,VM04,VM05,1552,0.382207874117,0.456004477552
2,VM04,VM06,1552,0.427346760032,0.466077598736
2,VM04,VM07,1552,0.469999351967,0.469546851477
2,VM05,VM06,1558,0.767232020032,0.733775345193
2,VM05,VM07,1552,0.698842733083,0.675250644258
2,VM06,VM07,1552,0.936540274322,0.933088186644
3,VM01,VM02,1557,0.601489692966,0.532049351431
3,VM01,VM03,1557,0.333722602441,0.430275321927
3,VM01,VM04,1551,0.349154348358,0.446621226809
3,VM01,VM05,1557,0.723254589825,0.70884600607
3,VM01,VM06,1557,0.542844516458,0.510812822529
3,VM01,VM07,1551,0.452056071794,0.440847648202
3,VM02,VM03,1557,0.180344324955,0.219861695474
3,VM02,VM04,1551,0.435532061365,0.478085209302
3,VM02,VM05,1557,0.60626561847,0.5425072531
3,VM02,VM06,1557,0.788859088179,0.751030409913
3,VM02,VM07,1551,0.747136818949,0.722123073242
3,VM03,VM04,1551,0.850593104194,0.837769424534
3,VM03,VM05,1557,0.292053443949,0.377264946452
3,VM03,VM06,1557,0.218784148947,0.286986233862
3,VM03,VM07,1551,0.237186712574,0.261439304421
3,VM04,VM05,1551,0.374204464391,0.452913395501
3,VM04,VM06,1551,0.413159843849,0.463802510454
3,VM04,VM07,1551,0.455592467649,0.465213489607
3,VM05,VM06,1557,0.772563849887,0.738438347835
3,VM05,VM07,1551,0.707070811226,0.683497972815
3,VM06,VM07,1551,0.938683229049,0.934672804076
5,VM01,VM02,1555,0.58674622924,0.525471484074
5,VM01,VM03,1555,0.3209040024,0.411771738935
5,VM01,VM04,1549,0.337154477959,0.422245877803
5,VM01,VM05,1555,0.731194798367,0.71267328664
5,VM01,VM06,1555,0.533380317726,0.495067984772
5,VM01,VM07,1549,0.45593417359,0.432382737389
5,VM02,VM03,1555,0.145518585594,0.202793707361
5,VM02,VM04,1549,0.41078092402,0.465876724184
5,VM02,VM05,1555,0.593678902105,0.519375783684
5,VM02,VM06,1555,0.795337126972,0.746467473008
5,VM02,VM07,1549,0.748193263411,0.709082880791
5,VM03,VM04,1549,0.832863572007,0.818237270744
5,VM03,VM05,1555,0.300897684401,0.373539866726
5,VM03,VM06,1555,0.205914795562,0.282002968
5,VM03,VM07,1549,0.226056222706,0.252976565639
5,VM04,VM05,1549,0.365846299324,0.436724562031
5,VM04,VM06,1549,0.397378010638,0.456885141234
5,VM04,VM07,1549,0.443930443301,0.460462478434
5,VM05,VM06,1555,0.757597485173,0.711374963095
5,VM05,VM07,1549,0.704636633177,0.660927446193
5,VM06,VM07,1549,0.934114115929,0.928111705137
10,VM01,VM02,1550,0.606287555353,0.552136389597
10,VM01,VM03,1550,0.315676247753,0.374766092548
10,VM01,VM04,1544,0.332926265212,0.394115282097
10,VM01,VM05,1550,0.757383767989,0.727296745812
10,VM01,VM06,1550,0.583701380881,0.529025753547
10,VM01,VM07,1544,0.499569587796,0.459991630505
10,VM02,VM03,1550,0.178652402914,0.219797801668
10,VM02,VM04,1544,0.435448417933,0.484218162136
10,VM02,VM05,1550,0.596231926236,0.54895792498
10,VM02,VM06,1550,0.79921147777,0.775674949427
10,VM02,VM07,1544,0.74858873078,0.736154287555
10,VM03,VM04,1544,0.831064892852,0.81271037802
10,VM03,VM05,1550,0.319367657375,0.354029977576
10,VM03,VM06,1550,0.258344395003,0.300291258824
10,VM03,VM07,1544,0.27457464404,0.276978330696
10,VM04,VM05,1544,0.362798403556,0.4105226282
10,VM04,VM06,1544,0.426069223819,0.47018734895
10,VM04,VM07,1544,0.468912139216,0.478146346642
10,VM05,VM06,1550,0.765449273847,0.715591069831
10,VM05,VM07,1544,0.717704598219,0.672843962617
10,VM06,VM07,1544,0.931094319477,0.92687191077
20,VM01,VM02,1540,0.535362213753,0.506392358232
20,VM01,VM03,1540,0.324263902203,0.370188313356
20,VM01,VM04,1534,0.330807094805,0.374520549441
20,VM01,VM05,1540,0.725182081642,0.69922318562
20,VM01,VM06,1540,0.530578693816,0.499273265263
20,VM01,VM07,1534,0.452411944068,0.432964114197
20,VM02,VM03,1540,0.148269455358,0.200479715798
20,VM02,VM04,1534,0.3954210586,0.44395857544
20,VM02,VM05,1540,0.532364603762,0.509589129583
20,VM02,VM06,1540,0.778721774418,0.772223918431
20,VM02,VM07,1534,0.734257290299,0.737134234471
20,VM03,VM04,1534,0.808203750829,0.805520170225
20,VM03,VM05,1540,0.283997119866,0.322500175412
20,VM03,VM06,1540,0.222312738027,0.283284476768
20,VM03,VM07,1534,0.216997495182,0.244021413765
20,VM04,VM05,1534,0.336624841147,0.368618530637
20,VM04,VM06,1534,0.371038927065,0.422334908092
20,VM04,VM07,1534,0.415267569274,0.431556359532
20,VM05,VM06,1540,0.733743182557,0.688673012837
20,VM05,VM07,1534,0.685292486415,0.657602533492
20,VM06,VM07,1534,0.923954997041,0.91915774139
