candidate_id,candidate_role,future_horizon,mean_ic,mean_d10_d1_spread,mean_top10_bottom10_spread,decay_description
VM01,CONTROL_PRICE,1,-0.039761499943,-0.001106642052,-0.001107194445,REVERSAL_DECAYS_OR_PLATEAUS
VM01,CONTROL_PRICE,2,-0.049671177938,-0.002601392179,-0.002601148675,REVERSAL_DECAYS_OR_PLATEAUS
VM01,CONTROL_PRICE,3,-0.05160599349,-0.003500162676,-0.003498521225,REVERSAL_DECAYS_OR_PLATEAUS
VM01,CONTROL_PRICE,5,-0.049025964916,-0.004166644755,-0.004141200565,REVERSAL_DECAYS_OR_PLATEAUS
VM01,CONTROL_PRICE,10,-0.032571294096,-0.002824944079,-0.002798318564,REVERSAL_DECAYS_OR_PLATEAUS
VM01,CONTROL_PRICE,20,-0.019118000997,-0.002506691338,-0.002465715203,REVERSAL_DECAYS_OR_PLATEAUS
VM02,CONTROL_PRICE,1,-0.027710332762,-0.000543681878,-0.000536859139,REVERSAL_DECAYS_OR_PLATEAUS
VM02,CONTROL_PRICE,2,-0.028066607377,-0.000994952148,-0.000981304664,REVERSAL_DECAYS_OR_PLATEAUS
VM02,CONTROL_PRICE,3,-0.02672533489,-0.000926052427,-0.000905847136,REVERSAL_DECAYS_OR_PLATEAUS
VM02,CONTROL_PRICE,5,-0.024463532805,-0.000481146746,-0.000460014947,REVERSAL_DECAYS_OR_PLATEAUS
VM02,CONTROL_PRICE,10,-0.016188999528,0.001198105658,0.001212866616,REVERSAL_DECAYS_OR_PLATEAUS
VM02,CONTROL_PRICE,20,-0.011428718836,0.003184143838,0.003217384967,REVERSAL_DECAYS_OR_PLATEAUS
VM03,CONTROL_VOLUME,1,-0.012609963037,0.000508546886,0.000511344366,MIXED
VM03,CONTROL_VOLUME,2,-0.02309205666,-0.000968668279,-0.000949377893,MIXED
VM03,CONTROL_VOLUME,3,-0.022809677649,-0.001357859286,-0.001328790989,MIXED
VM03,CONTROL_VOLUME,5,-0.018956691593,-0.00169492041,-0.001644345703,MIXED
VM03,CONTROL_VOLUME,10,-0.007254978716,-0.000528727377,-0.000458217078,MIXED
VM03,CONTROL_VOLUME,20,0.001229397684,0.000480578778,0.000552823389,MIXED
VM04,CONTROL_VOLUME,1,-0.018068270245,0.000513794001,0.000513970958,REVERSAL_DECAYS_OR_PLATEAUS
VM04,CONTROL_VOLUME,2,-0.026055909346,-0.000735294898,-0.000740307239,REVERSAL_DECAYS_OR_PLATEAUS
VM04,CONTROL_VOLUME,3,-0.025136794996,-0.000965556676,-0.000972308896,REVERSAL_DECAYS_OR_PLATEAUS
VM04,CONTROL_VOLUME,5,-0.020911044727,-0.001115473489,-0.001131538764,REVERSAL_DECAYS_OR_PLATEAUS
VM04,CONTROL_VOLUME,10,-0.009472155325,0.000183378923,0.000151433286,REVERSAL_DECAYS_OR_PLATEAUS
VM04,CONTROL_VOLUME,20,-0.001776555795,0.001068917118,0.001050728541,REVERSAL_DECAYS_OR_PLATEAUS
VM05,INTERACTION,1,-0.03150867282,-0.000860668774,-0.000851890977,REVERSAL_DECAYS_OR_PLATEAUS
VM05,INTERACTION,2,-0.038692664663,-0.002540971964,-0.002521238283,REVERSAL_DECAYS_OR_PLATEAUS
VM05,INTERACTION,3,-0.039414426993,-0.003448014408,-0.00342343087,REVERSAL_DECAYS_OR_PLATEAUS
VM05,INTERACTION,5,-0.037089464977,-0.004385002954,-0.004342276983,REVERSAL_DECAYS_OR_PLATEAUS
VM05,INTERACTION,10,-0.027861204015,-0.003852203271,-0.003810020975,REVERSAL_DECAYS_OR_PLATEAUS
VM05,INTERACTION,20,-0.021080446744,-0.004148434363,-0.004092907176,REVERSAL_DECAYS_OR_PLATEAUS
VM06,INTERACTION,1,-0.021627256633,-0.000387077523,-0.000391754853,REVERSAL_DECAYS_OR_PLATEAUS
VM06,INTERACTION,2,-0.026368937088,-0.001486177571,-0.001489212624,REVERSAL_DECAYS_OR_PLATEAUS
VM06,INTERACTION,3,-0.025811830453,-0.001853557514,-0.00185063128,REVERSAL_DECAYS_OR_PLATEAUS
VM06,INTERACTION,5,-0.023853247647,-0.002285199004,-0.002271176188,REVERSAL_DECAYS_OR_PLATEAUS
VM06,INTERACTION,10,-0.019428901511,-0.002146840108,-0.002094063618,REVERSAL_DECAYS_OR_PLATEAUS
VM06,INTERACTION,20,-0.017740406881,-0.002675776096,-0.002607161079,REVERSAL_DECAYS_OR_PLATEAUS
VM07,INTERACTION,1,-0.023140954496,-5.7987316e-05,-5.67663e-05,REVERSAL_DECAYS_OR_PLATEAUS
VM07,INTERACTION,2,-0.027028019167,-0.001045115786,-0.001031722057,REVERSAL_DECAYS_OR_PLATEAUS
VM07,INTERACTION,3,-0.026328474259,-0.001468792594,-0.001445070272,REVERSAL_DECAYS_OR_PLATEAUS
VM07,INTERACTION,5,-0.02417947382,-0.001661941532,-0.001633421935,REVERSAL_DECAYS_OR_PLATEAUS
VM07,INTERACTION,10,-0.019532049998,-0.001422517614,-0.001394185941,REVERSAL_DECAYS_OR_PLATEAUS
VM07,INTERACTION,20,-0.018744604999,-0.002221762312,-0.002206374048,REVERSAL_DECAYS_OR_PLATEAUS
