interval_type,horizon_sessions,total_rows,valid_observations,invalid_observations,valid_pct,first_valid_date,last_valid_date
FORMATION,5,188451,172235,16216,91.3951106654,2020-01-08,2026-07-17
FORMATION,10,188451,163874,24577,86.9584135929,2020-01-15,2026-07-17
FORMATION,20,188451,150310,38141,79.7607866236,2020-01-29,2026-07-17
FORMATION,40,188451,127743,60708,67.7857904707,2020-06-25,2026-07-17
FORMATION,60,188451,109696,78755,58.2092957851,2020-07-23,2026-07-17
FUTURE,1,188451,180916,7535,96.0016131514,2020-01-01,2026-07-16
FUTURE,2,188451,178594,9857,94.7694626189,2020-01-01,2026-07-15
FUTURE,3,188451,176399,12052,93.60470361,2020-01-01,2026-07-14
FUTURE,5,188451,172235,16216,91.3951106654,2020-01-01,2026-07-10
FUTURE,10,188451,163874,24577,86.9584135929,2020-01-01,2026-07-03
FUTURE,20,188451,150310,38141,79.7607866236,2020-01-01,2026-06-18
