source_type,source_path,sha256,rows,minimum_date,maximum_date,schema_status,extension_accepted,note
ACCEPTED_LOCAL_ANNUAL_CSV,/home/suruchi-pandey/Projects/CM_corpAction/CM_corpActions_2020.csv,3352534cb745881ef3cf586464c7a0f1e06fdcf4f94979899ef3b5c1f094fb27,1074,20200109,20201231,MATCHES_ACCEPTED_SCHEMA,False,Accepted source file; does not extend beyond discovery cutoff.
ACCEPTED_LOCAL_ANNUAL_CSV,/home/suruchi-pandey/Projects/CM_corpAction/CM_corpActions_2021.csv,c0fe46f06c1bdd1185fcfa812a7a699dadb0a3f5f82ac1601f9e1f57e3aae632,1328,20210105,20211231,MATCHES_ACCEPTED_SCHEMA,False,Accepted source file; does not extend beyond discovery cutoff.
ACCEPTED_LOCAL_ANNUAL_CSV,/home/suruchi-pandey/Projects/CM_corpAction/CM_corpActions_2022.csv,8422d37ac5b4fd372b45a4a36d3f0909d0d7c2b5fb08f337882ea7d7618f1d78,1521,20220106,20221230,MATCHES_ACCEPTED_SCHEMA,False,Accepted source file; does not extend beyond discovery cutoff.
ACCEPTED_LOCAL_ANNUAL_CSV,/home/suruchi-pandey/Projects/CM_corpAction/CM_corpActions_2023.csv,0240a50b61c2eb5b5f83d4e900392b7a191671b38894d39e2bbd1175a7680efb,1622,20230103,20231229,MATCHES_ACCEPTED_SCHEMA,False,Accepted source file; does not extend beyond discovery cutoff.
ACCEPTED_LOCAL_ANNUAL_CSV,/home/suruchi-pandey/Projects/CM_corpAction/CM_corpActions_2024.csv,a13051a42c83183b91415956612052df5c7ed871d93a8a15f610fec7964660f1,1751,20240102,20241230,MATCHES_ACCEPTED_SCHEMA,False,Accepted source file; does not extend beyond discovery cutoff.
ACCEPTED_LOCAL_ANNUAL_CSV,/home/suruchi-pandey/Projects/CM_corpAction/CM_corpActions_2025.csv,c1ac06c33322ada2d60617ab8346bc2743949070dc8200dfc2b797f0b6a7c0d6,1809,20250101,20251226,MATCHES_ACCEPTED_SCHEMA,False,Accepted source file; does not extend beyond discovery cutoff.
ACCEPTED_LOCAL_ANNUAL_CSV,/home/suruchi-pandey/Projects/CM_corpAction/CM_corpActions_2026.csv,c69f84f99b4af5c94e144bee7f8dc2bc8e1386a6a8fe0e5e8c5fc0d89d62e2ea,647,20260102,20260717,MATCHES_ACCEPTED_SCHEMA,False,Accepted source file; does not extend beyond discovery cutoff.
LATER_LOCAL_ARCHIVE,/home/suruchi-pandey/Downloads/CM_corpAction-20260913T144311Z-1-001.zip,9a6df10ef22f30f14ab6d0963ed01fdaf427c56055c676c076b6548ebec08c07,647,20260102,20260717,EXACT_COPY_OF_ACCEPTED_FILES,False,"Archive is newer, but its 2026 member is byte-identical and still ends 20260717."
OFFICIAL_NSE_CORPORATE_ACTION_PAGE,https://www.nseindia.com/companies-listing/corporate-filings-actions,,0,,POST_20260717_EVENTS_VISIBLE,DIFFERENT_RICHER_SCHEMA_PURPOSE_EX_DATE_RECORD_DATE,False,"Official page proves later events exist, but no local reproducible downloader or reviewed mapping to accepted DATE/adj_factor/valid semantics exists."
