rebalance_id,execution_date,engine_cash,cash,cash_difference,engine_equity,equity,equity_difference,positions,state_status
SMV2-0018,2020-05-04,2559.45492545006,2559.45492545006,0.0,494994.55492545,494994.55492545,0.0,9,STATE_EXACT
SMV2-0019,2020-05-11,12.731148650113028,12.731148650113,2.842170943040401e-14,484733.0311486501,484733.0311486501,0.0,9,STATE_EXACT
SMV2-0020,2020-05-18,904.2726025501252,31.69573215011,872.5768704000152,474877.9726025501,474833.5957321501,44.37687040003948,9,STATE_DIFFERENT
SMV2-0021,2020-05-26,93.03156295012012,650.783673550133,-557.7521106000129,488169.2315629501,488082.1836735501,87.04788940004073,9,STATE_DIFFERENT
SMV2-0022,2020-06-01,23011.43288065008,17075.73538150009,5935.697499149992,508035.8828806501,508014.5353815001,21.347499150026124,9,STATE_DIFFERENT
SMV2-0023,2020-06-08,22022.029767350163,8330.783793100156,13691.245974250007,514544.6797673502,514392.3837931001,152.29597425012616,9,STATE_DIFFERENT
SMV2-0087,2021-08-30,11346.519943151348,2513.749634852284,8832.770308299065,814319.1199431514,885436.3496348521,-71117.22969170078,9,STATE_DIFFERENT
SMV2-0151,2022-11-21,18136.807736802875,21925.37388385393,-3788.566147051053,902506.3577368028,1019187.9738838538,-116681.61614705098,9,STATE_DIFFERENT
SMV2-0215,2024-02-12,76422.73284220454,59111.61408735617,17311.118754848372,1076207.8328422045,1239296.9640873563,-163089.13124515186,9,STATE_DIFFERENT
SMV2-0279,2025-05-05,17265.01163817839,5786.116583491006,11478.895054687382,1125810.1616381784,1437588.766583491,-311778.6049453125,9,STATE_DIFFERENT
SMV2-0346,2026-08-17,8924.299501090645,7873.15348794419,1051.1460131464555,1118960.2395010905,1461478.8534879442,-342518.61398685374,9,STATE_DIFFERENT
SMV2-0347,2026-08-24,4603.7654049406265,5850.197010694217,-1246.4316057535907,1118796.355404941,1461492.0170106944,-342695.66160575347,9,STATE_DIFFERENT
SMV2-0348,2026-08-31,21486.30042244069,22386.082268194263,-899.7818457535723,1109689.220422441,1450197.5422681943,-340508.32184575335,9,STATE_DIFFERENT
SMV2-0349,2026-09-07,557.0779567407299,567.45564497431,-10.377688233580102,1068775.1679567408,1398177.135644974,-329401.9676882331,9,STATE_DIFFERENT
SMV2-0350,2026-09-15,7617.495532540866,2714.242777074338,4903.2527554665285,1023318.6055325408,1338627.0727770743,-315308.4672445335,9,STATE_DIFFERENT
