candidate_left,candidate_right,observations,pearson,spearman,absolute_spearman,redundancy_threshold,redundancy_status
VM01,VM02,1828715,0.499180571612,0.444103339236,0.444103339236,0.9,RETAIN_DISTINCT_HYPOTHESIS
VM01,VM03,1828715,0.326649323056,0.254140775256,0.254140775256,0.9,RETAIN_DISTINCT_HYPOTHESIS
VM01,VM04,1778562,0.346334264312,0.262788159087,0.262788159087,0.9,RETAIN_DISTINCT_HYPOTHESIS
VM01,VM05,1828715,0.684408883673,0.696163939321,0.696163939321,0.9,RETAIN_DISTINCT_HYPOTHESIS
VM01,VM06,1828715,0.553720334911,0.43129897228,0.43129897228,0.9,RETAIN_DISTINCT_HYPOTHESIS
VM01,VM07,1778562,0.464834469004,0.403814577281,0.403814577281,0.9,RETAIN_DISTINCT_HYPOTHESIS
VM02,VM03,1828715,0.144896189711,0.109504588127,0.109504588127,0.9,RETAIN_DISTINCT_HYPOTHESIS
VM02,VM04,1778562,0.296302318193,0.268405125538,0.268405125538,0.9,RETAIN_DISTINCT_HYPOTHESIS
VM02,VM05,1828715,0.378630321116,0.386894139639,0.386894139639,0.9,RETAIN_DISTINCT_HYPOTHESIS
VM02,VM06,1828715,0.558899349242,0.634401786432,0.634401786432,0.9,RETAIN_DISTINCT_HYPOTHESIS
VM02,VM07,1778562,0.511933232659,0.651859439612,0.651859439612,0.9,RETAIN_DISTINCT_HYPOTHESIS
VM03,VM04,1778562,0.905001742231,0.86627467224,0.86627467224,0.9,RETAIN_DISTINCT_HYPOTHESIS
VM03,VM05,1828715,0.430297457319,0.25214742176,0.25214742176,0.9,RETAIN_DISTINCT_HYPOTHESIS
VM03,VM06,1828715,0.385814243811,0.215603441252,0.215603441252,0.9,RETAIN_DISTINCT_HYPOTHESIS
VM03,VM07,1778562,0.382866748281,0.237002598717,0.237002598717,0.9,RETAIN_DISTINCT_HYPOTHESIS
VM04,VM05,1778562,0.43253761978,0.259620030851,0.259620030851,0.9,RETAIN_DISTINCT_HYPOTHESIS
VM04,VM06,1778562,0.426694258692,0.264612563143,0.264612563143,0.9,RETAIN_DISTINCT_HYPOTHESIS
VM04,VM07,1778562,0.450094143884,0.324409967833,0.324409967833,0.9,RETAIN_DISTINCT_HYPOTHESIS
VM05,VM06,1828715,0.796707431416,0.544712962531,0.544712962531,0.9,RETAIN_DISTINCT_HYPOTHESIS
VM05,VM07,1778562,0.581238264545,0.476316735975,0.476316735975,0.9,RETAIN_DISTINCT_HYPOTHESIS
VM06,VM07,1778562,0.707822415126,0.87674718749,0.87674718749,0.9,RETAIN_DISTINCT_HYPOTHESIS
