year,feature,count,mean,median,std,p01,p05,p10,p25,p75,p90,p95,p99,min,max,skew
2020,volume_ratio_20,137620,1.17190246255,0.724504192178,2.12763754859,0.110133320822,0.211998658103,0.284249071004,0.448072353058,1.20416338518,2.17658779807,3.34677364345,8.37593514409,0.000733647551,220.703755944,20.8864420032
2020,volume_ratio_60,132540,1.26935717516,0.743661665872,2.4402870143,0.112288794964,0.202999798102,0.273948086112,0.443988565573,1.29509353307,2.40992865597,3.75840521834,9.61458433298,0.001268052858,284.335296728,23.6806358031
2020,volume_median_ratio_20,137620,1.85467401072,0.98475923594,4.57351878917,0.209856281107,0.352832852811,0.443564649605,0.642779216811,1.69238596408,3.35305519259,5.51304491206,15.7711814114,0.003420707211,392.526329921,26.6169429719
2020,volume_median_ratio_60,132540,2.25265515097,1.09860279618,6.34189440356,0.203773176627,0.348296161497,0.448565502174,0.677506745009,2.02090790524,4.16807646938,6.93860253486,20.2777991718,0.00238875618,867.090895611,38.7261368646
2020,log_volume_surprise_20,137620,0.028171224042,-0.077984002818,0.835381472569,-1.6216266829,-1.12012142588,-0.889860325212,-0.513811205216,0.451939513405,1.10746328768,1.5792080656,2.57863326239,-4.94997607456,5.73794128655,0.813643920017
2020,log_volume_surprise_60,132540,0.138098092326,0.02553993215,0.909783641802,-1.65196112417,-1.14062500322,-0.884900557185,-0.461667472287,0.623952870334,1.32005566456,1.81266339936,2.83889870105,-5.70078593497,6.52771566471,0.742833938536
2020,price_return_5,137936,0.020398956632,0.008818216731,0.077464415319,-0.131665934812,-0.080169348783,-0.057520956406,-0.024084499838,0.052440940541,0.109963789623,0.158254382471,0.275595780739,-0.533106575964,0.913894324853,1.46595591378
2020,price_return_20,137620,0.071432246179,0.05180969405,0.174778343569,-0.384063866463,-0.159173913818,-0.096314967726,-0.022829289735,0.149280413763,0.273023215144,0.369128036157,0.624456880697,-0.779485408392,3.06151645207,1.0442218631
2020,candidate_vm01,137936,0.020398956632,0.008818216731,0.077464415319,-0.131665934812,-0.080169348783,-0.057520956406,-0.024084499838,0.052440940541,0.109963789623,0.158254382471,0.275595780739,-0.533106575964,0.913894324853,1.46595591378
2020,candidate_vm02,137620,0.071432246179,0.05180969405,0.174778343569,-0.384063866463,-0.159173913818,-0.096314967726,-0.022829289735,0.149280413763,0.273023215144,0.369128036157,0.624456880697,-0.779485408392,3.06151645207,1.0442218631
2020,candidate_vm03,137620,0.028171224042,-0.077984002818,0.835381472569,-1.6216266829,-1.12012142588,-0.889860325212,-0.513811205216,0.451939513405,1.10746328768,1.5792080656,2.57863326239,-4.94997607456,5.73794128655,0.813643920017
2020,candidate_vm04,132540,0.138098092326,0.02553993215,0.909783641802,-1.65196112417,-1.14062500322,-0.884900557185,-0.461667472287,0.623952870334,1.32005566456,1.81266339936,2.83889870105,-5.70078593497,6.52771566471,0.742833938536
2020,candidate_vm05_basic_liquid,137620,0.024476580695,0,0.096556872217,-0.067137490013,-0.013684251015,-0.002230095608,-0,0.00709601736,0.071788177432,0.156509831523,0.45354779088,-0.970997685139,2.32472456721,6.71656033886
2020,candidate_vm06_basic_liquid,137620,0.042254750407,0,0.164442215919,-0.16235093786,-0.026655758193,-0.002995924229,0,0.017303422706,0.137167428274,0.280225508163,0.766304182407,-1.9586393913,6.54505999479,6.12412913466
2020,candidate_vm07_basic_liquid,132540,0.270262962163,0,0.700009468751,-1.44911166984,-0.510220842891,-0.073429423246,0,0.462352208476,1.2153530781,1.72772554448,2.67578002117,-3.28430172948,3.72163052632,1.09294483163
2021,volume_ratio_20,246880,1.15364017318,0.687067725406,4.28108585846,0.117674357719,0.217569085948,0.285535803652,0.43572039437,1.1344800034,2.08697029213,3.29148918685,8.45752217345,5.040453e-06,1398.95695912,212.081842138
2021,volume_ratio_60,241554,1.14974073459,0.64283071013,4.50747696586,0.116859494518,0.201061251384,0.260097291374,0.396833419516,1.1097501159,2.12745290652,3.4221655535,9.14747395438,8.846045e-06,1433.5576674,218.399082569
2021,volume_median_ratio_20,246880,1.86386379766,0.952112356258,15.3623984344,0.226324963873,0.360331949956,0.445431177467,0.629343818038,1.61239503049,3.22858771729,5.40097675548,15.6555602319,4.4092683e-05,6578.14522822,342.986757527
2021,volume_median_ratio_60,241554,2.11845129149,0.984241574167,24.4823914413,0.222316489482,0.348947687373,0.435392018389,0.627547661764,1.76454217052,3.67972911668,6.25211462516,18.9419593356,9.436633e-05,11028.4034783,388.003735752
2021,log_volume_surprise_20,246880,-0.009605928761,-0.128096892723,0.822413950418,-1.56262244448,-1.10766937677,-0.892332399281,-0.545521829751,0.385860625418,1.0546014968,1.54642363933,2.57640549597,-8.91174866552,8.52882464341,0.968332232831
2021,log_volume_surprise_60,241554,0.027942551371,-0.104404359303,0.881413644499,-1.59299498601,-1.14907915715,-0.929204298968,-0.560640102744,0.468051007803,1.18042285449,1.69992510434,2.777601667,-7.89698270782,8.89628109354,0.968648406303
2021,price_return_5,247681,0.012166340476,0.002350652509,0.071641715788,-0.125456389912,-0.077990207508,-0.057288639153,-0.027315407597,0.038841342989,0.090053341701,0.136677722499,0.264278458498,-0.990278004715,1.08861726509,1.62282671385
2021,price_return_20,246880,0.053583198936,0.024043044202,0.150975085269,-0.199671927589,-0.123959175629,-0.090095900198,-0.037633165091,0.112903574986,0.232495668787,0.331117461603,0.571851824696,-0.990726173525,1.94196843083,1.77055273258
2021,candidate_vm01,247681,0.012166340476,0.002350652509,0.071641715788,-0.125456389912,-0.077990207508,-0.057288639153,-0.027315407597,0.038841342989,0.090053341701,0.136677722499,0.264278458498,-0.990278004715,1.08861726509,1.62282671385
2021,candidate_vm02,246880,0.053583198936,0.024043044202,0.150975085269,-0.199671927589,-0.123959175629,-0.090095900198,-0.037633165091,0.112903574986,0.232495668787,0.331117461603,0.571851824696,-0.990726173525,1.94196843083,1.77055273258
2021,candidate_vm03,246880,-0.009605928761,-0.128096892723,0.822413950418,-1.56262244448,-1.10766937677,-0.892332399281,-0.545521829751,0.385860625418,1.0546014968,1.54642363933,2.57640549597,-8.91174866552,8.52882464341,0.968332232831
2021,candidate_vm04,241554,0.027942551371,-0.104404359303,0.881413644499,-1.59299498601,-1.14907915715,-0.929204298968,-0.560640102744,0.468051007803,1.18042285449,1.69992510434,2.777601667,-7.89698270782,8.89628109354,0.968648406303
2021,candidate_vm05_basic_liquid,246880,0.021394292841,0,0.095922779042,-0.063980043663,-0.014572874372,-0.002993402425,-0,0.002209075588,0.057062422244,0.141303414614,0.442762228542,-2.81030331945,3.07483245813,5.82299362902
2021,candidate_vm06_basic_liquid,246880,0.034656357939,0,0.145723231831,-0.099021127965,-0.025238447553,-0.005700899249,0,0.004373521729,0.101103629857,0.233507303092,0.695213739933,-2.81105233056,3.87682703092,5.58038395509
2021,candidate_vm07_basic_liquid,241554,0.215825026539,0,0.649694832014,-1.30010540871,-0.454520823288,-0.086202974424,0,0.265726666096,1.06829524447,1.61968344308,2.56791771595,-3.58482863535,3.58482863535,1.42004821489
2022,volume_ratio_20,266712,1.14432596278,0.723660631436,2.80653577185,0.12135038239,0.234889594852,0.308805833561,0.467532183313,1.16319439147,2.01269070361,3.0588798688,7.92285267775,0.000136517477,771.364040362,107.859539676
2022,volume_ratio_60,260514,1.1629106215,0.694832539897,2.55907537673,0.11939333489,0.215720183733,0.283858857037,0.436899638707,1.15331857336,2.0731709165,3.26317545175,8.77961852394,0.000215470073,422.150541737,41.9347731675
2022,volume_median_ratio_20,266712,1.82541624614,0.973796439776,17.2044241135,0.235647399274,0.377350456083,0.464574108232,0.652804422707,1.59130680524,2.97971504134,4.8303108714,14.4904882508,0.001593371574,7949.41666667,378.356972926
2022,volume_median_ratio_60,260514,2.09808344646,1.00913356092,11.9015211012,0.222302804652,0.358512357371,0.448949075456,0.651003317644,1.74006953815,3.42809166617,5.78354435033,18.2464437905,0.001835236542,2711.84113712,106.14030904
2022,log_volume_surprise_20,266712,0.004130974871,-0.097660283072,0.785499338908,-1.51779031508,-1.05467388836,-0.843326669291,-0.499706562855,0.385085081209,0.986741074423,1.45363701904,2.50248880823,-6.42301590457,8.13115378997,0.974148483534
2022,log_volume_surprise_60,260514,0.047930426446,-0.065718665431,0.85211185805,-1.57733414924,-1.10856966522,-0.881564206486,-0.505757409185,0.469395032881,1.12229482966,1.62692812618,2.73318715073,-6.37266278799,7.48319544127,0.983954492235
2022,price_return_5,268074,0.003281695861,-0.000497300372,0.066944565018,-0.148306332366,-0.092982626774,-0.068365167274,-0.03327614648,0.033495389388,0.07701853997,0.11278827709,0.214827482325,-0.990153313609,0.888554216867,0.882594689003
2022,price_return_20,266712,0.020091224864,0.00622533472,0.137321711565,-0.256405123088,-0.170695877139,-0.127250121723,-0.061726375321,0.084254747988,0.176078784553,0.253529449594,0.462076114117,-0.990131154842,2.00829875519,1.24250744955
2022,candidate_vm01,268074,0.003281695861,-0.000497300372,0.066944565018,-0.148306332366,-0.092982626774,-0.068365167274,-0.03327614648,0.033495389388,0.07701853997,0.11278827709,0.214827482325,-0.990153313609,0.888554216867,0.882594689003
2022,candidate_vm02,266712,0.020091224864,0.00622533472,0.137321711565,-0.256405123088,-0.170695877139,-0.127250121723,-0.061726375321,0.084254747988,0.176078784553,0.253529449594,0.462076114117,-0.990131154842,2.00829875519,1.24250744955
2022,candidate_vm03,266712,0.004130974871,-0.097660283072,0.785499338908,-1.51779031508,-1.05467388836,-0.843326669291,-0.499706562855,0.385085081209,0.986741074423,1.45363701904,2.50248880823,-6.42301590457,8.13115378997,0.974148483534
2022,candidate_vm04,260514,0.047930426446,-0.065718665431,0.85211185805,-1.57733414924,-1.10856966522,-0.881564206486,-0.505757409185,0.469395032881,1.12229482966,1.62692812618,2.73318715073,-6.37266278799,7.48319544127,0.983954492235
2022,candidate_vm05_basic_liquid,266712,0.012863583472,0,0.07883891718,-0.100111972405,-0.027114435981,-0.008504255647,-0,0.000418222354,0.037603587237,0.098721606033,0.352440366657,-3.27216321183,2.03685639197,4.73999423816
2022,candidate_vm06_basic_liquid,266712,0.02024787568,0,0.123563947243,-0.167289473279,-0.050736761081,-0.017383090434,0,0.000411226058,0.066615458876,0.165330363197,0.551570302339,-3.27224074319,4.68703366509,5.10641066825
2022,candidate_vm07_basic_liquid,260514,0.145244561948,0,0.64935441209,-1.5561373537,-0.681309157418,-0.313706968016,0,0.147639474119,0.924142399073,1.47347162475,2.52896358618,-3.4952793541,3.57678293216,1.14980471043
2023,volume_ratio_20,286940,1.21031358022,0.716190346582,4.58655003194,0.126005788697,0.23273454859,0.303911809419,0.456635636819,1.18081322617,2.10608363932,3.27254654903,9.07521322361,0.00039771394,1379.72668163,191.231662297
2023,volume_ratio_60,280530,1.22870982603,0.700366150576,3.55668864043,0.127249818312,0.220666577485,0.285701876806,0.435724201893,1.19180943473,2.19695385061,3.47834006748,9.75710507215,0.000699187014,1222.73585097,156.192131746
2023,volume_median_ratio_20,286940,1.94436484822,0.995078193102,11.4910456859,0.251348765874,0.380917673137,0.467053562124,0.656669558119,1.66822608212,3.21215485836,5.35869168424,16.7268160985,0.006852551985,3671.21787709,186.991373434
2023,volume_median_ratio_60,280530,2.20317122444,1.06118198663,15.2743540204,0.250068448498,0.379205749092,0.469501498919,0.678478330363,1.8615112289,3.72100190832,6.24185806066,19.5528474233,0.016653905054,5665.06896552,233.43618598
2023,log_volume_surprise_20,286940,0.028993224601,-0.087518004296,0.808381548686,-1.45277967294,-1.0465135335,-0.844127852484,-0.502803500176,0.42026436989,1.0500830169,1.53754118125,2.63266562102,-4.96034063199,8.24816517397,1.08290532426
2023,log_volume_surprise_60,280530,0.092537041585,-0.031173047099,0.857776080436,-1.47184244253,-1.06469318931,-0.8494940513,-0.479246817896,0.521044449993,1.19012748484,1.69480839443,2.80953250275,-4.6132120702,8.90730852745,1.02913452317
2023,price_return_5,288084,0.010630597403,0.003512845265,0.058102891302,-0.109983495804,-0.065082644628,-0.046380864786,-0.020310884437,0.033023949332,0.074068777834,0.10986892374,0.207470928991,-0.910079789618,0.809128630705,1.40454576679
2023,price_return_20,286940,0.040478889139,0.022823717889,0.118774489873,-0.179430854766,-0.110663619085,-0.080309124194,-0.032213936254,0.093062870795,0.181674648212,0.252328825168,0.427342959143,-0.901709876715,1.42767527675,1.31520704237
2023,candidate_vm01,288084,0.010630597403,0.003512845265,0.058102891302,-0.109983495804,-0.065082644628,-0.046380864786,-0.020310884437,0.033023949332,0.074068777834,0.10986892374,0.207470928991,-0.910079789618,0.809128630705,1.40454576679
2023,candidate_vm02,286940,0.040478889139,0.022823717889,0.118774489873,-0.179430854766,-0.110663619085,-0.080309124194,-0.032213936254,0.093062870795,0.181674648212,0.252328825168,0.427342959143,-0.901709876715,1.42767527675,1.31520704237
2023,candidate_vm03,286940,0.028993224601,-0.087518004296,0.808381548686,-1.45277967294,-1.0465135335,-0.844127852484,-0.502803500176,0.42026436989,1.0500830169,1.53754118125,2.63266562102,-4.96034063199,8.24816517397,1.08290532426
2023,candidate_vm04,280530,0.092537041585,-0.031173047099,0.857776080436,-1.47184244253,-1.06469318931,-0.8494940513,-0.479246817896,0.521044449993,1.19012748484,1.69480839443,2.80953250275,-4.6132120702,8.90730852745,1.02913452317
2023,candidate_vm05_basic_liquid,286940,0.015231551111,0,0.077659571976,-0.07842687141,-0.017971090927,-0.004577804545,-0,0.002006655102,0.04262723314,0.104372941461,0.355267245856,-2.50888709247,2.24435605769,6.45797481891
2023,candidate_vm06_basic_liquid,286940,0.024334438413,0,0.112376567725,-0.119805980455,-0.030786273008,-0.00816936965,0,0.004962447331,0.077627646766,0.173519764976,0.515196012969,-2.47624636688,2.9665172806,5.79879515496
2023,candidate_vm07_basic_liquid,280530,0.196214982429,0,0.667168192117,-1.5120422683,-0.608745066349,-0.214257641351,0,0.291845584962,1.0370694704,1.57607975516,2.61320430031,-3.50173442226,3.50173442226,1.10687088711
2024,volume_ratio_20,346201,1.17219807587,0.700592838162,8.7097432329,0.114858012513,0.227826417516,0.301135744962,0.452028996411,1.14216435789,2.01532697421,3.11119647955,8.68944074856,0.000250392203,4883.6447527,510.029753896
2024,volume_ratio_60,334203,1.13604503843,0.651604660804,2.96373576492,0.111521703459,0.207349726535,0.269499661435,0.408024390691,1.09808115822,2.01021191626,3.1779737943,9.11754801516,0.000496414361,919.943201005,106.168535348
2024,volume_median_ratio_20,346201,1.87591907396,0.96179598267,20.1081272191,0.229827246884,0.376321385807,0.462775728368,0.645426069031,1.58706351132,2.99741757252,4.93016048699,15.6196766815,0.002886505077,7831.53424658,283.984539543
2024,volume_median_ratio_60,334203,1.97474962466,0.981277758936,12.8171092309,0.218304314253,0.356598839222,0.441484326228,0.634606600469,1.68638426128,3.30119509576,5.51477617651,17.5834294383,0.006867753543,4841.9516317,269.788241223
2024,log_volume_surprise_20,346201,-0.0037505412,-0.113725624314,0.801816988362,-1.54339891292,-1.0611573825,-0.851747159405,-0.516760693865,0.38075444799,0.990992614428,1.46885691777,2.58049741318,-5.12061117052,8.87904787933,1.00099378941
2024,log_volume_surprise_60,334203,0.009834855253,-0.104827868054,0.851787954894,-1.60752569466,-1.1251631987,-0.910944658731,-0.544756671813,0.429661176391,1.07997737693,1.58036521667,2.71953242805,-4.96857124963,8.37920419432,0.960725399328
2024,price_return_5,347883,0.006823027845,0.000362669246,0.065772453139,-0.131186366138,-0.082207847392,-0.060975609756,-0.030091850444,0.034647424118,0.080469415087,0.118037946491,0.221609422252,-0.902760873743,0.987764253684,1.27412183782
2024,price_return_20,346201,0.029322076771,0.011027006822,0.126540827001,-0.206518332811,-0.136223727025,-0.101755786113,-0.047604168991,0.084670219673,0.179720764432,0.254187042339,0.450456431535,-0.906111237324,1.55305466238,1.35631973178
2024,candidate_vm01,347883,0.006823027845,0.000362669246,0.065772453139,-0.131186366138,-0.082207847392,-0.060975609756,-0.030091850444,0.034647424118,0.080469415087,0.118037946491,0.221609422252,-0.902760873743,0.987764253684,1.27412183782
2024,candidate_vm02,346201,0.029322076771,0.011027006822,0.126540827001,-0.206518332811,-0.136223727025,-0.101755786113,-0.047604168991,0.084670219673,0.179720764432,0.254187042339,0.450456431535,-0.906111237324,1.55305466238,1.35631973178
2024,candidate_vm03,346201,-0.0037505412,-0.113725624314,0.801816988362,-1.54339891292,-1.0611573825,-0.851747159405,-0.516760693865,0.38075444799,0.990992614428,1.46885691777,2.58049741318,-5.12061117052,8.87904787933,1.00099378941
2024,candidate_vm04,334203,0.009834855253,-0.104827868054,0.851787954894,-1.60752569466,-1.1251631987,-0.910944658731,-0.544756671813,0.429661176391,1.07997737693,1.58036521667,2.71953242805,-4.96857124963,8.37920419432,0.960725399328
2024,candidate_vm05_basic_liquid,346201,0.014348270537,0,0.080209319821,-0.090111394136,-0.023308642055,-0.006837094916,0,0.000467184486,0.039389020284,0.103768226846,0.366932018742,-2.45729166812,2.74936256931,6.36962425985
2024,candidate_vm06_basic_liquid,346201,0.021020518974,0,0.113669299389,-0.137389534448,-0.040933269034,-0.013337002129,0,0.000512766999,0.063555527293,0.161749308741,0.532541658811,-2.46995063429,3.30947140052,5.59061159895
2024,candidate_vm07_basic_liquid,334203,0.152712451759,0,0.625650484451,-1.45470277098,-0.607402719659,-0.233043100981,0,0.145541332447,0.899735933086,1.44128000893,2.49666170603,-3.31704237776,3.33412254941,1.24769887405
2025,volume_ratio_20,345641,1.21330573108,0.717876606206,4.42895743698,0.105188235143,0.2219940112,0.302025954921,0.464954411432,1.13879158173,1.90784623511,2.88557635325,8.89395423195,0.001317114434,683.688835614,53.3087634424
2025,volume_ratio_60,334251,1.15928564953,0.665064405929,3.85184898785,0.107158214357,0.203674619404,0.27043284314,0.417239471142,1.09252813058,1.89640688581,2.89352570949,8.88442504772,0.002625666829,689.895625287,54.2481924862
2025,volume_median_ratio_20,345641,1.92747515033,0.96913079387,8.72479067037,0.250915759154,0.391430362741,0.478581192412,0.661601290615,1.54235165413,2.76348337088,4.52602097973,16.729912072,0.006729792117,1537.92606635,48.6648519317
2025,volume_median_ratio_60,334251,2.02933764024,0.973112824675,9.76375943755,0.243472301215,0.373210254799,0.457885189303,0.643628928497,1.60265869897,2.98312372149,4.87638428691,17.9867556294,0.010487188976,1342.78600646,49.253119188
2025,log_volume_surprise_20,345641,-0.003027661539,-0.106072388004,0.779630766219,-1.46708207542,-1.02364247802,-0.820933030673,-0.492166472236,0.355413535038,0.91667880921,1.38442288467,2.62894105672,-5.03096381359,7.00415235403,1.28393815741
2025,log_volume_surprise_60,334251,0.000470655533,-0.109342157993,0.819165609842,-1.50698518395,-1.08124529277,-0.873648486712,-0.527373631268,0.387784990813,0.991512535048,1.4624786703,2.72184715981,-4.77714539272,6.94612330458,1.22491351217
2025,price_return_5,347336,0.000573410528,-0.002100778177,0.058660451557,-0.135716253125,-0.084977453287,-0.062394525853,-0.030811444259,0.026514046721,0.06604234554,0.09774012605,0.18242391793,-0.539316165705,0.865496586101,0.965663485895
2025,price_return_20,345641,-0.00081880212,-0.006981910505,0.112785610109,-0.250461703177,-0.166409581708,-0.126527619358,-0.067054377831,0.053121642593,0.130424415832,0.191111111111,0.34812630252,-0.631491041603,1.49381017882,0.901880133285
2025,candidate_vm01,347336,0.000573410528,-0.002100778177,0.058660451557,-0.135716253125,-0.084977453287,-0.062394525853,-0.030811444259,0.026514046721,0.06604234554,0.09774012605,0.18242391793,-0.539316165705,0.865496586101,0.965663485895
2025,candidate_vm02,345641,-0.00081880212,-0.006981910505,0.112785610109,-0.250461703177,-0.166409581708,-0.126527619358,-0.067054377831,0.053121642593,0.130424415832,0.191111111111,0.34812630252,-0.631491041603,1.49381017882,0.901880133285
2025,candidate_vm03,345641,-0.003027661539,-0.106072388004,0.779630766219,-1.46708207542,-1.02364247802,-0.820933030673,-0.492166472236,0.355413535038,0.91667880921,1.38442288467,2.62894105672,-5.03096381359,7.00415235403,1.28393815741
2025,candidate_vm04,334251,0.000470655533,-0.109342157993,0.819165609842,-1.50698518395,-1.08124529277,-0.873648486712,-0.527373631268,0.387784990813,0.991512535048,1.4624786703,2.72184715981,-4.77714539272,6.94612330458,1.22491351217
2025,candidate_vm05_basic_liquid,345641,0.007855547812,0,0.067734487842,-0.104621734218,-0.029339557213,-0.010048530488,0,0,0.023620833847,0.06643348496,0.275258671028,-1.26915058486,2.55986646185,7.61290811565
2025,candidate_vm06_basic_liquid,345641,0.007731674238,0,0.09362981881,-0.185435082092,-0.062814385992,-0.025526942798,0,0,0.032903120305,0.096427748001,0.375841995641,-1.47521339617,3.17514729071,6.44343240882
2025,candidate_vm07_basic_liquid,334251,0.064978656381,0,0.608950612473,-1.70504309853,-0.784535899942,-0.409652367511,0,-0,0.669768436963,1.19564165696,2.43423891158,-3.4794645346,3.4794645346,0.896522224697
2026,volume_ratio_20,198721,1.33125466555,0.730268209084,7.34929599948,0.094224133405,0.20603546814,0.28883322446,0.461179795549,1.1758341088,1.97988529033,2.98364349937,9.96013272125,0.002140465437,1894.12135781,125.892756857
2026,volume_ratio_60,194970,1.3376518933,0.709826395528,7.23359367806,0.095370230358,0.197272411086,0.272157837742,0.436162200755,1.1800436304,2.04454532191,3.12701746489,10.7450937726,0.00369746076,1620.24946475,120.41398537
2026,volume_median_ratio_20,198721,2.30371282917,1.00807397669,18.7163262642,0.258038293912,0.396096596517,0.484231372956,0.676257428613,1.62644670671,2.93090356126,4.77798868171,21.1285590767,0.003345728274,3993.79566679,109.229616318
2026,volume_median_ratio_60,194970,2.57661304206,1.08422951408,18.792772825,0.257161674149,0.400981777629,0.494529868804,0.704271075112,1.8147900537,3.39352654649,5.62745193586,24.4650490105,0.011239958353,2782.1066915,72.6538598014
2026,log_volume_surprise_20,198721,0.033154695119,-0.070853470972,0.806773150943,-1.44213306672,-1.01806497069,-0.816453539195,-0.476042196596,0.399843536716,0.966785930444,1.43222592883,2.83957257217,-5.49165504409,7.72883235685,1.43705693242
2026,log_volume_surprise_60,194970,0.107257760739,-0.002819335194,0.849123365955,-1.4454039079,-1.00784768773,-0.796155111267,-0.43679363153,0.504453695126,1.10543847157,1.59684747263,3.01995712504,-4.08820507864,7.59904935899,1.34583035232
2026,price_return_5,199385,0.004554281955,-0.000950570342,0.064457205604,-0.129657752561,-0.083790445578,-0.063026329356,-0.031834453855,0.033380423814,0.078585672283,0.114502237079,0.204751585414,-0.990498082773,0.9329021827,0.658326204283
2026,price_return_20,198721,0.017424461393,0.003833836994,0.131182561877,-0.239527887833,-0.164350970689,-0.125952552121,-0.062645769195,0.079815377688,0.175766247458,0.248703248703,0.426103364295,-0.991383210968,1.44574169608,0.866250883873
2026,candidate_vm01,199385,0.004554281955,-0.000950570342,0.064457205604,-0.129657752561,-0.083790445578,-0.063026329356,-0.031834453855,0.033380423814,0.078585672283,0.114502237079,0.204751585414,-0.990498082773,0.9329021827,0.658326204283
2026,candidate_vm02,198721,0.017424461393,0.003833836994,0.131182561877,-0.239527887833,-0.164350970689,-0.125952552121,-0.062645769195,0.079815377688,0.175766247458,0.248703248703,0.426103364295,-0.991383210968,1.44574169608,0.866250883873
2026,candidate_vm03,198721,0.033154695119,-0.070853470972,0.806773150943,-1.44213306672,-1.01806497069,-0.816453539195,-0.476042196596,0.399843536716,0.966785930444,1.43222592883,2.83957257217,-5.49165504409,7.72883235685,1.43705693242
2026,candidate_vm04,194970,0.107257760739,-0.002819335194,0.849123365955,-1.4454039079,-1.00784768773,-0.796155111267,-0.43679363153,0.504453695126,1.10543847157,1.59684747263,3.01995712504,-4.08820507864,7.59904935899,1.34583035232
2026,candidate_vm05_basic_liquid,198721,0.01010268289,0,0.079498129262,-0.1047789741,-0.032970323762,-0.012580739912,0,0,0.031190966561,0.083759407563,0.330393842612,-3.33129956076,1.97627075175,2.26582189037
2026,candidate_vm06_basic_liquid,198721,0.011363497602,0,0.115271714808,-0.204879478528,-0.0729257776,-0.031110550893,0,0,0.047974955519,0.129997298886,0.466706709994,-3.32866625297,2.81266339874,3.23108301235
2026,candidate_vm07_basic_liquid,194970,0.072515429404,0,0.680513861368,-1.8678668206,-0.900022731954,-0.521865447148,0,0.073501060009,0.786060138457,1.30647287195,2.67112068315,-3.58253028577,3.58253028577,0.767289346926
