year,universe,observations,symbols,null_volume,zero_volume,negative_volume,null_turnover,zero_turnover,sessions_per_symbol_median,sessions_per_symbol_min,sessions_per_symbol_max,volume_median,volume_p10,volume_p25,volume_p75,volume_p90,volume_p95,volume_p99,volume_min,volume_max,turnover_median,turnover_p10,turnover_p25,turnover_p75,turnover_p90,turnover_p95,turnover_p99,turnover_min,turnover_max,close_median,close_p10,close_p25,close_p75,close_p90,close_p95,close_p99,close_min,close_max
2020,BROAD_EQ,375022,1743,0,0,0,0,752,251,1,251,65387.5,2601,12013,427255.25,2234187.8,6062949.6,28553428.43,1,6161122183,7311500,118000,759000,64176750,540852900,1590296500,7152263670,0,356433417000,108.45,9.65,30.5,359.65,1034.25,1938.05,6722.8665,0.05,80114.5
2020,BASIC_LIQUID,138030,1031,0,0,0,0,0,169,1,191,304374.5,22563.9,73994.25,1296856.25,5457694.9,12737943.95,40992929.74,34,662896680,68876000,8290900,19587000,348519250,1741268800,3514473200,12380976610,7000,356433417000,253.85,47.5,98.735,708.1,1742.405,3234.765,15236.6635,20,80114.5
2020,MODERATE_LIQUID,56480,661,0,0,0,0,0,106,1,131,615272,65186.8,183579.5,2148166.5,7811728.9,15202932.15,43627257.79,1973,270968028,207674000,34441900,72002750,993698750,3047837300,5663298150,15750873510,556000,149822191000,384.275,86.945,158.5,941.85,2094.165,3250.155,12753.3245,50,80114.5
2020,STRICT_SENSITIVITY,0,0,0,0,0,0,0,,,,,,,,,,,,,,,,,,,,,,,,,,,,,,
2021,BROAD_EQ,387943,1895,0,0,0,0,108,248,1,248,128105,6799.2,27565,635314,2810210.2,6894254.4,31399885.24,1,2384307453,25824000,640000,3675000,152624000,860946800,2033244100,7771302100,0,116284377000,181.05,20.2,60.05,586.15,1594.25,2834.395,7992.119,0.25,96973.85
2021,BASIC_LIQUID,247917,1429,0,0,0,0,1,232,1,248,262791,23041,71282,1050392,3933213.6,8804575.4,33057863.84,1,511815455,78644000,9927600,23588000,346735000,1497564800,3049657400,10012605440,0,116284377000,322.95,59.9,125.35,893.7,2198.15,3627.67,13434.046,20,96973.85
2021,MODERATE_LIQUID,148869,1017,0,0,0,0,0,156,1,248,488537,56077,155594,1661280,5588494.8,11585820.6,37220011.28,1286,510138918,203616000,35454000,71272000,820724000,2519686800,4596496200,12934868760,878000,116284377000,458.3,96.5,179.6,1111.4,2471.72,3688.99,8883.298,50,96973.85
2021,STRICT_SENSITIVITY,46844,536,0,0,0,0,0,90.5,1,149,864360,128435.4,310849,2603681,7489095.7,13034728.55,35258546.62,3704,360661838,635816000,122418700,237913000,1649918000,3912348400,6634576800,15018244940,8156000,116284377000,696.075,159.8,297.4125,1612.75,3212.775,4522.7675,8851.4335,100.05,31040.45
2022,BROAD_EQ,438189,2040,0,0,0,0,68,248,1,248,98506,5833,21931,467233,2058318.6,5169671.2,23190604.24,1,2108703849,19917000,687000,3235000,117018000,653442400,1500814600,5518155760,0,92866837000,199.77,23.038,66.75,596.4,1555.35,2610.2,7369.654,0.25,94900.1
2022,BASIC_LIQUID,268520,1577,0,0,0,0,0,222,1,248,209878,19812,59197.75,810621.75,3047508.7,6973510.35,23646449.12,4,1288049180,66356500,9151000,20834000,296864750,1179096900,2321167600,7302352400,2000,92866837000,363.35,63.75,136,889.25,2127.21,3379.5125,11919.518,20,94900.1
2022,MODERATE_LIQUID,152099,1056,0,0,0,0,0,156.5,1,248,419665,53599.6,139703.5,1402629,4746958.6,9556339.8,27759570.46,784,599688336,197710000,36015000,70546000,725404500,2027876800,3604744400,9549136580,278000,92866837000,495.8,108.2,220.1,1131.45,2428.11,3462.365,7870.28,50,53453.2
2022,STRICT_SENSITIVITY,71186,538,0,0,0,0,0,113,1,248,888844.5,151554.5,339626,2571156,7349289,12142129.25,28659229.5,3020,242199873,663632500,144724000,275673750,1620417500,3657742500,5976044500,12782339150,5452000,92866837000,709.225,166.3,313.15,1689.225,3197.75,4143.8,8533.27,100,25157.95
2023,BROAD_EQ,444395,2176,0,0,0,0,128,245,1,245,115206,6188.4,24720,545529.5,2498232,6433097.9,29052753.56,1,1688819452,29250000,749000,4184000,163866500,754274000,1599810100,5709257720,0,177961305000,236.8,25.15,74.45,637.775,1603.38,2777.015,7347.887,0.35,129579.25
2023,BASIC_LIQUID,288413,1689,0,0,0,0,0,235,1,245,229654,21781,64874,907705,3570284.8,8059392.6,28931850.76,5,781360562,83190000,11302000,26342000,347093000,1194399800,2295277600,7356226920,5000,177961305000,395.45,70.512,156.8,911.2,2210.06,3525.51,10352.684,20,129579.25
2023,MODERATE_LIQUID,179577,1202,0,0,0,0,0,163,1,245,417959,55614.6,141997,1442756,4923254,9725326.6,29595240.44,329,573870002,200337000,37496600,72994000,671366000,1830433200,3305920400,9759009400,685000,177961305000,477.4,107.8,221.15,1043.6,2291.4,3489.53,6939.58,50,42440.75
2023,STRICT_SENSITIVITY,85728,716,0,0,0,0,0,97,1,245,857801,144366.5,318430,2453856.75,7050778.6,12061590.15,29826150.86,5929,395800528,583811500,132841600,253071500,1409561000,3232329200,5429209700,14206627210,6994000,177961305000,647.325,160.35,289.7,1474.4125,3055.395,4162.445,7407.11,100,38647.35
2024,BROAD_EQ,465613,2304,0,0,0,0,22,248,1,248,174498,10709,40676,766944,3309566,8227391.4,34626002.68,1,8453266674,57343000,2126290.346,10477382.1,300542000,1316485588.93,2852261246.12,9450707529.03,0,381639143690,321.05,38.35,107.02,853.05,2054.15,3893.45,10268.712,0.5,150725
2024,BASIC_LIQUID,348392,1950,0,0,0,0,0,248,1,248,262617,24757.3,75202.5,1034002.75,4092365.8,9531128.6,35129420.43,13,2038376473,113512559.075,12812100,32529603.9325,489567250,1823522800,3597514505.9,10840978460,2616.93,381639143690,469.55,74.87,179.5975,1089.4625,2559.445,4599.4,11766.163,20,150725
2024,MODERATE_LIQUID,235512,1458,0,0,0,0,0,194.5,1,248,430801.5,56155.2,140529,1512360.75,5392175.8,11569830,37518379.72,199,903995564,241746403.325,41759540.867,84775378.96,875940579.837,2692882200,4844075861.75,13249019975.9,199000,381639143690,579.475,123,252.8375,1288.1125,2749.795,4564.3125,9449.839,50,49236.9
2024,STRICT_SENSITIVITY,125407,913,0,0,0,0,0,140,1,248,817244,123658.6,290874.5,2511586.5,8297709,15244307.4,42586790.64,1110,832154977,656535000,135207186.36,259760500,1841240657.79,4416056653.8,7300058700,17806652624.5,1506955.83,381639143690,742.65,188,351.85,1694.85,3717.72,5408.935,9940.281,100,37122.8
2025,BROAD_EQ,529758,2552,0,0,0,0,0,248,1,248,132393.5,7172,28901,592984.25,2512143.6,6095285.2,23675925.27,1,3354154203,34973197.64,884658.214,4731134.5725,210782373.512,999303319.773,2119749964.56,7384931041.85,14.5,182719665613,259.705,26.21,82.7125,754.4,1760.1,3338.1575,10635.516,0.27,162295
2025,BASIC_LIQUID,347850,1950,0,0,0,0,0,248,1,248,246166.5,23636.9,70871.5,900661.5,3415904.8,7385235.95,23515876.83,44,1425654994,102944123.425,11729738.885,29078255.84,430957037.645,1566214079.4,2926571480.27,9282776743.28,19964.2,182719665613,446.4,78.6,175.89,1065.4,2478.71,4772.14,13669.8685,20,162295
2025,MODERATE_LIQUID,225786,1386,0,0,0,0,0,202.5,1,248,418123.5,57259,141685,1358826.25,4684212,9073236.75,26068926.25,1481,1161343466,234053238.055,42622515.4,86329678.3625,827446202.992,2305854486.06,4034701472.34,11538504182.7,744639.4,182719665613,580.18,129.57,257.72,1272.7875,2693.35,4596.5625,11253.3,50,49440
2025,STRICT_SENSITIVITY,119820,882,0,0,0,0,0,132.5,1,248,733890,117269.5,275407.25,2203119,6506173.6,10953928.85,26373637.28,2588,431851622,610670001.5,134273549.735,249774782.425,1622084391.08,3659167656.28,6147253433.9,15099883915.3,1307689.8,182719665613,802.6,189.279,368.05,1708.6125,3698.61,5759.5,12400.81,100,41115
2026,BROAD_EQ,421347,2912,0,0,0,0,0,172,1,172,134208,5261,26211,645866,2804047.2,7189808.4,31828641.36,1,3038646084,31033716.05,463000.542,3136509.85,206334532.65,1049196234.77,2377398932.4,8337003271.84,17.47,137615084047,221.72,20.49,65.16,648.95,1603.7,3092.27,10612.54,0.14,151740
2026,BASIC_LIQUID,262004,1953,0,0,0,0,0,172,1,172,294656.5,28174.3,85779.25,1104031,4243954.1,9789738.9,34564383.69,135,1285571409,114665534.3,12840399.169,32532126.86,485369520.675,1843924966.69,3483403986.46,11125635902.3,33431.07,137615084047,408.9,75.17,166.02,1013.1125,2228.4,4230.385,13767.79,20,151740
2026,MODERATE_LIQUID,175760,1451,0,0,0,0,0,155,1,172,464544,64193.6,159645.25,1533388.25,5423175.6,11428635.05,34032062.18,1072,786031801,241659323.38,41163176.73,86218111.0375,885588030.038,2644228164.96,4674634595.75,13919767499.5,314639.02,137615084047,515.5,127.249,235.9575,1174.4,2360.71,3990.005,11338.82,50,50000
2026,STRICT_SENSITIVITY,95529,968,0,0,0,0,0,99,1,172,824303,128838.4,303063,2464634,7775506.6,14352581.6,37399861.52,2401,407352536,602859985.55,124672443,240351338.5,1765562453.3,4104567840.44,6936701069.86,18415286297.9,1872299.8,137615084047,694.95,173.838,310.85,1530.6,3221,4928,12428.32,100,50000
