candidate_id,future_horizon,offset,mean_ic,valid_dates,positive,spacing_valid,offset_mean_ic,positive_offset_fraction
REV05,1,0,0.026176885672,39,True,True,0.026176885672,1
REV05,2,0,0.018911942358,19,True,True,0.021768285639,1
REV05,2,1,0.024624628919,19,True,True,0.021768285639,1
REV05,3,0,0.001580473117,13,True,True,0.012460974536,1
REV05,3,1,0.022441571245,12,True,True,0.012460974536,1
REV05,3,2,0.013360879245,12,True,True,0.012460974536,1
REV05,5,0,-0.000572440147,7,False,True,0.000996725024,0.4
REV05,5,1,-6.1782936e-05,7,False,True,0.000996725024,0.4
REV05,5,2,0.007659250145,7,True,True,0.000996725024,0.4
REV05,5,3,0.011091970532,7,True,True,0.000996725024,0.4
REV05,5,4,-0.013133372471,7,False,True,0.000996725024,0.4
REV05,10,0,-0.01901233041,3,False,True,-0.017561254926,0.3
REV05,10,1,-0.045597145052,3,False,True,-0.017561254926,0.3
REV05,10,2,-0.046223296038,3,False,True,-0.017561254926,0.3
REV05,10,3,-0.023253596726,3,False,True,-0.017561254926,0.3
REV05,10,4,-0.054855234496,3,False,True,-0.017561254926,0.3
REV05,10,5,-0.039739017471,3,False,True,-0.017561254926,0.3
REV05,10,6,0.023012225953,3,True,True,-0.017561254926,0.3
REV05,10,7,0.034381306347,3,True,True,-0.017561254926,0.3
REV05,10,8,0.016023901023,3,True,True,-0.017561254926,0.3
REV05,10,9,-0.020349362388,3,False,True,-0.017561254926,0.3
REV05,20,0,-0.066514368471,1,False,True,-0.027639387698,0.2
REV05,20,1,-0.06969402784,1,False,True,-0.027639387698,0.2
REV05,20,2,-0.095584169869,1,False,True,-0.027639387698,0.2
REV05,20,3,-0.049593298186,1,False,True,-0.027639387698,0.2
REV05,20,4,-0.043619272933,1,False,True,-0.027639387698,0.2
REV05,20,5,-0.016396049739,1,False,True,-0.027639387698,0.2
REV05,20,6,0.022956030215,1,True,True,-0.027639387698,0.2
REV05,20,7,0.088488220632,1,True,True,-0.027639387698,0.2
REV05,20,8,0.099172572347,1,True,True,-0.027639387698,0.2
REV05,20,9,0.05198024686,1,True,True,-0.027639387698,0.2
REV05,20,10,-0.000559356141,1,False,True,-0.027639387698,0.2
REV05,20,11,-0.020499724829,1,False,True,-0.027639387698,0.2
REV05,20,12,-0.050186307803,1,False,True,-0.027639387698,0.2
REV05,20,13,-0.047215840861,1,False,True,-0.027639387698,0.2
REV05,20,14,-0.044363098604,1,False,True,-0.027639387698,0.2
REV05,20,15,-0.08432552929,1,False,True,-0.027639387698,0.2
REV05,20,16,-0.049345689024,1,False,True,-0.027639387698,0.2
REV05,20,17,-0.046207895739,1,False,True,-0.027639387698,0.2
REV05,20,18,-0.064115163732,1,False,True,-0.027639387698,0.2
REV05,20,19,-0.067165030958,1,False,True,-0.027639387698,0.2
REV20,1,0,0.004184220613,39,True,True,0.004184220613,1
REV20,2,0,-0.001421794119,19,False,True,-0.003742011945,0
REV20,2,1,-0.006062229772,19,False,True,-0.003742011945,0
REV20,3,0,-0.020395423822,13,False,True,-0.011954453114,0
REV20,3,1,-0.007305542121,12,False,True,-0.011954453114,0
REV20,3,2,-0.008162393398,12,False,True,-0.011954453114,0
REV20,5,0,-0.019241817241,7,False,True,-0.024390085203,0
REV20,5,1,-0.029947169514,7,False,True,-0.024390085203,0
REV20,5,2,-0.023931253278,7,False,True,-0.024390085203,0
REV20,5,3,-0.019462729859,7,False,True,-0.024390085203,0
REV20,5,4,-0.02936745612,7,False,True,-0.024390085203,0
REV20,10,0,-0.037972657865,3,False,True,-0.033765243647,0
REV20,10,1,-0.054303332408,3,False,True,-0.033765243647,0
REV20,10,2,-0.036734756878,3,False,True,-0.033765243647,0
REV20,10,3,-0.014794939719,3,False,True,-0.033765243647,0
REV20,10,4,-0.018046337045,3,False,True,-0.033765243647,0
REV20,10,5,-0.022104860315,3,False,True,-0.033765243647,0
REV20,10,6,-0.016751082665,3,False,True,-0.033765243647,0
REV20,10,7,-0.034445349137,3,False,True,-0.033765243647,0
REV20,10,8,-0.042709306803,3,False,True,-0.033765243647,0
REV20,10,9,-0.059789813636,3,False,True,-0.033765243647,0
REV20,20,0,0.013494079091,1,True,True,-0.040139402172,0.2
REV20,20,1,-0.038625664773,1,False,True,-0.040139402172,0.2
REV20,20,2,-0.060715593789,1,False,True,-0.040139402172,0.2
REV20,20,3,-0.040480641401,1,False,True,-0.040139402172,0.2
REV20,20,4,-0.03968598776,1,False,True,-0.040139402172,0.2
REV20,20,5,-0.012681887264,1,False,True,-0.040139402172,0.2
REV20,20,6,0.022240897305,1,True,True,-0.040139402172,0.2
REV20,20,7,0.000476374471,1,True,True,-0.040139402172,0.2
REV20,20,8,0.015762797841,1,True,True,-0.040139402172,0.2
REV20,20,9,-0.045234509315,1,False,True,-0.040139402172,0.2
REV20,20,10,-0.056740426612,1,False,True,-0.040139402172,0.2
REV20,20,11,-0.09548619917,1,False,True,-0.040139402172,0.2
REV20,20,12,-0.062817536409,1,False,True,-0.040139402172,0.2
REV20,20,13,-0.052997306255,1,False,True,-0.040139402172,0.2
REV20,20,14,-0.057281020887,1,False,True,-0.040139402172,0.2
REV20,20,15,-0.059598877227,1,False,True,-0.040139402172,0.2
REV20,20,16,-0.06237657999,1,False,True,-0.040139402172,0.2
REV20,20,17,-0.045503566462,1,False,True,-0.040139402172,0.2
REV20,20,18,-0.056580465392,1,False,True,-0.040139402172,0.2
REV20,20,19,-0.067955929441,1,False,True,-0.040139402172,0.2
