rebalance_id,engine_cash,engine_equity
SMV2-0018,2559.45492545006,494994.55492545
SMV2-0019,47723.75874065011,485843.55874065007
SMV2-0020,48126.781457250116,478745.5314572501
SMV2-0021,646.4969063501121,494432.74690635013
SMV2-0022,10253.924977050156,513696.27497705014
SMV2-0023,21243.492259500235,523206.34225950023
SMV2-0087,5242.609950051745,782384.2599500518
SMV2-0151,-105.41787694646337,752667.2321230535
SMV2-0215,-105.41787694646337,933923.9821230535
SMV2-0279,-105.41787694646337,1299913.1421230535
SMV2-0346,-105.41787694646337,1427315.0621230535
SMV2-0347,-105.41787694646337,1402095.3221230535
SMV2-0348,-105.41787694646337,1406979.7621230537
SMV2-0349,-105.41787694646337,1409833.7821230534
SMV2-0350,-105.41787694646337,1359977.4221230536
