field,type,required,description
strategy_id,string,True,Frozen V2 signal/target-state field
strategy_version,string,True,Frozen V2 signal/target-state field
strategy_preregistration_hash,string,True,Frozen V2 signal/target-state field
strategy_build_reference,string,True,Frozen V2 signal/target-state field
rebalance_id,string,True,Frozen V2 signal/target-state field
signal_date,string,True,Frozen V2 signal/target-state field
signal_timestamp,string,True,Frozen V2 signal/target-state field
execution_earliest_date,string,True,Frozen V2 signal/target-state field
execution_policy,string,True,Frozen V2 signal/target-state field
sector,string,True,Frozen V2 signal/target-state field
sector_code,string,True,Frozen V2 signal/target-state field
sector_strength_rank,string,True,Frozen V2 signal/target-state field
symbol,string,True,Frozen V2 signal/target-state field
liquidity_rank,string,True,Frozen V2 signal/target-state field
selection_status,string,True,Frozen V2 signal/target-state field
target_weight,string,True,Frozen V2 signal/target-state field
target_slot,string,True,Frozen V2 signal/target-state field
current_holding_expected,string,True,Frozen V2 signal/target-state field
exit_intent,string,True,Frozen V2 signal/target-state field
signal_series,string,True,Frozen V2 signal/target-state field
tradability_status,string,True,Frozen V2 signal/target-state field
corporate_action_safe,string,True,Frozen V2 signal/target-state field
replacement_priority,string,True,Frozen V2 signal/target-state field
reason,string,True,Frozen V2 signal/target-state field
signal_file_sha256,string,True,Frozen V2 signal/target-state field
