strategy_id,strategy_version,strategy_preregistration_hash,strategy_build_reference,rebalance_id,signal_date,signal_timestamp,execution_earliest_date,execution_policy,sector,sector_code,sector_strength_rank,symbol,liquidity_rank,selection_status,target_weight,target_slot,current_holding_expected,exit_intent,signal_series,tradability_status,corporate_action_safe,replacement_priority,reason,signal_file_sha256
SECTOR_MOMENTUM,V2,2e99d105d6a23538dafcaa4d6c17ba71b008c2e30fee63bec2cb50706a6aee2f,96e614a5638f221b1c340e4f9201e792b5c01e1394eac682ef7b53480aa0f2fb,SMV2-0018,2020-04-30,2020-04-30T18:00:00+05:30,2020-05-04,NEXT_VALID_SESSION_OPEN,AG,AG,1.000000000000,AVANTIFEED,1.000000000000,ENTER,0.111111111111,1.000000000000,False,False,EQ,ELIGIBLE_EQ,True,1.000000000000,V2 frozen sector momentum target state,
SECTOR_MOMENTUM,V2,2e99d105d6a23538dafcaa4d6c17ba71b008c2e30fee63bec2cb50706a6aee2f,96e614a5638f221b1c340e4f9201e792b5c01e1394eac682ef7b53480aa0f2fb,SMV2-0018,2020-04-30,2020-04-30T18:00:00+05:30,2020-05-04,NEXT_VALID_SESSION_OPEN,AG,AG,1.000000000000,BBTC,2.000000000000,ENTER,0.111111111111,2.000000000000,False,False,EQ,ELIGIBLE_EQ,True,2.000000000000,V2 frozen sector momentum target state,
SECTOR_MOMENTUM,V2,2e99d105d6a23538dafcaa4d6c17ba71b008c2e30fee63bec2cb50706a6aee2f,96e614a5638f221b1c340e4f9201e792b5c01e1394eac682ef7b53480aa0f2fb,SMV2-0018,2020-04-30,2020-04-30T18:00:00+05:30,2020-05-04,NEXT_VALID_SESSION_OPEN,AG,AG,1.000000000000,VENKEYS,3.000000000000,ENTER,0.111111111111,3.000000000000,False,False,EQ,ELIGIBLE_EQ,True,3.000000000000,V2 frozen sector momentum target state,
SECTOR_MOMENTUM,V2,2e99d105d6a23538dafcaa4d6c17ba71b008c2e30fee63bec2cb50706a6aee2f,96e614a5638f221b1c340e4f9201e792b5c01e1394eac682ef7b53480aa0f2fb,SMV2-0018,2020-04-30,2020-04-30T18:00:00+05:30,2020-05-04,NEXT_VALID_SESSION_OPEN,HC,HC,2.000000000000,SUNPHARMA,1.000000000000,ENTER,0.111111111111,4.000000000000,False,False,EQ,ELIGIBLE_EQ,True,4.000000000000,V2 frozen sector momentum target state,
SECTOR_MOMENTUM,V2,2e99d105d6a23538dafcaa4d6c17ba71b008c2e30fee63bec2cb50706a6aee2f,96e614a5638f221b1c340e4f9201e792b5c01e1394eac682ef7b53480aa0f2fb,SMV2-0018,2020-04-30,2020-04-30T18:00:00+05:30,2020-05-04,NEXT_VALID_SESSION_OPEN,HC,HC,2.000000000000,CIPLA,2.000000000000,ENTER,0.111111111111,5.000000000000,False,False,EQ,ELIGIBLE_EQ,True,5.000000000000,V2 frozen sector momentum target state,
SECTOR_MOMENTUM,V2,2e99d105d6a23538dafcaa4d6c17ba71b008c2e30fee63bec2cb50706a6aee2f,96e614a5638f221b1c340e4f9201e792b5c01e1394eac682ef7b53480aa0f2fb,SMV2-0018,2020-04-30,2020-04-30T18:00:00+05:30,2020-05-04,NEXT_VALID_SESSION_OPEN,HC,HC,2.000000000000,AUROPHARMA,3.000000000000,ENTER,0.111111111111,6.000000000000,False,False,EQ,ELIGIBLE_EQ,True,6.000000000000,V2 frozen sector momentum target state,
SECTOR_MOMENTUM,V2,2e99d105d6a23538dafcaa4d6c17ba71b008c2e30fee63bec2cb50706a6aee2f,96e614a5638f221b1c340e4f9201e792b5c01e1394eac682ef7b53480aa0f2fb,SMV2-0018,2020-04-30,2020-04-30T18:00:00+05:30,2020-05-04,NEXT_VALID_SESSION_OPEN,CM,CM,3.000000000000,ASIANPAINT,1.000000000000,ENTER,0.111111111111,7.000000000000,False,False,EQ,ELIGIBLE_EQ,True,7.000000000000,V2 frozen sector momentum target state,
SECTOR_MOMENTUM,V2,2e99d105d6a23538dafcaa4d6c17ba71b008c2e30fee63bec2cb50706a6aee2f,96e614a5638f221b1c340e4f9201e792b5c01e1394eac682ef7b53480aa0f2fb,SMV2-0018,2020-04-30,2020-04-30T18:00:00+05:30,2020-05-04,NEXT_VALID_SESSION_OPEN,CM,CM,3.000000000000,UPL,2.000000000000,ENTER,0.111111111111,8.000000000000,False,False,EQ,ELIGIBLE_EQ,True,8.000000000000,V2 frozen sector momentum target state,
SECTOR_MOMENTUM,V2,2e99d105d6a23538dafcaa4d6c17ba71b008c2e30fee63bec2cb50706a6aee2f,96e614a5638f221b1c340e4f9201e792b5c01e1394eac682ef7b53480aa0f2fb,SMV2-0018,2020-04-30,2020-04-30T18:00:00+05:30,2020-05-04,NEXT_VALID_SESSION_OPEN,CM,CM,3.000000000000,PIDILITIND,3.000000000000,ENTER,0.111111111111,9.000000000000,False,False,EQ,ELIGIBLE_EQ,True,9.000000000000,V2 frozen sector momentum target state,
SECTOR_MOMENTUM,V2,2e99d105d6a23538dafcaa4d6c17ba71b008c2e30fee63bec2cb50706a6aee2f,96e614a5638f221b1c340e4f9201e792b5c01e1394eac682ef7b53480aa0f2fb,SMV2-0019,2020-05-08,2020-05-08T18:00:00+05:30,2020-05-11,NEXT_VALID_SESSION_OPEN,IF,IF,1.000000000000,LT,1.000000000000,ENTER,0.111111111111,1.000000000000,False,False,EQ,ELIGIBLE_EQ,True,1.000000000000,V2 frozen sector momentum target state,
SECTOR_MOMENTUM,V2,2e99d105d6a23538dafcaa4d6c17ba71b008c2e30fee63bec2cb50706a6aee2f,96e614a5638f221b1c340e4f9201e792b5c01e1394eac682ef7b53480aa0f2fb,SMV2-0019,2020-05-08,2020-05-08T18:00:00+05:30,2020-05-11,NEXT_VALID_SESSION_OPEN,IF,IF,1.000000000000,ADANIPORTS,2.000000000000,ENTER,0.111111111111,2.000000000000,False,False,EQ,ELIGIBLE_EQ,True,2.000000000000,V2 frozen sector momentum target state,
SECTOR_MOMENTUM,V2,2e99d105d6a23538dafcaa4d6c17ba71b008c2e30fee63bec2cb50706a6aee2f,96e614a5638f221b1c340e4f9201e792b5c01e1394eac682ef7b53480aa0f2fb,SMV2-0019,2020-05-08,2020-05-08T18:00:00+05:30,2020-05-11,NEXT_VALID_SESSION_OPEN,IF,IF,1.000000000000,NCC,3.000000000000,ENTER,0.111111111111,3.000000000000,False,False,EQ,ELIGIBLE_EQ,True,3.000000000000,V2 frozen sector momentum target state,
SECTOR_MOMENTUM,V2,2e99d105d6a23538dafcaa4d6c17ba71b008c2e30fee63bec2cb50706a6aee2f,96e614a5638f221b1c340e4f9201e792b5c01e1394eac682ef7b53480aa0f2fb,SMV2-0019,2020-05-08,2020-05-08T18:00:00+05:30,2020-05-11,NEXT_VALID_SESSION_OPEN,AG,AG,2.000000000000,AVANTIFEED,1.000000000000,KEEP,0.111111111111,4.000000000000,True,False,EQ,ELIGIBLE_EQ,True,4.000000000000,V2 frozen sector momentum target state,
SECTOR_MOMENTUM,V2,2e99d105d6a23538dafcaa4d6c17ba71b008c2e30fee63bec2cb50706a6aee2f,96e614a5638f221b1c340e4f9201e792b5c01e1394eac682ef7b53480aa0f2fb,SMV2-0019,2020-05-08,2020-05-08T18:00:00+05:30,2020-05-11,NEXT_VALID_SESSION_OPEN,AG,AG,2.000000000000,BBTC,2.000000000000,KEEP,0.111111111111,5.000000000000,True,False,EQ,ELIGIBLE_EQ,True,5.000000000000,V2 frozen sector momentum target state,
SECTOR_MOMENTUM,V2,2e99d105d6a23538dafcaa4d6c17ba71b008c2e30fee63bec2cb50706a6aee2f,96e614a5638f221b1c340e4f9201e792b5c01e1394eac682ef7b53480aa0f2fb,SMV2-0019,2020-05-08,2020-05-08T18:00:00+05:30,2020-05-11,NEXT_VALID_SESSION_OPEN,AG,AG,2.000000000000,VENKEYS,3.000000000000,KEEP,0.111111111111,6.000000000000,True,False,EQ,ELIGIBLE_EQ,True,6.000000000000,V2 frozen sector momentum target state,
SECTOR_MOMENTUM,V2,2e99d105d6a23538dafcaa4d6c17ba71b008c2e30fee63bec2cb50706a6aee2f,96e614a5638f221b1c340e4f9201e792b5c01e1394eac682ef7b53480aa0f2fb,SMV2-0019,2020-05-08,2020-05-08T18:00:00+05:30,2020-05-11,NEXT_VALID_SESSION_OPEN,HC,HC,3.000000000000,SUNPHARMA,1.000000000000,KEEP,0.111111111111,7.000000000000,True,False,EQ,ELIGIBLE_EQ,True,7.000000000000,V2 frozen sector momentum target state,
SECTOR_MOMENTUM,V2,2e99d105d6a23538dafcaa4d6c17ba71b008c2e30fee63bec2cb50706a6aee2f,96e614a5638f221b1c340e4f9201e792b5c01e1394eac682ef7b53480aa0f2fb,SMV2-0019,2020-05-08,2020-05-08T18:00:00+05:30,2020-05-11,NEXT_VALID_SESSION_OPEN,HC,HC,3.000000000000,AUROPHARMA,2.000000000000,KEEP,0.111111111111,8.000000000000,True,False,EQ,ELIGIBLE_EQ,True,8.000000000000,V2 frozen sector momentum target state,
SECTOR_MOMENTUM,V2,2e99d105d6a23538dafcaa4d6c17ba71b008c2e30fee63bec2cb50706a6aee2f,96e614a5638f221b1c340e4f9201e792b5c01e1394eac682ef7b53480aa0f2fb,SMV2-0019,2020-05-08,2020-05-08T18:00:00+05:30,2020-05-11,NEXT_VALID_SESSION_OPEN,HC,HC,3.000000000000,CIPLA,3.000000000000,KEEP,0.111111111111,9.000000000000,True,False,EQ,ELIGIBLE_EQ,True,9.000000000000,V2 frozen sector momentum target state,
SECTOR_MOMENTUM,V2,2e99d105d6a23538dafcaa4d6c17ba71b008c2e30fee63bec2cb50706a6aee2f,96e614a5638f221b1c340e4f9201e792b5c01e1394eac682ef7b53480aa0f2fb,SMV2-0019,2020-05-08,2020-05-08T18:00:00+05:30,2020-05-11,NEXT_VALID_SESSION_OPEN,,,,ASIANPAINT,,EXIT,0.000000000000,,True,True,EQ,EXIT_RETRY_IF_UNAVAILABLE,True,,No longer in frozen V2 target state,
SECTOR_MOMENTUM,V2,2e99d105d6a23538dafcaa4d6c17ba71b008c2e30fee63bec2cb50706a6aee2f,96e614a5638f221b1c340e4f9201e792b5c01e1394eac682ef7b53480aa0f2fb,SMV2-0019,2020-05-08,2020-05-08T18:00:00+05:30,2020-05-11,NEXT_VALID_SESSION_OPEN,,,,PIDILITIND,,EXIT,0.000000000000,,True,True,EQ,EXIT_RETRY_IF_UNAVAILABLE,True,,No longer in frozen V2 target state,
SECTOR_MOMENTUM,V2,2e99d105d6a23538dafcaa4d6c17ba71b008c2e30fee63bec2cb50706a6aee2f,96e614a5638f221b1c340e4f9201e792b5c01e1394eac682ef7b53480aa0f2fb,SMV2-0019,2020-05-08,2020-05-08T18:00:00+05:30,2020-05-11,NEXT_VALID_SESSION_OPEN,,,,UPL,,EXIT,0.000000000000,,True,True,EQ,EXIT_RETRY_IF_UNAVAILABLE,True,,No longer in frozen V2 target state,
SECTOR_MOMENTUM,V2,2e99d105d6a23538dafcaa4d6c17ba71b008c2e30fee63bec2cb50706a6aee2f,96e614a5638f221b1c340e4f9201e792b5c01e1394eac682ef7b53480aa0f2fb,SMV2-0020,2020-05-15,2020-05-15T18:00:00+05:30,2020-05-18,NEXT_VALID_SESSION_OPEN,IN,IN,1.000000000000,HDFCLIFE,1.000000000000,ENTER,0.111111111111,1.000000000000,False,False,EQ,ELIGIBLE_EQ,True,1.000000000000,V2 frozen sector momentum target state,
SECTOR_MOMENTUM,V2,2e99d105d6a23538dafcaa4d6c17ba71b008c2e30fee63bec2cb50706a6aee2f,96e614a5638f221b1c340e4f9201e792b5c01e1394eac682ef7b53480aa0f2fb,SMV2-0020,2020-05-15,2020-05-15T18:00:00+05:30,2020-05-18,NEXT_VALID_SESSION_OPEN,IN,IN,1.000000000000,ICICIPRULI,2.000000000000,ENTER,0.111111111111,2.000000000000,False,False,EQ,ELIGIBLE_EQ,True,2.000000000000,V2 frozen sector momentum target state,
SECTOR_MOMENTUM,V2,2e99d105d6a23538dafcaa4d6c17ba71b008c2e30fee63bec2cb50706a6aee2f,96e614a5638f221b1c340e4f9201e792b5c01e1394eac682ef7b53480aa0f2fb,SMV2-0020,2020-05-15,2020-05-15T18:00:00+05:30,2020-05-18,NEXT_VALID_SESSION_OPEN,IN,IN,1.000000000000,SBILIFE,3.000000000000,ENTER,0.111111111111,3.000000000000,False,False,EQ,ELIGIBLE_EQ,True,3.000000000000,V2 frozen sector momentum target state,
SECTOR_MOMENTUM,V2,2e99d105d6a23538dafcaa4d6c17ba71b008c2e30fee63bec2cb50706a6aee2f,96e614a5638f221b1c340e4f9201e792b5c01e1394eac682ef7b53480aa0f2fb,SMV2-0020,2020-05-15,2020-05-15T18:00:00+05:30,2020-05-18,NEXT_VALID_SESSION_OPEN,HC,HC,2.000000000000,AUROPHARMA,1.000000000000,KEEP,0.111111111111,4.000000000000,True,False,EQ,ELIGIBLE_EQ,True,4.000000000000,V2 frozen sector momentum target state,
SECTOR_MOMENTUM,V2,2e99d105d6a23538dafcaa4d6c17ba71b008c2e30fee63bec2cb50706a6aee2f,96e614a5638f221b1c340e4f9201e792b5c01e1394eac682ef7b53480aa0f2fb,SMV2-0020,2020-05-15,2020-05-15T18:00:00+05:30,2020-05-18,NEXT_VALID_SESSION_OPEN,HC,HC,2.000000000000,SUNPHARMA,2.000000000000,KEEP,0.111111111111,5.000000000000,True,False,EQ,ELIGIBLE_EQ,True,5.000000000000,V2 frozen sector momentum target state,
SECTOR_MOMENTUM,V2,2e99d105d6a23538dafcaa4d6c17ba71b008c2e30fee63bec2cb50706a6aee2f,96e614a5638f221b1c340e4f9201e792b5c01e1394eac682ef7b53480aa0f2fb,SMV2-0020,2020-05-15,2020-05-15T18:00:00+05:30,2020-05-18,NEXT_VALID_SESSION_OPEN,HC,HC,2.000000000000,CIPLA,3.000000000000,KEEP,0.111111111111,6.000000000000,True,False,EQ,ELIGIBLE_EQ,True,6.000000000000,V2 frozen sector momentum target state,
SECTOR_MOMENTUM,V2,2e99d105d6a23538dafcaa4d6c17ba71b008c2e30fee63bec2cb50706a6aee2f,96e614a5638f221b1c340e4f9201e792b5c01e1394eac682ef7b53480aa0f2fb,SMV2-0020,2020-05-15,2020-05-15T18:00:00+05:30,2020-05-18,NEXT_VALID_SESSION_OPEN,IF,IF,3.000000000000,LT,1.000000000000,KEEP,0.111111111111,7.000000000000,True,False,EQ,ELIGIBLE_EQ,True,7.000000000000,V2 frozen sector momentum target state,
SECTOR_MOMENTUM,V2,2e99d105d6a23538dafcaa4d6c17ba71b008c2e30fee63bec2cb50706a6aee2f,96e614a5638f221b1c340e4f9201e792b5c01e1394eac682ef7b53480aa0f2fb,SMV2-0020,2020-05-15,2020-05-15T18:00:00+05:30,2020-05-18,NEXT_VALID_SESSION_OPEN,IF,IF,3.000000000000,ADANIPORTS,2.000000000000,KEEP,0.111111111111,8.000000000000,True,False,EQ,ELIGIBLE_EQ,True,8.000000000000,V2 frozen sector momentum target state,
SECTOR_MOMENTUM,V2,2e99d105d6a23538dafcaa4d6c17ba71b008c2e30fee63bec2cb50706a6aee2f,96e614a5638f221b1c340e4f9201e792b5c01e1394eac682ef7b53480aa0f2fb,SMV2-0020,2020-05-15,2020-05-15T18:00:00+05:30,2020-05-18,NEXT_VALID_SESSION_OPEN,IF,IF,3.000000000000,NCC,3.000000000000,KEEP,0.111111111111,9.000000000000,True,False,EQ,ELIGIBLE_EQ,True,9.000000000000,V2 frozen sector momentum target state,
SECTOR_MOMENTUM,V2,2e99d105d6a23538dafcaa4d6c17ba71b008c2e30fee63bec2cb50706a6aee2f,96e614a5638f221b1c340e4f9201e792b5c01e1394eac682ef7b53480aa0f2fb,SMV2-0020,2020-05-15,2020-05-15T18:00:00+05:30,2020-05-18,NEXT_VALID_SESSION_OPEN,,,,AVANTIFEED,,EXIT,0.000000000000,,True,True,EQ,EXIT_RETRY_IF_UNAVAILABLE,True,,No longer in frozen V2 target state,
SECTOR_MOMENTUM,V2,2e99d105d6a23538dafcaa4d6c17ba71b008c2e30fee63bec2cb50706a6aee2f,96e614a5638f221b1c340e4f9201e792b5c01e1394eac682ef7b53480aa0f2fb,SMV2-0020,2020-05-15,2020-05-15T18:00:00+05:30,2020-05-18,NEXT_VALID_SESSION_OPEN,,,,BBTC,,EXIT,0.000000000000,,True,True,EQ,EXIT_RETRY_IF_UNAVAILABLE,True,,No longer in frozen V2 target state,
SECTOR_MOMENTUM,V2,2e99d105d6a23538dafcaa4d6c17ba71b008c2e30fee63bec2cb50706a6aee2f,96e614a5638f221b1c340e4f9201e792b5c01e1394eac682ef7b53480aa0f2fb,SMV2-0020,2020-05-15,2020-05-15T18:00:00+05:30,2020-05-18,NEXT_VALID_SESSION_OPEN,,,,VENKEYS,,EXIT,0.000000000000,,True,True,EQ,EXIT_RETRY_IF_UNAVAILABLE,True,,No longer in frozen V2 target state,
SECTOR_MOMENTUM,V2,2e99d105d6a23538dafcaa4d6c17ba71b008c2e30fee63bec2cb50706a6aee2f,96e614a5638f221b1c340e4f9201e792b5c01e1394eac682ef7b53480aa0f2fb,SMV2-0021,2020-05-22,2020-05-22T18:00:00+05:30,2020-05-26,NEXT_VALID_SESSION_OPEN,HC,HC,1.000000000000,CIPLA,1.000000000000,KEEP,0.111111111111,1.000000000000,True,False,EQ,ELIGIBLE_EQ,True,1.000000000000,V2 frozen sector momentum target state,
SECTOR_MOMENTUM,V2,2e99d105d6a23538dafcaa4d6c17ba71b008c2e30fee63bec2cb50706a6aee2f,96e614a5638f221b1c340e4f9201e792b5c01e1394eac682ef7b53480aa0f2fb,SMV2-0021,2020-05-22,2020-05-22T18:00:00+05:30,2020-05-26,NEXT_VALID_SESSION_OPEN,HC,HC,1.000000000000,SUNPHARMA,2.000000000000,KEEP,0.111111111111,2.000000000000,True,False,EQ,ELIGIBLE_EQ,True,2.000000000000,V2 frozen sector momentum target state,
SECTOR_MOMENTUM,V2,2e99d105d6a23538dafcaa4d6c17ba71b008c2e30fee63bec2cb50706a6aee2f,96e614a5638f221b1c340e4f9201e792b5c01e1394eac682ef7b53480aa0f2fb,SMV2-0021,2020-05-22,2020-05-22T18:00:00+05:30,2020-05-26,NEXT_VALID_SESSION_OPEN,HC,HC,1.000000000000,AUROPHARMA,3.000000000000,KEEP,0.111111111111,3.000000000000,True,False,EQ,ELIGIBLE_EQ,True,3.000000000000,V2 frozen sector momentum target state,
SECTOR_MOMENTUM,V2,2e99d105d6a23538dafcaa4d6c17ba71b008c2e30fee63bec2cb50706a6aee2f,96e614a5638f221b1c340e4f9201e792b5c01e1394eac682ef7b53480aa0f2fb,SMV2-0021,2020-05-22,2020-05-22T18:00:00+05:30,2020-05-26,NEXT_VALID_SESSION_OPEN,SW,SW,2.000000000000,TCS,1.000000000000,ENTER,0.111111111111,4.000000000000,False,False,EQ,ELIGIBLE_EQ,True,4.000000000000,V2 frozen sector momentum target state,
SECTOR_MOMENTUM,V2,2e99d105d6a23538dafcaa4d6c17ba71b008c2e30fee63bec2cb50706a6aee2f,96e614a5638f221b1c340e4f9201e792b5c01e1394eac682ef7b53480aa0f2fb,SMV2-0021,2020-05-22,2020-05-22T18:00:00+05:30,2020-05-26,NEXT_VALID_SESSION_OPEN,SW,SW,2.000000000000,INFY,2.000000000000,ENTER,0.111111111111,5.000000000000,False,False,EQ,ELIGIBLE_EQ,True,5.000000000000,V2 frozen sector momentum target state,
SECTOR_MOMENTUM,V2,2e99d105d6a23538dafcaa4d6c17ba71b008c2e30fee63bec2cb50706a6aee2f,96e614a5638f221b1c340e4f9201e792b5c01e1394eac682ef7b53480aa0f2fb,SMV2-0021,2020-05-22,2020-05-22T18:00:00+05:30,2020-05-26,NEXT_VALID_SESSION_OPEN,SW,SW,2.000000000000,HCLTECH,3.000000000000,ENTER,0.111111111111,6.000000000000,False,False,EQ,ELIGIBLE_EQ,True,6.000000000000,V2 frozen sector momentum target state,
SECTOR_MOMENTUM,V2,2e99d105d6a23538dafcaa4d6c17ba71b008c2e30fee63bec2cb50706a6aee2f,96e614a5638f221b1c340e4f9201e792b5c01e1394eac682ef7b53480aa0f2fb,SMV2-0021,2020-05-22,2020-05-22T18:00:00+05:30,2020-05-26,NEXT_VALID_SESSION_OPEN,IN,IN,3.000000000000,HDFCLIFE,1.000000000000,KEEP,0.111111111111,7.000000000000,True,False,EQ,ELIGIBLE_EQ,True,7.000000000000,V2 frozen sector momentum target state,
SECTOR_MOMENTUM,V2,2e99d105d6a23538dafcaa4d6c17ba71b008c2e30fee63bec2cb50706a6aee2f,96e614a5638f221b1c340e4f9201e792b5c01e1394eac682ef7b53480aa0f2fb,SMV2-0021,2020-05-22,2020-05-22T18:00:00+05:30,2020-05-26,NEXT_VALID_SESSION_OPEN,IN,IN,3.000000000000,ICICIPRULI,2.000000000000,KEEP,0.111111111111,8.000000000000,True,False,EQ,ELIGIBLE_EQ,True,8.000000000000,V2 frozen sector momentum target state,
SECTOR_MOMENTUM,V2,2e99d105d6a23538dafcaa4d6c17ba71b008c2e30fee63bec2cb50706a6aee2f,96e614a5638f221b1c340e4f9201e792b5c01e1394eac682ef7b53480aa0f2fb,SMV2-0021,2020-05-22,2020-05-22T18:00:00+05:30,2020-05-26,NEXT_VALID_SESSION_OPEN,IN,IN,3.000000000000,SBILIFE,3.000000000000,KEEP,0.111111111111,9.000000000000,True,False,EQ,ELIGIBLE_EQ,True,9.000000000000,V2 frozen sector momentum target state,
SECTOR_MOMENTUM,V2,2e99d105d6a23538dafcaa4d6c17ba71b008c2e30fee63bec2cb50706a6aee2f,96e614a5638f221b1c340e4f9201e792b5c01e1394eac682ef7b53480aa0f2fb,SMV2-0021,2020-05-22,2020-05-22T18:00:00+05:30,2020-05-26,NEXT_VALID_SESSION_OPEN,,,,ADANIPORTS,,EXIT,0.000000000000,,True,True,EQ,EXIT_RETRY_IF_UNAVAILABLE,True,,No longer in frozen V2 target state,
SECTOR_MOMENTUM,V2,2e99d105d6a23538dafcaa4d6c17ba71b008c2e30fee63bec2cb50706a6aee2f,96e614a5638f221b1c340e4f9201e792b5c01e1394eac682ef7b53480aa0f2fb,SMV2-0021,2020-05-22,2020-05-22T18:00:00+05:30,2020-05-26,NEXT_VALID_SESSION_OPEN,,,,LT,,EXIT,0.000000000000,,True,True,EQ,EXIT_RETRY_IF_UNAVAILABLE,True,,No longer in frozen V2 target state,
SECTOR_MOMENTUM,V2,2e99d105d6a23538dafcaa4d6c17ba71b008c2e30fee63bec2cb50706a6aee2f,96e614a5638f221b1c340e4f9201e792b5c01e1394eac682ef7b53480aa0f2fb,SMV2-0021,2020-05-22,2020-05-22T18:00:00+05:30,2020-05-26,NEXT_VALID_SESSION_OPEN,,,,NCC,,EXIT,0.000000000000,,True,True,EQ,EXIT_RETRY_IF_UNAVAILABLE,True,,No longer in frozen V2 target state,
SECTOR_MOMENTUM,V2,2e99d105d6a23538dafcaa4d6c17ba71b008c2e30fee63bec2cb50706a6aee2f,96e614a5638f221b1c340e4f9201e792b5c01e1394eac682ef7b53480aa0f2fb,SMV2-0022,2020-05-29,2020-05-29T18:00:00+05:30,2020-06-01,NEXT_VALID_SESSION_OPEN,MM,MM,1.000000000000,VEDL,1.000000000000,ENTER,0.111111111111,1.000000000000,False,False,EQ,ELIGIBLE_EQ,True,1.000000000000,V2 frozen sector momentum target state,
SECTOR_MOMENTUM,V2,2e99d105d6a23538dafcaa4d6c17ba71b008c2e30fee63bec2cb50706a6aee2f,96e614a5638f221b1c340e4f9201e792b5c01e1394eac682ef7b53480aa0f2fb,SMV2-0022,2020-05-29,2020-05-29T18:00:00+05:30,2020-06-01,NEXT_VALID_SESSION_OPEN,MM,MM,1.000000000000,TATASTEEL,2.000000000000,ENTER,0.111111111111,2.000000000000,False,False,EQ,ELIGIBLE_EQ,True,2.000000000000,V2 frozen sector momentum target state,
SECTOR_MOMENTUM,V2,2e99d105d6a23538dafcaa4d6c17ba71b008c2e30fee63bec2cb50706a6aee2f,96e614a5638f221b1c340e4f9201e792b5c01e1394eac682ef7b53480aa0f2fb,SMV2-0022,2020-05-29,2020-05-29T18:00:00+05:30,2020-06-01,NEXT_VALID_SESSION_OPEN,MM,MM,1.000000000000,HINDALCO,3.000000000000,ENTER,0.111111111111,3.000000000000,False,False,EQ,ELIGIBLE_EQ,True,3.000000000000,V2 frozen sector momentum target state,
SECTOR_MOMENTUM,V2,2e99d105d6a23538dafcaa4d6c17ba71b008c2e30fee63bec2cb50706a6aee2f,96e614a5638f221b1c340e4f9201e792b5c01e1394eac682ef7b53480aa0f2fb,SMV2-0022,2020-05-29,2020-05-29T18:00:00+05:30,2020-06-01,NEXT_VALID_SESSION_OPEN,IN,IN,2.000000000000,HDFCLIFE,1.000000000000,KEEP,0.111111111111,4.000000000000,True,False,EQ,ELIGIBLE_EQ,True,4.000000000000,V2 frozen sector momentum target state,
SECTOR_MOMENTUM,V2,2e99d105d6a23538dafcaa4d6c17ba71b008c2e30fee63bec2cb50706a6aee2f,96e614a5638f221b1c340e4f9201e792b5c01e1394eac682ef7b53480aa0f2fb,SMV2-0022,2020-05-29,2020-05-29T18:00:00+05:30,2020-06-01,NEXT_VALID_SESSION_OPEN,IN,IN,2.000000000000,SBILIFE,2.000000000000,KEEP,0.111111111111,5.000000000000,True,False,EQ,ELIGIBLE_EQ,True,5.000000000000,V2 frozen sector momentum target state,
SECTOR_MOMENTUM,V2,2e99d105d6a23538dafcaa4d6c17ba71b008c2e30fee63bec2cb50706a6aee2f,96e614a5638f221b1c340e4f9201e792b5c01e1394eac682ef7b53480aa0f2fb,SMV2-0022,2020-05-29,2020-05-29T18:00:00+05:30,2020-06-01,NEXT_VALID_SESSION_OPEN,IN,IN,2.000000000000,ICICIPRULI,3.000000000000,KEEP,0.111111111111,6.000000000000,True,False,EQ,ELIGIBLE_EQ,True,6.000000000000,V2 frozen sector momentum target state,
SECTOR_MOMENTUM,V2,2e99d105d6a23538dafcaa4d6c17ba71b008c2e30fee63bec2cb50706a6aee2f,96e614a5638f221b1c340e4f9201e792b5c01e1394eac682ef7b53480aa0f2fb,SMV2-0022,2020-05-29,2020-05-29T18:00:00+05:30,2020-06-01,NEXT_VALID_SESSION_OPEN,CS,CS,3.000000000000,ULTRACEMCO,1.000000000000,ENTER,0.111111111111,7.000000000000,False,False,EQ,ELIGIBLE_EQ,True,7.000000000000,V2 frozen sector momentum target state,
SECTOR_MOMENTUM,V2,2e99d105d6a23538dafcaa4d6c17ba71b008c2e30fee63bec2cb50706a6aee2f,96e614a5638f221b1c340e4f9201e792b5c01e1394eac682ef7b53480aa0f2fb,SMV2-0022,2020-05-29,2020-05-29T18:00:00+05:30,2020-06-01,NEXT_VALID_SESSION_OPEN,CS,CS,3.000000000000,ACC,2.000000000000,ENTER,0.111111111111,8.000000000000,False,False,EQ,ELIGIBLE_EQ,True,8.000000000000,V2 frozen sector momentum target state,
SECTOR_MOMENTUM,V2,2e99d105d6a23538dafcaa4d6c17ba71b008c2e30fee63bec2cb50706a6aee2f,96e614a5638f221b1c340e4f9201e792b5c01e1394eac682ef7b53480aa0f2fb,SMV2-0022,2020-05-29,2020-05-29T18:00:00+05:30,2020-06-01,NEXT_VALID_SESSION_OPEN,CS,CS,3.000000000000,SHREECEM,3.000000000000,ENTER,0.111111111111,9.000000000000,False,False,EQ,ELIGIBLE_EQ,True,9.000000000000,V2 frozen sector momentum target state,
SECTOR_MOMENTUM,V2,2e99d105d6a23538dafcaa4d6c17ba71b008c2e30fee63bec2cb50706a6aee2f,96e614a5638f221b1c340e4f9201e792b5c01e1394eac682ef7b53480aa0f2fb,SMV2-0022,2020-05-29,2020-05-29T18:00:00+05:30,2020-06-01,NEXT_VALID_SESSION_OPEN,,,,AUROPHARMA,,EXIT,0.000000000000,,True,True,EQ,EXIT_RETRY_IF_UNAVAILABLE,True,,No longer in frozen V2 target state,
SECTOR_MOMENTUM,V2,2e99d105d6a23538dafcaa4d6c17ba71b008c2e30fee63bec2cb50706a6aee2f,96e614a5638f221b1c340e4f9201e792b5c01e1394eac682ef7b53480aa0f2fb,SMV2-0022,2020-05-29,2020-05-29T18:00:00+05:30,2020-06-01,NEXT_VALID_SESSION_OPEN,,,,CIPLA,,EXIT,0.000000000000,,True,True,EQ,EXIT_RETRY_IF_UNAVAILABLE,True,,No longer in frozen V2 target state,
SECTOR_MOMENTUM,V2,2e99d105d6a23538dafcaa4d6c17ba71b008c2e30fee63bec2cb50706a6aee2f,96e614a5638f221b1c340e4f9201e792b5c01e1394eac682ef7b53480aa0f2fb,SMV2-0022,2020-05-29,2020-05-29T18:00:00+05:30,2020-06-01,NEXT_VALID_SESSION_OPEN,,,,HCLTECH,,EXIT,0.000000000000,,True,True,EQ,EXIT_RETRY_IF_UNAVAILABLE,True,,No longer in frozen V2 target state,
SECTOR_MOMENTUM,V2,2e99d105d6a23538dafcaa4d6c17ba71b008c2e30fee63bec2cb50706a6aee2f,96e614a5638f221b1c340e4f9201e792b5c01e1394eac682ef7b53480aa0f2fb,SMV2-0022,2020-05-29,2020-05-29T18:00:00+05:30,2020-06-01,NEXT_VALID_SESSION_OPEN,,,,INFY,,EXIT,0.000000000000,,True,True,EQ,EXIT_RETRY_IF_UNAVAILABLE,True,,No longer in frozen V2 target state,
SECTOR_MOMENTUM,V2,2e99d105d6a23538dafcaa4d6c17ba71b008c2e30fee63bec2cb50706a6aee2f,96e614a5638f221b1c340e4f9201e792b5c01e1394eac682ef7b53480aa0f2fb,SMV2-0022,2020-05-29,2020-05-29T18:00:00+05:30,2020-06-01,NEXT_VALID_SESSION_OPEN,,,,SUNPHARMA,,EXIT,0.000000000000,,True,True,EQ,EXIT_RETRY_IF_UNAVAILABLE,True,,No longer in frozen V2 target state,
SECTOR_MOMENTUM,V2,2e99d105d6a23538dafcaa4d6c17ba71b008c2e30fee63bec2cb50706a6aee2f,96e614a5638f221b1c340e4f9201e792b5c01e1394eac682ef7b53480aa0f2fb,SMV2-0022,2020-05-29,2020-05-29T18:00:00+05:30,2020-06-01,NEXT_VALID_SESSION_OPEN,,,,TCS,,EXIT,0.000000000000,,True,True,EQ,EXIT_RETRY_IF_UNAVAILABLE,True,,No longer in frozen V2 target state,
SECTOR_MOMENTUM,V2,2e99d105d6a23538dafcaa4d6c17ba71b008c2e30fee63bec2cb50706a6aee2f,96e614a5638f221b1c340e4f9201e792b5c01e1394eac682ef7b53480aa0f2fb,SMV2-0023,2020-06-05,2020-06-05T18:00:00+05:30,2020-06-08,NEXT_VALID_SESSION_OPEN,TX,TX,1.000000000000,PAGEIND,1.000000000000,ENTER,0.111111111111,1.000000000000,False,False,EQ,ELIGIBLE_EQ,True,1.000000000000,V2 frozen sector momentum target state,
SECTOR_MOMENTUM,V2,2e99d105d6a23538dafcaa4d6c17ba71b008c2e30fee63bec2cb50706a6aee2f,96e614a5638f221b1c340e4f9201e792b5c01e1394eac682ef7b53480aa0f2fb,SMV2-0023,2020-06-05,2020-06-05T18:00:00+05:30,2020-06-08,NEXT_VALID_SESSION_OPEN,TX,TX,1.000000000000,RAYMOND,2.000000000000,ENTER,0.111111111111,2.000000000000,False,False,EQ,ELIGIBLE_EQ,True,2.000000000000,V2 frozen sector momentum target state,
SECTOR_MOMENTUM,V2,2e99d105d6a23538dafcaa4d6c17ba71b008c2e30fee63bec2cb50706a6aee2f,96e614a5638f221b1c340e4f9201e792b5c01e1394eac682ef7b53480aa0f2fb,SMV2-0023,2020-06-05,2020-06-05T18:00:00+05:30,2020-06-08,NEXT_VALID_SESSION_OPEN,TX,TX,1.000000000000,ARVIND,3.000000000000,ENTER,0.111111111111,3.000000000000,False,False,EQ,ELIGIBLE_EQ,True,3.000000000000,V2 frozen sector momentum target state,
SECTOR_MOMENTUM,V2,2e99d105d6a23538dafcaa4d6c17ba71b008c2e30fee63bec2cb50706a6aee2f,96e614a5638f221b1c340e4f9201e792b5c01e1394eac682ef7b53480aa0f2fb,SMV2-0023,2020-06-05,2020-06-05T18:00:00+05:30,2020-06-08,NEXT_VALID_SESSION_OPEN,MM,MM,2.000000000000,TATASTEEL,1.000000000000,KEEP,0.111111111111,4.000000000000,True,False,EQ,ELIGIBLE_EQ,True,4.000000000000,V2 frozen sector momentum target state,
SECTOR_MOMENTUM,V2,2e99d105d6a23538dafcaa4d6c17ba71b008c2e30fee63bec2cb50706a6aee2f,96e614a5638f221b1c340e4f9201e792b5c01e1394eac682ef7b53480aa0f2fb,SMV2-0023,2020-06-05,2020-06-05T18:00:00+05:30,2020-06-08,NEXT_VALID_SESSION_OPEN,MM,MM,2.000000000000,VEDL,2.000000000000,KEEP,0.111111111111,5.000000000000,True,False,EQ,ELIGIBLE_EQ,True,5.000000000000,V2 frozen sector momentum target state,
SECTOR_MOMENTUM,V2,2e99d105d6a23538dafcaa4d6c17ba71b008c2e30fee63bec2cb50706a6aee2f,96e614a5638f221b1c340e4f9201e792b5c01e1394eac682ef7b53480aa0f2fb,SMV2-0023,2020-06-05,2020-06-05T18:00:00+05:30,2020-06-08,NEXT_VALID_SESSION_OPEN,MM,MM,2.000000000000,HINDALCO,3.000000000000,KEEP,0.111111111111,6.000000000000,True,False,EQ,ELIGIBLE_EQ,True,6.000000000000,V2 frozen sector momentum target state,
SECTOR_MOMENTUM,V2,2e99d105d6a23538dafcaa4d6c17ba71b008c2e30fee63bec2cb50706a6aee2f,96e614a5638f221b1c340e4f9201e792b5c01e1394eac682ef7b53480aa0f2fb,SMV2-0023,2020-06-05,2020-06-05T18:00:00+05:30,2020-06-08,NEXT_VALID_SESSION_OPEN,HP,HP,3.000000000000,INDHOTEL,1.000000000000,ENTER,0.111111111111,7.000000000000,False,False,EQ,ELIGIBLE_EQ,True,7.000000000000,V2 frozen sector momentum target state,
SECTOR_MOMENTUM,V2,2e99d105d6a23538dafcaa4d6c17ba71b008c2e30fee63bec2cb50706a6aee2f,96e614a5638f221b1c340e4f9201e792b5c01e1394eac682ef7b53480aa0f2fb,SMV2-0023,2020-06-05,2020-06-05T18:00:00+05:30,2020-06-08,NEXT_VALID_SESSION_OPEN,HP,HP,3.000000000000,WESTLIFE,2.000000000000,ENTER,0.111111111111,8.000000000000,False,False,EQ,ELIGIBLE_EQ,True,8.000000000000,V2 frozen sector momentum target state,
SECTOR_MOMENTUM,V2,2e99d105d6a23538dafcaa4d6c17ba71b008c2e30fee63bec2cb50706a6aee2f,96e614a5638f221b1c340e4f9201e792b5c01e1394eac682ef7b53480aa0f2fb,SMV2-0023,2020-06-05,2020-06-05T18:00:00+05:30,2020-06-08,NEXT_VALID_SESSION_OPEN,HP,HP,3.000000000000,CHALET,3.000000000000,ENTER,0.111111111111,9.000000000000,False,False,EQ,ELIGIBLE_EQ,True,9.000000000000,V2 frozen sector momentum target state,
SECTOR_MOMENTUM,V2,2e99d105d6a23538dafcaa4d6c17ba71b008c2e30fee63bec2cb50706a6aee2f,96e614a5638f221b1c340e4f9201e792b5c01e1394eac682ef7b53480aa0f2fb,SMV2-0023,2020-06-05,2020-06-05T18:00:00+05:30,2020-06-08,NEXT_VALID_SESSION_OPEN,,,,ACC,,EXIT,0.000000000000,,True,True,EQ,EXIT_RETRY_IF_UNAVAILABLE,True,,No longer in frozen V2 target state,
SECTOR_MOMENTUM,V2,2e99d105d6a23538dafcaa4d6c17ba71b008c2e30fee63bec2cb50706a6aee2f,96e614a5638f221b1c340e4f9201e792b5c01e1394eac682ef7b53480aa0f2fb,SMV2-0023,2020-06-05,2020-06-05T18:00:00+05:30,2020-06-08,NEXT_VALID_SESSION_OPEN,,,,HDFCLIFE,,EXIT,0.000000000000,,True,True,EQ,EXIT_RETRY_IF_UNAVAILABLE,True,,No longer in frozen V2 target state,
SECTOR_MOMENTUM,V2,2e99d105d6a23538dafcaa4d6c17ba71b008c2e30fee63bec2cb50706a6aee2f,96e614a5638f221b1c340e4f9201e792b5c01e1394eac682ef7b53480aa0f2fb,SMV2-0023,2020-06-05,2020-06-05T18:00:00+05:30,2020-06-08,NEXT_VALID_SESSION_OPEN,,,,ICICIPRULI,,EXIT,0.000000000000,,True,True,EQ,EXIT_RETRY_IF_UNAVAILABLE,True,,No longer in frozen V2 target state,
SECTOR_MOMENTUM,V2,2e99d105d6a23538dafcaa4d6c17ba71b008c2e30fee63bec2cb50706a6aee2f,96e614a5638f221b1c340e4f9201e792b5c01e1394eac682ef7b53480aa0f2fb,SMV2-0023,2020-06-05,2020-06-05T18:00:00+05:30,2020-06-08,NEXT_VALID_SESSION_OPEN,,,,SBILIFE,,EXIT,0.000000000000,,True,True,EQ,EXIT_RETRY_IF_UNAVAILABLE,True,,No longer in frozen V2 target state,
SECTOR_MOMENTUM,V2,2e99d105d6a23538dafcaa4d6c17ba71b008c2e30fee63bec2cb50706a6aee2f,96e614a5638f221b1c340e4f9201e792b5c01e1394eac682ef7b53480aa0f2fb,SMV2-0023,2020-06-05,2020-06-05T18:00:00+05:30,2020-06-08,NEXT_VALID_SESSION_OPEN,,,,SHREECEM,,EXIT,0.000000000000,,True,True,EQ,EXIT_RETRY_IF_UNAVAILABLE,True,,No longer in frozen V2 target state,
SECTOR_MOMENTUM,V2,2e99d105d6a23538dafcaa4d6c17ba71b008c2e30fee63bec2cb50706a6aee2f,96e614a5638f221b1c340e4f9201e792b5c01e1394eac682ef7b53480aa0f2fb,SMV2-0023,2020-06-05,2020-06-05T18:00:00+05:30,2020-06-08,NEXT_VALID_SESSION_OPEN,,,,ULTRACEMCO,,EXIT,0.000000000000,,True,True,EQ,EXIT_RETRY_IF_UNAVAILABLE,True,,No longer in frozen V2 target state,
SECTOR_MOMENTUM,V2,2e99d105d6a23538dafcaa4d6c17ba71b008c2e30fee63bec2cb50706a6aee2f,96e614a5638f221b1c340e4f9201e792b5c01e1394eac682ef7b53480aa0f2fb,SMV2-0087,2021-08-27,2021-08-27T18:00:00+05:30,2021-08-30,NEXT_VALID_SESSION_OPEN,OG,OG,1.000000000000,RELIANCE,1.000000000000,ENTER,0.111111111111,1.000000000000,False,False,EQ,ELIGIBLE_EQ,True,1.000000000000,V2 frozen sector momentum target state,
SECTOR_MOMENTUM,V2,2e99d105d6a23538dafcaa4d6c17ba71b008c2e30fee63bec2cb50706a6aee2f,96e614a5638f221b1c340e4f9201e792b5c01e1394eac682ef7b53480aa0f2fb,SMV2-0087,2021-08-27,2021-08-27T18:00:00+05:30,2021-08-30,NEXT_VALID_SESSION_OPEN,OG,OG,1.000000000000,BPCL,2.000000000000,ENTER,0.111111111111,2.000000000000,False,False,EQ,ELIGIBLE_EQ,True,2.000000000000,V2 frozen sector momentum target state,
SECTOR_MOMENTUM,V2,2e99d105d6a23538dafcaa4d6c17ba71b008c2e30fee63bec2cb50706a6aee2f,96e614a5638f221b1c340e4f9201e792b5c01e1394eac682ef7b53480aa0f2fb,SMV2-0087,2021-08-27,2021-08-27T18:00:00+05:30,2021-08-30,NEXT_VALID_SESSION_OPEN,OG,OG,1.000000000000,ONGC,3.000000000000,ENTER,0.111111111111,3.000000000000,False,False,EQ,ELIGIBLE_EQ,True,3.000000000000,V2 frozen sector momentum target state,
SECTOR_MOMENTUM,V2,2e99d105d6a23538dafcaa4d6c17ba71b008c2e30fee63bec2cb50706a6aee2f,96e614a5638f221b1c340e4f9201e792b5c01e1394eac682ef7b53480aa0f2fb,SMV2-0087,2021-08-27,2021-08-27T18:00:00+05:30,2021-08-30,NEXT_VALID_SESSION_OPEN,GF,GF,2.000000000000,GAIL,1.000000000000,ENTER,0.111111111111,4.000000000000,False,False,EQ,ELIGIBLE_EQ,True,4.000000000000,V2 frozen sector momentum target state,
SECTOR_MOMENTUM,V2,2e99d105d6a23538dafcaa4d6c17ba71b008c2e30fee63bec2cb50706a6aee2f,96e614a5638f221b1c340e4f9201e792b5c01e1394eac682ef7b53480aa0f2fb,SMV2-0087,2021-08-27,2021-08-27T18:00:00+05:30,2021-08-30,NEXT_VALID_SESSION_OPEN,GF,GF,2.000000000000,MGL,2.000000000000,ENTER,0.111111111111,5.000000000000,False,False,EQ,ELIGIBLE_EQ,True,5.000000000000,V2 frozen sector momentum target state,
SECTOR_MOMENTUM,V2,2e99d105d6a23538dafcaa4d6c17ba71b008c2e30fee63bec2cb50706a6aee2f,96e614a5638f221b1c340e4f9201e792b5c01e1394eac682ef7b53480aa0f2fb,SMV2-0087,2021-08-27,2021-08-27T18:00:00+05:30,2021-08-30,NEXT_VALID_SESSION_OPEN,GF,GF,2.000000000000,CONFIPET,3.000000000000,ENTER,0.111111111111,6.000000000000,False,False,EQ,ELIGIBLE_EQ,True,6.000000000000,V2 frozen sector momentum target state,
SECTOR_MOMENTUM,V2,2e99d105d6a23538dafcaa4d6c17ba71b008c2e30fee63bec2cb50706a6aee2f,96e614a5638f221b1c340e4f9201e792b5c01e1394eac682ef7b53480aa0f2fb,SMV2-0087,2021-08-27,2021-08-27T18:00:00+05:30,2021-08-30,NEXT_VALID_SESSION_OPEN,IN,IN,3.000000000000,SBILIFE,1.000000000000,ENTER,0.111111111111,7.000000000000,False,False,EQ,ELIGIBLE_EQ,True,7.000000000000,V2 frozen sector momentum target state,
SECTOR_MOMENTUM,V2,2e99d105d6a23538dafcaa4d6c17ba71b008c2e30fee63bec2cb50706a6aee2f,96e614a5638f221b1c340e4f9201e792b5c01e1394eac682ef7b53480aa0f2fb,SMV2-0087,2021-08-27,2021-08-27T18:00:00+05:30,2021-08-30,NEXT_VALID_SESSION_OPEN,IN,IN,3.000000000000,HDFCLIFE,2.000000000000,ENTER,0.111111111111,8.000000000000,False,False,EQ,ELIGIBLE_EQ,True,8.000000000000,V2 frozen sector momentum target state,
SECTOR_MOMENTUM,V2,2e99d105d6a23538dafcaa4d6c17ba71b008c2e30fee63bec2cb50706a6aee2f,96e614a5638f221b1c340e4f9201e792b5c01e1394eac682ef7b53480aa0f2fb,SMV2-0087,2021-08-27,2021-08-27T18:00:00+05:30,2021-08-30,NEXT_VALID_SESSION_OPEN,IN,IN,3.000000000000,ICICIGI,3.000000000000,ENTER,0.111111111111,9.000000000000,False,False,EQ,ELIGIBLE_EQ,True,9.000000000000,V2 frozen sector momentum target state,
SECTOR_MOMENTUM,V2,2e99d105d6a23538dafcaa4d6c17ba71b008c2e30fee63bec2cb50706a6aee2f,96e614a5638f221b1c340e4f9201e792b5c01e1394eac682ef7b53480aa0f2fb,SMV2-0087,2021-08-27,2021-08-27T18:00:00+05:30,2021-08-30,NEXT_VALID_SESSION_OPEN,,,,ARVIND,,EXIT,0.000000000000,,True,True,EQ,EXIT_RETRY_IF_UNAVAILABLE,True,,No longer in frozen V2 target state,
SECTOR_MOMENTUM,V2,2e99d105d6a23538dafcaa4d6c17ba71b008c2e30fee63bec2cb50706a6aee2f,96e614a5638f221b1c340e4f9201e792b5c01e1394eac682ef7b53480aa0f2fb,SMV2-0087,2021-08-27,2021-08-27T18:00:00+05:30,2021-08-30,NEXT_VALID_SESSION_OPEN,,,,CHALET,,EXIT,0.000000000000,,True,True,EQ,EXIT_RETRY_IF_UNAVAILABLE,True,,No longer in frozen V2 target state,
SECTOR_MOMENTUM,V2,2e99d105d6a23538dafcaa4d6c17ba71b008c2e30fee63bec2cb50706a6aee2f,96e614a5638f221b1c340e4f9201e792b5c01e1394eac682ef7b53480aa0f2fb,SMV2-0087,2021-08-27,2021-08-27T18:00:00+05:30,2021-08-30,NEXT_VALID_SESSION_OPEN,,,,HINDALCO,,EXIT,0.000000000000,,True,True,EQ,EXIT_RETRY_IF_UNAVAILABLE,True,,No longer in frozen V2 target state,
SECTOR_MOMENTUM,V2,2e99d105d6a23538dafcaa4d6c17ba71b008c2e30fee63bec2cb50706a6aee2f,96e614a5638f221b1c340e4f9201e792b5c01e1394eac682ef7b53480aa0f2fb,SMV2-0087,2021-08-27,2021-08-27T18:00:00+05:30,2021-08-30,NEXT_VALID_SESSION_OPEN,,,,INDHOTEL,,EXIT,0.000000000000,,True,True,EQ,EXIT_RETRY_IF_UNAVAILABLE,True,,No longer in frozen V2 target state,
SECTOR_MOMENTUM,V2,2e99d105d6a23538dafcaa4d6c17ba71b008c2e30fee63bec2cb50706a6aee2f,96e614a5638f221b1c340e4f9201e792b5c01e1394eac682ef7b53480aa0f2fb,SMV2-0087,2021-08-27,2021-08-27T18:00:00+05:30,2021-08-30,NEXT_VALID_SESSION_OPEN,,,,PAGEIND,,EXIT,0.000000000000,,True,True,EQ,EXIT_RETRY_IF_UNAVAILABLE,True,,No longer in frozen V2 target state,
SECTOR_MOMENTUM,V2,2e99d105d6a23538dafcaa4d6c17ba71b008c2e30fee63bec2cb50706a6aee2f,96e614a5638f221b1c340e4f9201e792b5c01e1394eac682ef7b53480aa0f2fb,SMV2-0087,2021-08-27,2021-08-27T18:00:00+05:30,2021-08-30,NEXT_VALID_SESSION_OPEN,,,,RAYMOND,,EXIT,0.000000000000,,True,True,EQ,EXIT_RETRY_IF_UNAVAILABLE,True,,No longer in frozen V2 target state,
SECTOR_MOMENTUM,V2,2e99d105d6a23538dafcaa4d6c17ba71b008c2e30fee63bec2cb50706a6aee2f,96e614a5638f221b1c340e4f9201e792b5c01e1394eac682ef7b53480aa0f2fb,SMV2-0087,2021-08-27,2021-08-27T18:00:00+05:30,2021-08-30,NEXT_VALID_SESSION_OPEN,,,,TATASTEEL,,EXIT,0.000000000000,,True,True,EQ,EXIT_RETRY_IF_UNAVAILABLE,True,,No longer in frozen V2 target state,
SECTOR_MOMENTUM,V2,2e99d105d6a23538dafcaa4d6c17ba71b008c2e30fee63bec2cb50706a6aee2f,96e614a5638f221b1c340e4f9201e792b5c01e1394eac682ef7b53480aa0f2fb,SMV2-0087,2021-08-27,2021-08-27T18:00:00+05:30,2021-08-30,NEXT_VALID_SESSION_OPEN,,,,VEDL,,EXIT,0.000000000000,,True,True,EQ,EXIT_RETRY_IF_UNAVAILABLE,True,,No longer in frozen V2 target state,
SECTOR_MOMENTUM,V2,2e99d105d6a23538dafcaa4d6c17ba71b008c2e30fee63bec2cb50706a6aee2f,96e614a5638f221b1c340e4f9201e792b5c01e1394eac682ef7b53480aa0f2fb,SMV2-0087,2021-08-27,2021-08-27T18:00:00+05:30,2021-08-30,NEXT_VALID_SESSION_OPEN,,,,WESTLIFE,,EXIT,0.000000000000,,True,True,EQ,EXIT_RETRY_IF_UNAVAILABLE,True,,No longer in frozen V2 target state,
SECTOR_MOMENTUM,V2,2e99d105d6a23538dafcaa4d6c17ba71b008c2e30fee63bec2cb50706a6aee2f,96e614a5638f221b1c340e4f9201e792b5c01e1394eac682ef7b53480aa0f2fb,SMV2-0151,2022-11-18,2022-11-18T18:00:00+05:30,2022-11-21,NEXT_VALID_SESSION_OPEN,BN,BN,1.000000000000,AXISBANK,1.000000000000,ENTER,0.111111111111,1.000000000000,False,False,EQ,ELIGIBLE_EQ,True,1.000000000000,V2 frozen sector momentum target state,
SECTOR_MOMENTUM,V2,2e99d105d6a23538dafcaa4d6c17ba71b008c2e30fee63bec2cb50706a6aee2f,96e614a5638f221b1c340e4f9201e792b5c01e1394eac682ef7b53480aa0f2fb,SMV2-0151,2022-11-18,2022-11-18T18:00:00+05:30,2022-11-21,NEXT_VALID_SESSION_OPEN,BN,BN,1.000000000000,HDFCBANK,2.000000000000,ENTER,0.111111111111,2.000000000000,False,False,EQ,ELIGIBLE_EQ,True,2.000000000000,V2 frozen sector momentum target state,
SECTOR_MOMENTUM,V2,2e99d105d6a23538dafcaa4d6c17ba71b008c2e30fee63bec2cb50706a6aee2f,96e614a5638f221b1c340e4f9201e792b5c01e1394eac682ef7b53480aa0f2fb,SMV2-0151,2022-11-18,2022-11-18T18:00:00+05:30,2022-11-21,NEXT_VALID_SESSION_OPEN,BN,BN,1.000000000000,ICICIBANK,3.000000000000,ENTER,0.111111111111,3.000000000000,False,False,EQ,ELIGIBLE_EQ,True,3.000000000000,V2 frozen sector momentum target state,
SECTOR_MOMENTUM,V2,2e99d105d6a23538dafcaa4d6c17ba71b008c2e30fee63bec2cb50706a6aee2f,96e614a5638f221b1c340e4f9201e792b5c01e1394eac682ef7b53480aa0f2fb,SMV2-0151,2022-11-18,2022-11-18T18:00:00+05:30,2022-11-21,NEXT_VALID_SESSION_OPEN,GF,GF,2.000000000000,GAIL,1.000000000000,KEEP,0.111111111111,4.000000000000,True,False,EQ,ELIGIBLE_EQ,True,4.000000000000,V2 frozen sector momentum target state,
SECTOR_MOMENTUM,V2,2e99d105d6a23538dafcaa4d6c17ba71b008c2e30fee63bec2cb50706a6aee2f,96e614a5638f221b1c340e4f9201e792b5c01e1394eac682ef7b53480aa0f2fb,SMV2-0151,2022-11-18,2022-11-18T18:00:00+05:30,2022-11-21,NEXT_VALID_SESSION_OPEN,GF,GF,2.000000000000,MGL,2.000000000000,KEEP,0.111111111111,5.000000000000,True,False,EQ,ELIGIBLE_EQ,True,5.000000000000,V2 frozen sector momentum target state,
SECTOR_MOMENTUM,V2,2e99d105d6a23538dafcaa4d6c17ba71b008c2e30fee63bec2cb50706a6aee2f,96e614a5638f221b1c340e4f9201e792b5c01e1394eac682ef7b53480aa0f2fb,SMV2-0151,2022-11-18,2022-11-18T18:00:00+05:30,2022-11-21,NEXT_VALID_SESSION_OPEN,GF,GF,2.000000000000,REFEX,3.000000000000,ENTER,0.111111111111,6.000000000000,False,False,EQ,ELIGIBLE_EQ,True,6.000000000000,V2 frozen sector momentum target state,
SECTOR_MOMENTUM,V2,2e99d105d6a23538dafcaa4d6c17ba71b008c2e30fee63bec2cb50706a6aee2f,96e614a5638f221b1c340e4f9201e792b5c01e1394eac682ef7b53480aa0f2fb,SMV2-0151,2022-11-18,2022-11-18T18:00:00+05:30,2022-11-21,NEXT_VALID_SESSION_OPEN,TR,TR,3.000000000000,ADANIENT,1.000000000000,ENTER,0.111111111111,7.000000000000,False,False,EQ,ELIGIBLE_EQ,True,7.000000000000,V2 frozen sector momentum target state,
SECTOR_MOMENTUM,V2,2e99d105d6a23538dafcaa4d6c17ba71b008c2e30fee63bec2cb50706a6aee2f,96e614a5638f221b1c340e4f9201e792b5c01e1394eac682ef7b53480aa0f2fb,SMV2-0151,2022-11-18,2022-11-18T18:00:00+05:30,2022-11-21,NEXT_VALID_SESSION_OPEN,TR,TR,3.000000000000,REDINGTON,2.000000000000,ENTER,0.111111111111,8.000000000000,False,False,EQ,ELIGIBLE_EQ,True,8.000000000000,V2 frozen sector momentum target state,
SECTOR_MOMENTUM,V2,2e99d105d6a23538dafcaa4d6c17ba71b008c2e30fee63bec2cb50706a6aee2f,96e614a5638f221b1c340e4f9201e792b5c01e1394eac682ef7b53480aa0f2fb,SMV2-0151,2022-11-18,2022-11-18T18:00:00+05:30,2022-11-21,NEXT_VALID_SESSION_OPEN,TR,TR,3.000000000000,SUNDRMFAST,3.000000000000,ENTER,0.111111111111,9.000000000000,False,False,EQ,ELIGIBLE_EQ,True,9.000000000000,V2 frozen sector momentum target state,
SECTOR_MOMENTUM,V2,2e99d105d6a23538dafcaa4d6c17ba71b008c2e30fee63bec2cb50706a6aee2f,96e614a5638f221b1c340e4f9201e792b5c01e1394eac682ef7b53480aa0f2fb,SMV2-0151,2022-11-18,2022-11-18T18:00:00+05:30,2022-11-21,NEXT_VALID_SESSION_OPEN,,,,BPCL,,EXIT,0.000000000000,,True,True,EQ,EXIT_RETRY_IF_UNAVAILABLE,True,,No longer in frozen V2 target state,
SECTOR_MOMENTUM,V2,2e99d105d6a23538dafcaa4d6c17ba71b008c2e30fee63bec2cb50706a6aee2f,96e614a5638f221b1c340e4f9201e792b5c01e1394eac682ef7b53480aa0f2fb,SMV2-0151,2022-11-18,2022-11-18T18:00:00+05:30,2022-11-21,NEXT_VALID_SESSION_OPEN,,,,CONFIPET,,EXIT,0.000000000000,,True,True,EQ,EXIT_RETRY_IF_UNAVAILABLE,True,,No longer in frozen V2 target state,
SECTOR_MOMENTUM,V2,2e99d105d6a23538dafcaa4d6c17ba71b008c2e30fee63bec2cb50706a6aee2f,96e614a5638f221b1c340e4f9201e792b5c01e1394eac682ef7b53480aa0f2fb,SMV2-0151,2022-11-18,2022-11-18T18:00:00+05:30,2022-11-21,NEXT_VALID_SESSION_OPEN,,,,HDFCLIFE,,EXIT,0.000000000000,,True,True,EQ,EXIT_RETRY_IF_UNAVAILABLE,True,,No longer in frozen V2 target state,
SECTOR_MOMENTUM,V2,2e99d105d6a23538dafcaa4d6c17ba71b008c2e30fee63bec2cb50706a6aee2f,96e614a5638f221b1c340e4f9201e792b5c01e1394eac682ef7b53480aa0f2fb,SMV2-0151,2022-11-18,2022-11-18T18:00:00+05:30,2022-11-21,NEXT_VALID_SESSION_OPEN,,,,ICICIGI,,EXIT,0.000000000000,,True,True,EQ,EXIT_RETRY_IF_UNAVAILABLE,True,,No longer in frozen V2 target state,
SECTOR_MOMENTUM,V2,2e99d105d6a23538dafcaa4d6c17ba71b008c2e30fee63bec2cb50706a6aee2f,96e614a5638f221b1c340e4f9201e792b5c01e1394eac682ef7b53480aa0f2fb,SMV2-0151,2022-11-18,2022-11-18T18:00:00+05:30,2022-11-21,NEXT_VALID_SESSION_OPEN,,,,ONGC,,EXIT,0.000000000000,,True,True,EQ,EXIT_RETRY_IF_UNAVAILABLE,True,,No longer in frozen V2 target state,
SECTOR_MOMENTUM,V2,2e99d105d6a23538dafcaa4d6c17ba71b008c2e30fee63bec2cb50706a6aee2f,96e614a5638f221b1c340e4f9201e792b5c01e1394eac682ef7b53480aa0f2fb,SMV2-0151,2022-11-18,2022-11-18T18:00:00+05:30,2022-11-21,NEXT_VALID_SESSION_OPEN,,,,RELIANCE,,EXIT,0.000000000000,,True,True,EQ,EXIT_RETRY_IF_UNAVAILABLE,True,,No longer in frozen V2 target state,
SECTOR_MOMENTUM,V2,2e99d105d6a23538dafcaa4d6c17ba71b008c2e30fee63bec2cb50706a6aee2f,96e614a5638f221b1c340e4f9201e792b5c01e1394eac682ef7b53480aa0f2fb,SMV2-0151,2022-11-18,2022-11-18T18:00:00+05:30,2022-11-21,NEXT_VALID_SESSION_OPEN,,,,SBILIFE,,EXIT,0.000000000000,,True,True,EQ,EXIT_RETRY_IF_UNAVAILABLE,True,,No longer in frozen V2 target state,
SECTOR_MOMENTUM,V2,2e99d105d6a23538dafcaa4d6c17ba71b008c2e30fee63bec2cb50706a6aee2f,96e614a5638f221b1c340e4f9201e792b5c01e1394eac682ef7b53480aa0f2fb,SMV2-0215,2024-02-09,2024-02-09T18:00:00+05:30,2024-02-12,NEXT_VALID_SESSION_OPEN,PW,PW,1.000000000000,NHPC,1.000000000000,ENTER,0.111111111111,1.000000000000,False,False,EQ,ELIGIBLE_EQ,True,1.000000000000,V2 frozen sector momentum target state,
SECTOR_MOMENTUM,V2,2e99d105d6a23538dafcaa4d6c17ba71b008c2e30fee63bec2cb50706a6aee2f,96e614a5638f221b1c340e4f9201e792b5c01e1394eac682ef7b53480aa0f2fb,SMV2-0215,2024-02-09,2024-02-09T18:00:00+05:30,2024-02-12,NEXT_VALID_SESSION_OPEN,PW,PW,1.000000000000,SJVN,2.000000000000,ENTER,0.111111111111,2.000000000000,False,False,EQ,ELIGIBLE_EQ,True,2.000000000000,V2 frozen sector momentum target state,
SECTOR_MOMENTUM,V2,2e99d105d6a23538dafcaa4d6c17ba71b008c2e30fee63bec2cb50706a6aee2f,96e614a5638f221b1c340e4f9201e792b5c01e1394eac682ef7b53480aa0f2fb,SMV2-0215,2024-02-09,2024-02-09T18:00:00+05:30,2024-02-12,NEXT_VALID_SESSION_OPEN,PW,PW,1.000000000000,TATAPOWER,3.000000000000,ENTER,0.111111111111,3.000000000000,False,False,EQ,ELIGIBLE_EQ,True,3.000000000000,V2 frozen sector momentum target state,
SECTOR_MOMENTUM,V2,2e99d105d6a23538dafcaa4d6c17ba71b008c2e30fee63bec2cb50706a6aee2f,96e614a5638f221b1c340e4f9201e792b5c01e1394eac682ef7b53480aa0f2fb,SMV2-0215,2024-02-09,2024-02-09T18:00:00+05:30,2024-02-12,NEXT_VALID_SESSION_OPEN,PA,PA,2.000000000000,JKPAPER,1.000000000000,ENTER,0.111111111111,4.000000000000,False,False,EQ,ELIGIBLE_EQ,True,4.000000000000,V2 frozen sector momentum target state,
SECTOR_MOMENTUM,V2,2e99d105d6a23538dafcaa4d6c17ba71b008c2e30fee63bec2cb50706a6aee2f,96e614a5638f221b1c340e4f9201e792b5c01e1394eac682ef7b53480aa0f2fb,SMV2-0215,2024-02-09,2024-02-09T18:00:00+05:30,2024-02-12,NEXT_VALID_SESSION_OPEN,PA,PA,2.000000000000,ORIENTPPR,2.000000000000,ENTER,0.111111111111,5.000000000000,False,False,EQ,ELIGIBLE_EQ,True,5.000000000000,V2 frozen sector momentum target state,
SECTOR_MOMENTUM,V2,2e99d105d6a23538dafcaa4d6c17ba71b008c2e30fee63bec2cb50706a6aee2f,96e614a5638f221b1c340e4f9201e792b5c01e1394eac682ef7b53480aa0f2fb,SMV2-0215,2024-02-09,2024-02-09T18:00:00+05:30,2024-02-12,NEXT_VALID_SESSION_OPEN,PA,PA,2.000000000000,PAKKA,3.000000000000,ENTER,0.111111111111,6.000000000000,False,False,EQ,ELIGIBLE_EQ,True,6.000000000000,V2 frozen sector momentum target state,
SECTOR_MOMENTUM,V2,2e99d105d6a23538dafcaa4d6c17ba71b008c2e30fee63bec2cb50706a6aee2f,96e614a5638f221b1c340e4f9201e792b5c01e1394eac682ef7b53480aa0f2fb,SMV2-0215,2024-02-09,2024-02-09T18:00:00+05:30,2024-02-12,NEXT_VALID_SESSION_OPEN,HP,HP,3.000000000000,EASEMYTRIP,1.000000000000,ENTER,0.111111111111,7.000000000000,False,False,EQ,ELIGIBLE_EQ,True,7.000000000000,V2 frozen sector momentum target state,
SECTOR_MOMENTUM,V2,2e99d105d6a23538dafcaa4d6c17ba71b008c2e30fee63bec2cb50706a6aee2f,96e614a5638f221b1c340e4f9201e792b5c01e1394eac682ef7b53480aa0f2fb,SMV2-0215,2024-02-09,2024-02-09T18:00:00+05:30,2024-02-12,NEXT_VALID_SESSION_OPEN,HP,HP,3.000000000000,BLS,2.000000000000,ENTER,0.111111111111,8.000000000000,False,False,EQ,ELIGIBLE_EQ,True,8.000000000000,V2 frozen sector momentum target state,
SECTOR_MOMENTUM,V2,2e99d105d6a23538dafcaa4d6c17ba71b008c2e30fee63bec2cb50706a6aee2f,96e614a5638f221b1c340e4f9201e792b5c01e1394eac682ef7b53480aa0f2fb,SMV2-0215,2024-02-09,2024-02-09T18:00:00+05:30,2024-02-12,NEXT_VALID_SESSION_OPEN,HP,HP,3.000000000000,LEMONTREE,3.000000000000,ENTER,0.111111111111,9.000000000000,False,False,EQ,ELIGIBLE_EQ,True,9.000000000000,V2 frozen sector momentum target state,
SECTOR_MOMENTUM,V2,2e99d105d6a23538dafcaa4d6c17ba71b008c2e30fee63bec2cb50706a6aee2f,96e614a5638f221b1c340e4f9201e792b5c01e1394eac682ef7b53480aa0f2fb,SMV2-0215,2024-02-09,2024-02-09T18:00:00+05:30,2024-02-12,NEXT_VALID_SESSION_OPEN,,,,ADANIENT,,EXIT,0.000000000000,,True,True,EQ,EXIT_RETRY_IF_UNAVAILABLE,True,,No longer in frozen V2 target state,
SECTOR_MOMENTUM,V2,2e99d105d6a23538dafcaa4d6c17ba71b008c2e30fee63bec2cb50706a6aee2f,96e614a5638f221b1c340e4f9201e792b5c01e1394eac682ef7b53480aa0f2fb,SMV2-0215,2024-02-09,2024-02-09T18:00:00+05:30,2024-02-12,NEXT_VALID_SESSION_OPEN,,,,AXISBANK,,EXIT,0.000000000000,,True,True,EQ,EXIT_RETRY_IF_UNAVAILABLE,True,,No longer in frozen V2 target state,
SECTOR_MOMENTUM,V2,2e99d105d6a23538dafcaa4d6c17ba71b008c2e30fee63bec2cb50706a6aee2f,96e614a5638f221b1c340e4f9201e792b5c01e1394eac682ef7b53480aa0f2fb,SMV2-0215,2024-02-09,2024-02-09T18:00:00+05:30,2024-02-12,NEXT_VALID_SESSION_OPEN,,,,GAIL,,EXIT,0.000000000000,,True,True,EQ,EXIT_RETRY_IF_UNAVAILABLE,True,,No longer in frozen V2 target state,
SECTOR_MOMENTUM,V2,2e99d105d6a23538dafcaa4d6c17ba71b008c2e30fee63bec2cb50706a6aee2f,96e614a5638f221b1c340e4f9201e792b5c01e1394eac682ef7b53480aa0f2fb,SMV2-0215,2024-02-09,2024-02-09T18:00:00+05:30,2024-02-12,NEXT_VALID_SESSION_OPEN,,,,HDFCBANK,,EXIT,0.000000000000,,True,True,EQ,EXIT_RETRY_IF_UNAVAILABLE,True,,No longer in frozen V2 target state,
SECTOR_MOMENTUM,V2,2e99d105d6a23538dafcaa4d6c17ba71b008c2e30fee63bec2cb50706a6aee2f,96e614a5638f221b1c340e4f9201e792b5c01e1394eac682ef7b53480aa0f2fb,SMV2-0215,2024-02-09,2024-02-09T18:00:00+05:30,2024-02-12,NEXT_VALID_SESSION_OPEN,,,,ICICIBANK,,EXIT,0.000000000000,,True,True,EQ,EXIT_RETRY_IF_UNAVAILABLE,True,,No longer in frozen V2 target state,
SECTOR_MOMENTUM,V2,2e99d105d6a23538dafcaa4d6c17ba71b008c2e30fee63bec2cb50706a6aee2f,96e614a5638f221b1c340e4f9201e792b5c01e1394eac682ef7b53480aa0f2fb,SMV2-0215,2024-02-09,2024-02-09T18:00:00+05:30,2024-02-12,NEXT_VALID_SESSION_OPEN,,,,MGL,,EXIT,0.000000000000,,True,True,EQ,EXIT_RETRY_IF_UNAVAILABLE,True,,No longer in frozen V2 target state,
SECTOR_MOMENTUM,V2,2e99d105d6a23538dafcaa4d6c17ba71b008c2e30fee63bec2cb50706a6aee2f,96e614a5638f221b1c340e4f9201e792b5c01e1394eac682ef7b53480aa0f2fb,SMV2-0215,2024-02-09,2024-02-09T18:00:00+05:30,2024-02-12,NEXT_VALID_SESSION_OPEN,,,,REDINGTON,,EXIT,0.000000000000,,True,True,EQ,EXIT_RETRY_IF_UNAVAILABLE,True,,No longer in frozen V2 target state,
SECTOR_MOMENTUM,V2,2e99d105d6a23538dafcaa4d6c17ba71b008c2e30fee63bec2cb50706a6aee2f,96e614a5638f221b1c340e4f9201e792b5c01e1394eac682ef7b53480aa0f2fb,SMV2-0215,2024-02-09,2024-02-09T18:00:00+05:30,2024-02-12,NEXT_VALID_SESSION_OPEN,,,,REFEX,,EXIT,0.000000000000,,True,True,EQ,EXIT_RETRY_IF_UNAVAILABLE,True,,No longer in frozen V2 target state,
SECTOR_MOMENTUM,V2,2e99d105d6a23538dafcaa4d6c17ba71b008c2e30fee63bec2cb50706a6aee2f,96e614a5638f221b1c340e4f9201e792b5c01e1394eac682ef7b53480aa0f2fb,SMV2-0215,2024-02-09,2024-02-09T18:00:00+05:30,2024-02-12,NEXT_VALID_SESSION_OPEN,,,,SUNDRMFAST,,EXIT,0.000000000000,,True,True,EQ,EXIT_RETRY_IF_UNAVAILABLE,True,,No longer in frozen V2 target state,
SECTOR_MOMENTUM,V2,2e99d105d6a23538dafcaa4d6c17ba71b008c2e30fee63bec2cb50706a6aee2f,96e614a5638f221b1c340e4f9201e792b5c01e1394eac682ef7b53480aa0f2fb,SMV2-0279,2025-05-02,2025-05-02T18:00:00+05:30,2025-05-05,NEXT_VALID_SESSION_OPEN,AV,AV,1.000000000000,HAL,1.000000000000,ENTER,0.111111111111,1.000000000000,False,False,EQ,ELIGIBLE_EQ,True,1.000000000000,V2 frozen sector momentum target state,
SECTOR_MOMENTUM,V2,2e99d105d6a23538dafcaa4d6c17ba71b008c2e30fee63bec2cb50706a6aee2f,96e614a5638f221b1c340e4f9201e792b5c01e1394eac682ef7b53480aa0f2fb,SMV2-0279,2025-05-02,2025-05-02T18:00:00+05:30,2025-05-05,NEXT_VALID_SESSION_OPEN,AV,AV,1.000000000000,BEL,2.000000000000,ENTER,0.111111111111,2.000000000000,False,False,EQ,ELIGIBLE_EQ,True,2.000000000000,V2 frozen sector momentum target state,
SECTOR_MOMENTUM,V2,2e99d105d6a23538dafcaa4d6c17ba71b008c2e30fee63bec2cb50706a6aee2f,96e614a5638f221b1c340e4f9201e792b5c01e1394eac682ef7b53480aa0f2fb,SMV2-0279,2025-05-02,2025-05-02T18:00:00+05:30,2025-05-05,NEXT_VALID_SESSION_OPEN,AV,AV,1.000000000000,INDIGO,3.000000000000,ENTER,0.111111111111,3.000000000000,False,False,EQ,ELIGIBLE_EQ,True,3.000000000000,V2 frozen sector momentum target state,
SECTOR_MOMENTUM,V2,2e99d105d6a23538dafcaa4d6c17ba71b008c2e30fee63bec2cb50706a6aee2f,96e614a5638f221b1c340e4f9201e792b5c01e1394eac682ef7b53480aa0f2fb,SMV2-0279,2025-05-02,2025-05-02T18:00:00+05:30,2025-05-05,NEXT_VALID_SESSION_OPEN,BN,BN,2.000000000000,HDFCBANK,1.000000000000,ENTER,0.111111111111,4.000000000000,False,False,EQ,ELIGIBLE_EQ,True,4.000000000000,V2 frozen sector momentum target state,
SECTOR_MOMENTUM,V2,2e99d105d6a23538dafcaa4d6c17ba71b008c2e30fee63bec2cb50706a6aee2f,96e614a5638f221b1c340e4f9201e792b5c01e1394eac682ef7b53480aa0f2fb,SMV2-0279,2025-05-02,2025-05-02T18:00:00+05:30,2025-05-05,NEXT_VALID_SESSION_OPEN,BN,BN,2.000000000000,ICICIBANK,2.000000000000,ENTER,0.111111111111,5.000000000000,False,False,EQ,ELIGIBLE_EQ,True,5.000000000000,V2 frozen sector momentum target state,
SECTOR_MOMENTUM,V2,2e99d105d6a23538dafcaa4d6c17ba71b008c2e30fee63bec2cb50706a6aee2f,96e614a5638f221b1c340e4f9201e792b5c01e1394eac682ef7b53480aa0f2fb,SMV2-0279,2025-05-02,2025-05-02T18:00:00+05:30,2025-05-05,NEXT_VALID_SESSION_OPEN,BN,BN,2.000000000000,INDUSINDBK,3.000000000000,ENTER,0.111111111111,6.000000000000,False,False,EQ,ELIGIBLE_EQ,True,6.000000000000,V2 frozen sector momentum target state,
SECTOR_MOMENTUM,V2,2e99d105d6a23538dafcaa4d6c17ba71b008c2e30fee63bec2cb50706a6aee2f,96e614a5638f221b1c340e4f9201e792b5c01e1394eac682ef7b53480aa0f2fb,SMV2-0279,2025-05-02,2025-05-02T18:00:00+05:30,2025-05-05,NEXT_VALID_SESSION_OPEN,FG,FG,3.000000000000,HINDUNILVR,1.000000000000,ENTER,0.111111111111,7.000000000000,False,False,EQ,ELIGIBLE_EQ,True,7.000000000000,V2 frozen sector momentum target state,
SECTOR_MOMENTUM,V2,2e99d105d6a23538dafcaa4d6c17ba71b008c2e30fee63bec2cb50706a6aee2f,96e614a5638f221b1c340e4f9201e792b5c01e1394eac682ef7b53480aa0f2fb,SMV2-0279,2025-05-02,2025-05-02T18:00:00+05:30,2025-05-05,NEXT_VALID_SESSION_OPEN,FG,FG,3.000000000000,BRITANNIA,2.000000000000,ENTER,0.111111111111,8.000000000000,False,False,EQ,ELIGIBLE_EQ,True,8.000000000000,V2 frozen sector momentum target state,
SECTOR_MOMENTUM,V2,2e99d105d6a23538dafcaa4d6c17ba71b008c2e30fee63bec2cb50706a6aee2f,96e614a5638f221b1c340e4f9201e792b5c01e1394eac682ef7b53480aa0f2fb,SMV2-0279,2025-05-02,2025-05-02T18:00:00+05:30,2025-05-05,NEXT_VALID_SESSION_OPEN,FG,FG,3.000000000000,GODREJCP,3.000000000000,ENTER,0.111111111111,9.000000000000,False,False,EQ,ELIGIBLE_EQ,True,9.000000000000,V2 frozen sector momentum target state,
SECTOR_MOMENTUM,V2,2e99d105d6a23538dafcaa4d6c17ba71b008c2e30fee63bec2cb50706a6aee2f,96e614a5638f221b1c340e4f9201e792b5c01e1394eac682ef7b53480aa0f2fb,SMV2-0279,2025-05-02,2025-05-02T18:00:00+05:30,2025-05-05,NEXT_VALID_SESSION_OPEN,,,,BLS,,EXIT,0.000000000000,,True,True,EQ,EXIT_RETRY_IF_UNAVAILABLE,True,,No longer in frozen V2 target state,
SECTOR_MOMENTUM,V2,2e99d105d6a23538dafcaa4d6c17ba71b008c2e30fee63bec2cb50706a6aee2f,96e614a5638f221b1c340e4f9201e792b5c01e1394eac682ef7b53480aa0f2fb,SMV2-0279,2025-05-02,2025-05-02T18:00:00+05:30,2025-05-05,NEXT_VALID_SESSION_OPEN,,,,EASEMYTRIP,,EXIT,0.000000000000,,True,True,EQ,EXIT_RETRY_IF_UNAVAILABLE,True,,No longer in frozen V2 target state,
SECTOR_MOMENTUM,V2,2e99d105d6a23538dafcaa4d6c17ba71b008c2e30fee63bec2cb50706a6aee2f,96e614a5638f221b1c340e4f9201e792b5c01e1394eac682ef7b53480aa0f2fb,SMV2-0279,2025-05-02,2025-05-02T18:00:00+05:30,2025-05-05,NEXT_VALID_SESSION_OPEN,,,,JKPAPER,,EXIT,0.000000000000,,True,True,EQ,EXIT_RETRY_IF_UNAVAILABLE,True,,No longer in frozen V2 target state,
SECTOR_MOMENTUM,V2,2e99d105d6a23538dafcaa4d6c17ba71b008c2e30fee63bec2cb50706a6aee2f,96e614a5638f221b1c340e4f9201e792b5c01e1394eac682ef7b53480aa0f2fb,SMV2-0279,2025-05-02,2025-05-02T18:00:00+05:30,2025-05-05,NEXT_VALID_SESSION_OPEN,,,,LEMONTREE,,EXIT,0.000000000000,,True,True,EQ,EXIT_RETRY_IF_UNAVAILABLE,True,,No longer in frozen V2 target state,
SECTOR_MOMENTUM,V2,2e99d105d6a23538dafcaa4d6c17ba71b008c2e30fee63bec2cb50706a6aee2f,96e614a5638f221b1c340e4f9201e792b5c01e1394eac682ef7b53480aa0f2fb,SMV2-0279,2025-05-02,2025-05-02T18:00:00+05:30,2025-05-05,NEXT_VALID_SESSION_OPEN,,,,NHPC,,EXIT,0.000000000000,,True,True,EQ,EXIT_RETRY_IF_UNAVAILABLE,True,,No longer in frozen V2 target state,
SECTOR_MOMENTUM,V2,2e99d105d6a23538dafcaa4d6c17ba71b008c2e30fee63bec2cb50706a6aee2f,96e614a5638f221b1c340e4f9201e792b5c01e1394eac682ef7b53480aa0f2fb,SMV2-0279,2025-05-02,2025-05-02T18:00:00+05:30,2025-05-05,NEXT_VALID_SESSION_OPEN,,,,ORIENTPPR,,EXIT,0.000000000000,,True,True,EQ,EXIT_RETRY_IF_UNAVAILABLE,True,,No longer in frozen V2 target state,
SECTOR_MOMENTUM,V2,2e99d105d6a23538dafcaa4d6c17ba71b008c2e30fee63bec2cb50706a6aee2f,96e614a5638f221b1c340e4f9201e792b5c01e1394eac682ef7b53480aa0f2fb,SMV2-0279,2025-05-02,2025-05-02T18:00:00+05:30,2025-05-05,NEXT_VALID_SESSION_OPEN,,,,PAKKA,,EXIT,0.000000000000,,True,True,EQ,EXIT_RETRY_IF_UNAVAILABLE,True,,No longer in frozen V2 target state,
SECTOR_MOMENTUM,V2,2e99d105d6a23538dafcaa4d6c17ba71b008c2e30fee63bec2cb50706a6aee2f,96e614a5638f221b1c340e4f9201e792b5c01e1394eac682ef7b53480aa0f2fb,SMV2-0279,2025-05-02,2025-05-02T18:00:00+05:30,2025-05-05,NEXT_VALID_SESSION_OPEN,,,,SJVN,,EXIT,0.000000000000,,True,True,EQ,EXIT_RETRY_IF_UNAVAILABLE,True,,No longer in frozen V2 target state,
SECTOR_MOMENTUM,V2,2e99d105d6a23538dafcaa4d6c17ba71b008c2e30fee63bec2cb50706a6aee2f,96e614a5638f221b1c340e4f9201e792b5c01e1394eac682ef7b53480aa0f2fb,SMV2-0279,2025-05-02,2025-05-02T18:00:00+05:30,2025-05-05,NEXT_VALID_SESSION_OPEN,,,,TATAPOWER,,EXIT,0.000000000000,,True,True,EQ,EXIT_RETRY_IF_UNAVAILABLE,True,,No longer in frozen V2 target state,
SECTOR_MOMENTUM,V2,2e99d105d6a23538dafcaa4d6c17ba71b008c2e30fee63bec2cb50706a6aee2f,96e614a5638f221b1c340e4f9201e792b5c01e1394eac682ef7b53480aa0f2fb,SMV2-0346,2026-08-14,2026-08-14T18:00:00+05:30,2026-08-17,NEXT_VALID_SESSION_OPEN,CP,CP,1.000000000000,HUHTAMAKI,1.000000000000,ENTER,0.111111111111,1.000000000000,False,False,EQ,ELIGIBLE_EQ,True,1.000000000000,V2 frozen sector momentum target state,
SECTOR_MOMENTUM,V2,2e99d105d6a23538dafcaa4d6c17ba71b008c2e30fee63bec2cb50706a6aee2f,96e614a5638f221b1c340e4f9201e792b5c01e1394eac682ef7b53480aa0f2fb,SMV2-0346,2026-08-14,2026-08-14T18:00:00+05:30,2026-08-17,NEXT_VALID_SESSION_OPEN,CP,CP,1.000000000000,COSMOFIRST,2.000000000000,ENTER,0.111111111111,2.000000000000,False,False,EQ,ELIGIBLE_EQ,True,2.000000000000,V2 frozen sector momentum target state,
SECTOR_MOMENTUM,V2,2e99d105d6a23538dafcaa4d6c17ba71b008c2e30fee63bec2cb50706a6aee2f,96e614a5638f221b1c340e4f9201e792b5c01e1394eac682ef7b53480aa0f2fb,SMV2-0346,2026-08-14,2026-08-14T18:00:00+05:30,2026-08-17,NEXT_VALID_SESSION_OPEN,CP,CP,1.000000000000,AGI,3.000000000000,ENTER,0.111111111111,3.000000000000,False,False,EQ,ELIGIBLE_EQ,True,3.000000000000,V2 frozen sector momentum target state,
SECTOR_MOMENTUM,V2,2e99d105d6a23538dafcaa4d6c17ba71b008c2e30fee63bec2cb50706a6aee2f,96e614a5638f221b1c340e4f9201e792b5c01e1394eac682ef7b53480aa0f2fb,SMV2-0346,2026-08-14,2026-08-14T18:00:00+05:30,2026-08-17,NEXT_VALID_SESSION_OPEN,PA,PA,2.000000000000,JKPAPER,1.000000000000,ENTER,0.111111111111,4.000000000000,False,False,EQ,ELIGIBLE_EQ,True,4.000000000000,V2 frozen sector momentum target state,
SECTOR_MOMENTUM,V2,2e99d105d6a23538dafcaa4d6c17ba71b008c2e30fee63bec2cb50706a6aee2f,96e614a5638f221b1c340e4f9201e792b5c01e1394eac682ef7b53480aa0f2fb,SMV2-0346,2026-08-14,2026-08-14T18:00:00+05:30,2026-08-17,NEXT_VALID_SESSION_OPEN,PA,PA,2.000000000000,WSTCSTPAPR,2.000000000000,ENTER,0.111111111111,5.000000000000,False,False,EQ,ELIGIBLE_EQ,True,5.000000000000,V2 frozen sector momentum target state,
SECTOR_MOMENTUM,V2,2e99d105d6a23538dafcaa4d6c17ba71b008c2e30fee63bec2cb50706a6aee2f,96e614a5638f221b1c340e4f9201e792b5c01e1394eac682ef7b53480aa0f2fb,SMV2-0346,2026-08-14,2026-08-14T18:00:00+05:30,2026-08-17,NEXT_VALID_SESSION_OPEN,PA,PA,2.000000000000,KPL,3.000000000000,ENTER,0.111111111111,6.000000000000,False,False,EQ,ELIGIBLE_EQ,True,6.000000000000,V2 frozen sector momentum target state,
SECTOR_MOMENTUM,V2,2e99d105d6a23538dafcaa4d6c17ba71b008c2e30fee63bec2cb50706a6aee2f,96e614a5638f221b1c340e4f9201e792b5c01e1394eac682ef7b53480aa0f2fb,SMV2-0346,2026-08-14,2026-08-14T18:00:00+05:30,2026-08-17,NEXT_VALID_SESSION_OPEN,OG,OG,3.000000000000,RELIANCE,1.000000000000,ENTER,0.111111111111,7.000000000000,False,False,EQ,ELIGIBLE_EQ,True,7.000000000000,V2 frozen sector momentum target state,
SECTOR_MOMENTUM,V2,2e99d105d6a23538dafcaa4d6c17ba71b008c2e30fee63bec2cb50706a6aee2f,96e614a5638f221b1c340e4f9201e792b5c01e1394eac682ef7b53480aa0f2fb,SMV2-0346,2026-08-14,2026-08-14T18:00:00+05:30,2026-08-17,NEXT_VALID_SESSION_OPEN,OG,OG,3.000000000000,ONGC,2.000000000000,ENTER,0.111111111111,8.000000000000,False,False,EQ,ELIGIBLE_EQ,True,8.000000000000,V2 frozen sector momentum target state,
SECTOR_MOMENTUM,V2,2e99d105d6a23538dafcaa4d6c17ba71b008c2e30fee63bec2cb50706a6aee2f,96e614a5638f221b1c340e4f9201e792b5c01e1394eac682ef7b53480aa0f2fb,SMV2-0346,2026-08-14,2026-08-14T18:00:00+05:30,2026-08-17,NEXT_VALID_SESSION_OPEN,OG,OG,3.000000000000,MRPL,3.000000000000,ENTER,0.111111111111,9.000000000000,False,False,EQ,ELIGIBLE_EQ,True,9.000000000000,V2 frozen sector momentum target state,
SECTOR_MOMENTUM,V2,2e99d105d6a23538dafcaa4d6c17ba71b008c2e30fee63bec2cb50706a6aee2f,96e614a5638f221b1c340e4f9201e792b5c01e1394eac682ef7b53480aa0f2fb,SMV2-0346,2026-08-14,2026-08-14T18:00:00+05:30,2026-08-17,NEXT_VALID_SESSION_OPEN,,,,BEL,,EXIT,0.000000000000,,True,True,EQ,EXIT_RETRY_IF_UNAVAILABLE,True,,No longer in frozen V2 target state,
SECTOR_MOMENTUM,V2,2e99d105d6a23538dafcaa4d6c17ba71b008c2e30fee63bec2cb50706a6aee2f,96e614a5638f221b1c340e4f9201e792b5c01e1394eac682ef7b53480aa0f2fb,SMV2-0346,2026-08-14,2026-08-14T18:00:00+05:30,2026-08-17,NEXT_VALID_SESSION_OPEN,,,,BRITANNIA,,EXIT,0.000000000000,,True,True,EQ,EXIT_RETRY_IF_UNAVAILABLE,True,,No longer in frozen V2 target state,
SECTOR_MOMENTUM,V2,2e99d105d6a23538dafcaa4d6c17ba71b008c2e30fee63bec2cb50706a6aee2f,96e614a5638f221b1c340e4f9201e792b5c01e1394eac682ef7b53480aa0f2fb,SMV2-0346,2026-08-14,2026-08-14T18:00:00+05:30,2026-08-17,NEXT_VALID_SESSION_OPEN,,,,GODREJCP,,EXIT,0.000000000000,,True,True,EQ,EXIT_RETRY_IF_UNAVAILABLE,True,,No longer in frozen V2 target state,
SECTOR_MOMENTUM,V2,2e99d105d6a23538dafcaa4d6c17ba71b008c2e30fee63bec2cb50706a6aee2f,96e614a5638f221b1c340e4f9201e792b5c01e1394eac682ef7b53480aa0f2fb,SMV2-0346,2026-08-14,2026-08-14T18:00:00+05:30,2026-08-17,NEXT_VALID_SESSION_OPEN,,,,HAL,,EXIT,0.000000000000,,True,True,EQ,EXIT_RETRY_IF_UNAVAILABLE,True,,No longer in frozen V2 target state,
SECTOR_MOMENTUM,V2,2e99d105d6a23538dafcaa4d6c17ba71b008c2e30fee63bec2cb50706a6aee2f,96e614a5638f221b1c340e4f9201e792b5c01e1394eac682ef7b53480aa0f2fb,SMV2-0346,2026-08-14,2026-08-14T18:00:00+05:30,2026-08-17,NEXT_VALID_SESSION_OPEN,,,,HDFCBANK,,EXIT,0.000000000000,,True,True,EQ,EXIT_RETRY_IF_UNAVAILABLE,True,,No longer in frozen V2 target state,
SECTOR_MOMENTUM,V2,2e99d105d6a23538dafcaa4d6c17ba71b008c2e30fee63bec2cb50706a6aee2f,96e614a5638f221b1c340e4f9201e792b5c01e1394eac682ef7b53480aa0f2fb,SMV2-0346,2026-08-14,2026-08-14T18:00:00+05:30,2026-08-17,NEXT_VALID_SESSION_OPEN,,,,HINDUNILVR,,EXIT,0.000000000000,,True,True,EQ,EXIT_RETRY_IF_UNAVAILABLE,True,,No longer in frozen V2 target state,
SECTOR_MOMENTUM,V2,2e99d105d6a23538dafcaa4d6c17ba71b008c2e30fee63bec2cb50706a6aee2f,96e614a5638f221b1c340e4f9201e792b5c01e1394eac682ef7b53480aa0f2fb,SMV2-0346,2026-08-14,2026-08-14T18:00:00+05:30,2026-08-17,NEXT_VALID_SESSION_OPEN,,,,ICICIBANK,,EXIT,0.000000000000,,True,True,EQ,EXIT_RETRY_IF_UNAVAILABLE,True,,No longer in frozen V2 target state,
SECTOR_MOMENTUM,V2,2e99d105d6a23538dafcaa4d6c17ba71b008c2e30fee63bec2cb50706a6aee2f,96e614a5638f221b1c340e4f9201e792b5c01e1394eac682ef7b53480aa0f2fb,SMV2-0346,2026-08-14,2026-08-14T18:00:00+05:30,2026-08-17,NEXT_VALID_SESSION_OPEN,,,,INDIGO,,EXIT,0.000000000000,,True,True,EQ,EXIT_RETRY_IF_UNAVAILABLE,True,,No longer in frozen V2 target state,
SECTOR_MOMENTUM,V2,2e99d105d6a23538dafcaa4d6c17ba71b008c2e30fee63bec2cb50706a6aee2f,96e614a5638f221b1c340e4f9201e792b5c01e1394eac682ef7b53480aa0f2fb,SMV2-0346,2026-08-14,2026-08-14T18:00:00+05:30,2026-08-17,NEXT_VALID_SESSION_OPEN,,,,INDUSINDBK,,EXIT,0.000000000000,,True,True,EQ,EXIT_RETRY_IF_UNAVAILABLE,True,,No longer in frozen V2 target state,
SECTOR_MOMENTUM,V2,2e99d105d6a23538dafcaa4d6c17ba71b008c2e30fee63bec2cb50706a6aee2f,96e614a5638f221b1c340e4f9201e792b5c01e1394eac682ef7b53480aa0f2fb,SMV2-0347,2026-08-21,2026-08-21T18:00:00+05:30,2026-08-24,NEXT_VALID_SESSION_OPEN,OG,OG,1.000000000000,RELIANCE,1.000000000000,KEEP,0.111111111111,1.000000000000,True,False,EQ,ELIGIBLE_EQ,True,1.000000000000,V2 frozen sector momentum target state,
SECTOR_MOMENTUM,V2,2e99d105d6a23538dafcaa4d6c17ba71b008c2e30fee63bec2cb50706a6aee2f,96e614a5638f221b1c340e4f9201e792b5c01e1394eac682ef7b53480aa0f2fb,SMV2-0347,2026-08-21,2026-08-21T18:00:00+05:30,2026-08-24,NEXT_VALID_SESSION_OPEN,OG,OG,1.000000000000,ONGC,2.000000000000,KEEP,0.111111111111,2.000000000000,True,False,EQ,ELIGIBLE_EQ,True,2.000000000000,V2 frozen sector momentum target state,
SECTOR_MOMENTUM,V2,2e99d105d6a23538dafcaa4d6c17ba71b008c2e30fee63bec2cb50706a6aee2f,96e614a5638f221b1c340e4f9201e792b5c01e1394eac682ef7b53480aa0f2fb,SMV2-0347,2026-08-21,2026-08-21T18:00:00+05:30,2026-08-24,NEXT_VALID_SESSION_OPEN,OG,OG,1.000000000000,MRPL,3.000000000000,KEEP,0.111111111111,3.000000000000,True,False,EQ,ELIGIBLE_EQ,True,3.000000000000,V2 frozen sector momentum target state,
SECTOR_MOMENTUM,V2,2e99d105d6a23538dafcaa4d6c17ba71b008c2e30fee63bec2cb50706a6aee2f,96e614a5638f221b1c340e4f9201e792b5c01e1394eac682ef7b53480aa0f2fb,SMV2-0347,2026-08-21,2026-08-21T18:00:00+05:30,2026-08-24,NEXT_VALID_SESSION_OPEN,CP,CP,2.000000000000,HUHTAMAKI,1.000000000000,KEEP,0.111111111111,4.000000000000,True,False,EQ,ELIGIBLE_EQ,True,4.000000000000,V2 frozen sector momentum target state,
SECTOR_MOMENTUM,V2,2e99d105d6a23538dafcaa4d6c17ba71b008c2e30fee63bec2cb50706a6aee2f,96e614a5638f221b1c340e4f9201e792b5c01e1394eac682ef7b53480aa0f2fb,SMV2-0347,2026-08-21,2026-08-21T18:00:00+05:30,2026-08-24,NEXT_VALID_SESSION_OPEN,CP,CP,2.000000000000,COSMOFIRST,2.000000000000,KEEP,0.111111111111,5.000000000000,True,False,EQ,ELIGIBLE_EQ,True,5.000000000000,V2 frozen sector momentum target state,
SECTOR_MOMENTUM,V2,2e99d105d6a23538dafcaa4d6c17ba71b008c2e30fee63bec2cb50706a6aee2f,96e614a5638f221b1c340e4f9201e792b5c01e1394eac682ef7b53480aa0f2fb,SMV2-0347,2026-08-21,2026-08-21T18:00:00+05:30,2026-08-24,NEXT_VALID_SESSION_OPEN,CP,CP,2.000000000000,AGI,3.000000000000,KEEP,0.111111111111,6.000000000000,True,False,EQ,ELIGIBLE_EQ,True,6.000000000000,V2 frozen sector momentum target state,
SECTOR_MOMENTUM,V2,2e99d105d6a23538dafcaa4d6c17ba71b008c2e30fee63bec2cb50706a6aee2f,96e614a5638f221b1c340e4f9201e792b5c01e1394eac682ef7b53480aa0f2fb,SMV2-0347,2026-08-21,2026-08-21T18:00:00+05:30,2026-08-24,NEXT_VALID_SESSION_OPEN,TR,TR,3.000000000000,REDINGTON,1.000000000000,ENTER,0.111111111111,7.000000000000,False,False,EQ,ELIGIBLE_EQ,True,7.000000000000,V2 frozen sector momentum target state,
SECTOR_MOMENTUM,V2,2e99d105d6a23538dafcaa4d6c17ba71b008c2e30fee63bec2cb50706a6aee2f,96e614a5638f221b1c340e4f9201e792b5c01e1394eac682ef7b53480aa0f2fb,SMV2-0347,2026-08-21,2026-08-21T18:00:00+05:30,2026-08-24,NEXT_VALID_SESSION_OPEN,TR,TR,3.000000000000,ADANIENT,2.000000000000,ENTER,0.111111111111,8.000000000000,False,False,EQ,ELIGIBLE_EQ,True,8.000000000000,V2 frozen sector momentum target state,
SECTOR_MOMENTUM,V2,2e99d105d6a23538dafcaa4d6c17ba71b008c2e30fee63bec2cb50706a6aee2f,96e614a5638f221b1c340e4f9201e792b5c01e1394eac682ef7b53480aa0f2fb,SMV2-0347,2026-08-21,2026-08-21T18:00:00+05:30,2026-08-24,NEXT_VALID_SESSION_OPEN,TR,TR,3.000000000000,HEXT,3.000000000000,ENTER,0.111111111111,9.000000000000,False,False,EQ,ELIGIBLE_EQ,True,9.000000000000,V2 frozen sector momentum target state,
SECTOR_MOMENTUM,V2,2e99d105d6a23538dafcaa4d6c17ba71b008c2e30fee63bec2cb50706a6aee2f,96e614a5638f221b1c340e4f9201e792b5c01e1394eac682ef7b53480aa0f2fb,SMV2-0347,2026-08-21,2026-08-21T18:00:00+05:30,2026-08-24,NEXT_VALID_SESSION_OPEN,,,,JKPAPER,,EXIT,0.000000000000,,True,True,EQ,EXIT_RETRY_IF_UNAVAILABLE,True,,No longer in frozen V2 target state,
SECTOR_MOMENTUM,V2,2e99d105d6a23538dafcaa4d6c17ba71b008c2e30fee63bec2cb50706a6aee2f,96e614a5638f221b1c340e4f9201e792b5c01e1394eac682ef7b53480aa0f2fb,SMV2-0347,2026-08-21,2026-08-21T18:00:00+05:30,2026-08-24,NEXT_VALID_SESSION_OPEN,,,,KPL,,EXIT,0.000000000000,,True,True,EQ,EXIT_RETRY_IF_UNAVAILABLE,True,,No longer in frozen V2 target state,
SECTOR_MOMENTUM,V2,2e99d105d6a23538dafcaa4d6c17ba71b008c2e30fee63bec2cb50706a6aee2f,96e614a5638f221b1c340e4f9201e792b5c01e1394eac682ef7b53480aa0f2fb,SMV2-0347,2026-08-21,2026-08-21T18:00:00+05:30,2026-08-24,NEXT_VALID_SESSION_OPEN,,,,WSTCSTPAPR,,EXIT,0.000000000000,,True,True,EQ,EXIT_RETRY_IF_UNAVAILABLE,True,,No longer in frozen V2 target state,
SECTOR_MOMENTUM,V2,2e99d105d6a23538dafcaa4d6c17ba71b008c2e30fee63bec2cb50706a6aee2f,96e614a5638f221b1c340e4f9201e792b5c01e1394eac682ef7b53480aa0f2fb,SMV2-0348,2026-08-28,2026-08-28T18:00:00+05:30,2026-08-31,NEXT_VALID_SESSION_OPEN,CP,CP,1.000000000000,COSMOFIRST,1.000000000000,KEEP,0.111111111111,1.000000000000,True,False,EQ,ELIGIBLE_EQ,True,1.000000000000,V2 frozen sector momentum target state,
SECTOR_MOMENTUM,V2,2e99d105d6a23538dafcaa4d6c17ba71b008c2e30fee63bec2cb50706a6aee2f,96e614a5638f221b1c340e4f9201e792b5c01e1394eac682ef7b53480aa0f2fb,SMV2-0348,2026-08-28,2026-08-28T18:00:00+05:30,2026-08-31,NEXT_VALID_SESSION_OPEN,CP,CP,1.000000000000,AGI,2.000000000000,KEEP,0.111111111111,2.000000000000,True,False,EQ,ELIGIBLE_EQ,True,2.000000000000,V2 frozen sector momentum target state,
SECTOR_MOMENTUM,V2,2e99d105d6a23538dafcaa4d6c17ba71b008c2e30fee63bec2cb50706a6aee2f,96e614a5638f221b1c340e4f9201e792b5c01e1394eac682ef7b53480aa0f2fb,SMV2-0348,2026-08-28,2026-08-28T18:00:00+05:30,2026-08-31,NEXT_VALID_SESSION_OPEN,CP,CP,1.000000000000,HUHTAMAKI,3.000000000000,KEEP,0.111111111111,3.000000000000,True,False,EQ,ELIGIBLE_EQ,True,3.000000000000,V2 frozen sector momentum target state,
SECTOR_MOMENTUM,V2,2e99d105d6a23538dafcaa4d6c17ba71b008c2e30fee63bec2cb50706a6aee2f,96e614a5638f221b1c340e4f9201e792b5c01e1394eac682ef7b53480aa0f2fb,SMV2-0348,2026-08-28,2026-08-28T18:00:00+05:30,2026-08-31,NEXT_VALID_SESSION_OPEN,EL,EL,2.000000000000,KAYNES,1.000000000000,ENTER,0.111111111111,4.000000000000,False,False,EQ,ELIGIBLE_EQ,True,4.000000000000,V2 frozen sector momentum target state,
SECTOR_MOMENTUM,V2,2e99d105d6a23538dafcaa4d6c17ba71b008c2e30fee63bec2cb50706a6aee2f,96e614a5638f221b1c340e4f9201e792b5c01e1394eac682ef7b53480aa0f2fb,SMV2-0348,2026-08-28,2026-08-28T18:00:00+05:30,2026-08-31,NEXT_VALID_SESSION_OPEN,EL,EL,2.000000000000,KEI,2.000000000000,ENTER,0.111111111111,5.000000000000,False,False,EQ,ELIGIBLE_EQ,True,5.000000000000,V2 frozen sector momentum target state,
SECTOR_MOMENTUM,V2,2e99d105d6a23538dafcaa4d6c17ba71b008c2e30fee63bec2cb50706a6aee2f,96e614a5638f221b1c340e4f9201e792b5c01e1394eac682ef7b53480aa0f2fb,SMV2-0348,2026-08-28,2026-08-28T18:00:00+05:30,2026-08-31,NEXT_VALID_SESSION_OPEN,EL,EL,2.000000000000,FINCABLES,3.000000000000,ENTER,0.111111111111,6.000000000000,False,False,EQ,ELIGIBLE_EQ,True,6.000000000000,V2 frozen sector momentum target state,
SECTOR_MOMENTUM,V2,2e99d105d6a23538dafcaa4d6c17ba71b008c2e30fee63bec2cb50706a6aee2f,96e614a5638f221b1c340e4f9201e792b5c01e1394eac682ef7b53480aa0f2fb,SMV2-0348,2026-08-28,2026-08-28T18:00:00+05:30,2026-08-31,NEXT_VALID_SESSION_OPEN,OG,OG,3.000000000000,RELIANCE,1.000000000000,KEEP,0.111111111111,7.000000000000,True,False,EQ,ELIGIBLE_EQ,True,7.000000000000,V2 frozen sector momentum target state,
SECTOR_MOMENTUM,V2,2e99d105d6a23538dafcaa4d6c17ba71b008c2e30fee63bec2cb50706a6aee2f,96e614a5638f221b1c340e4f9201e792b5c01e1394eac682ef7b53480aa0f2fb,SMV2-0348,2026-08-28,2026-08-28T18:00:00+05:30,2026-08-31,NEXT_VALID_SESSION_OPEN,OG,OG,3.000000000000,ONGC,2.000000000000,KEEP,0.111111111111,8.000000000000,True,False,EQ,ELIGIBLE_EQ,True,8.000000000000,V2 frozen sector momentum target state,
SECTOR_MOMENTUM,V2,2e99d105d6a23538dafcaa4d6c17ba71b008c2e30fee63bec2cb50706a6aee2f,96e614a5638f221b1c340e4f9201e792b5c01e1394eac682ef7b53480aa0f2fb,SMV2-0348,2026-08-28,2026-08-28T18:00:00+05:30,2026-08-31,NEXT_VALID_SESSION_OPEN,OG,OG,3.000000000000,MRPL,3.000000000000,KEEP,0.111111111111,9.000000000000,True,False,EQ,ELIGIBLE_EQ,True,9.000000000000,V2 frozen sector momentum target state,
SECTOR_MOMENTUM,V2,2e99d105d6a23538dafcaa4d6c17ba71b008c2e30fee63bec2cb50706a6aee2f,96e614a5638f221b1c340e4f9201e792b5c01e1394eac682ef7b53480aa0f2fb,SMV2-0348,2026-08-28,2026-08-28T18:00:00+05:30,2026-08-31,NEXT_VALID_SESSION_OPEN,,,,ADANIENT,,EXIT,0.000000000000,,True,True,EQ,EXIT_RETRY_IF_UNAVAILABLE,True,,No longer in frozen V2 target state,
SECTOR_MOMENTUM,V2,2e99d105d6a23538dafcaa4d6c17ba71b008c2e30fee63bec2cb50706a6aee2f,96e614a5638f221b1c340e4f9201e792b5c01e1394eac682ef7b53480aa0f2fb,SMV2-0348,2026-08-28,2026-08-28T18:00:00+05:30,2026-08-31,NEXT_VALID_SESSION_OPEN,,,,HEXT,,EXIT,0.000000000000,,True,True,EQ,EXIT_RETRY_IF_UNAVAILABLE,True,,No longer in frozen V2 target state,
SECTOR_MOMENTUM,V2,2e99d105d6a23538dafcaa4d6c17ba71b008c2e30fee63bec2cb50706a6aee2f,96e614a5638f221b1c340e4f9201e792b5c01e1394eac682ef7b53480aa0f2fb,SMV2-0348,2026-08-28,2026-08-28T18:00:00+05:30,2026-08-31,NEXT_VALID_SESSION_OPEN,,,,REDINGTON,,EXIT,0.000000000000,,True,True,EQ,EXIT_RETRY_IF_UNAVAILABLE,True,,No longer in frozen V2 target state,
SECTOR_MOMENTUM,V2,2e99d105d6a23538dafcaa4d6c17ba71b008c2e30fee63bec2cb50706a6aee2f,96e614a5638f221b1c340e4f9201e792b5c01e1394eac682ef7b53480aa0f2fb,SMV2-0349,2026-09-04,2026-09-04T18:00:00+05:30,2026-09-07,NEXT_VALID_SESSION_OPEN,OG,OG,1.000000000000,RELIANCE,1.000000000000,KEEP,0.111111111111,1.000000000000,True,False,EQ,ELIGIBLE_EQ,True,1.000000000000,V2 frozen sector momentum target state,
SECTOR_MOMENTUM,V2,2e99d105d6a23538dafcaa4d6c17ba71b008c2e30fee63bec2cb50706a6aee2f,96e614a5638f221b1c340e4f9201e792b5c01e1394eac682ef7b53480aa0f2fb,SMV2-0349,2026-09-04,2026-09-04T18:00:00+05:30,2026-09-07,NEXT_VALID_SESSION_OPEN,OG,OG,1.000000000000,ONGC,2.000000000000,KEEP,0.111111111111,2.000000000000,True,False,EQ,ELIGIBLE_EQ,True,2.000000000000,V2 frozen sector momentum target state,
SECTOR_MOMENTUM,V2,2e99d105d6a23538dafcaa4d6c17ba71b008c2e30fee63bec2cb50706a6aee2f,96e614a5638f221b1c340e4f9201e792b5c01e1394eac682ef7b53480aa0f2fb,SMV2-0349,2026-09-04,2026-09-04T18:00:00+05:30,2026-09-07,NEXT_VALID_SESSION_OPEN,OG,OG,1.000000000000,MRPL,3.000000000000,KEEP,0.111111111111,3.000000000000,True,False,EQ,ELIGIBLE_EQ,True,3.000000000000,V2 frozen sector momentum target state,
SECTOR_MOMENTUM,V2,2e99d105d6a23538dafcaa4d6c17ba71b008c2e30fee63bec2cb50706a6aee2f,96e614a5638f221b1c340e4f9201e792b5c01e1394eac682ef7b53480aa0f2fb,SMV2-0349,2026-09-04,2026-09-04T18:00:00+05:30,2026-09-07,NEXT_VALID_SESSION_OPEN,MF,MF,2.000000000000,AEQUS,1.000000000000,ENTER,0.111111111111,4.000000000000,False,False,EQ,ELIGIBLE_EQ,True,4.000000000000,V2 frozen sector momentum target state,
SECTOR_MOMENTUM,V2,2e99d105d6a23538dafcaa4d6c17ba71b008c2e30fee63bec2cb50706a6aee2f,96e614a5638f221b1c340e4f9201e792b5c01e1394eac682ef7b53480aa0f2fb,SMV2-0349,2026-09-04,2026-09-04T18:00:00+05:30,2026-09-07,NEXT_VALID_SESSION_OPEN,MF,MF,2.000000000000,TITAGARH,2.000000000000,ENTER,0.111111111111,5.000000000000,False,False,EQ,ELIGIBLE_EQ,True,5.000000000000,V2 frozen sector momentum target state,
SECTOR_MOMENTUM,V2,2e99d105d6a23538dafcaa4d6c17ba71b008c2e30fee63bec2cb50706a6aee2f,96e614a5638f221b1c340e4f9201e792b5c01e1394eac682ef7b53480aa0f2fb,SMV2-0349,2026-09-04,2026-09-04T18:00:00+05:30,2026-09-07,NEXT_VALID_SESSION_OPEN,MF,MF,2.000000000000,CARBORUNIV,3.000000000000,ENTER,0.111111111111,6.000000000000,False,False,EQ,ELIGIBLE_EQ,True,6.000000000000,V2 frozen sector momentum target state,
SECTOR_MOMENTUM,V2,2e99d105d6a23538dafcaa4d6c17ba71b008c2e30fee63bec2cb50706a6aee2f,96e614a5638f221b1c340e4f9201e792b5c01e1394eac682ef7b53480aa0f2fb,SMV2-0349,2026-09-04,2026-09-04T18:00:00+05:30,2026-09-07,NEXT_VALID_SESSION_OPEN,CP,CP,3.000000000000,AGI,1.000000000000,KEEP,0.111111111111,7.000000000000,True,False,EQ,ELIGIBLE_EQ,True,7.000000000000,V2 frozen sector momentum target state,
SECTOR_MOMENTUM,V2,2e99d105d6a23538dafcaa4d6c17ba71b008c2e30fee63bec2cb50706a6aee2f,96e614a5638f221b1c340e4f9201e792b5c01e1394eac682ef7b53480aa0f2fb,SMV2-0349,2026-09-04,2026-09-04T18:00:00+05:30,2026-09-07,NEXT_VALID_SESSION_OPEN,CP,CP,3.000000000000,COSMOFIRST,2.000000000000,KEEP,0.111111111111,8.000000000000,True,False,EQ,ELIGIBLE_EQ,True,8.000000000000,V2 frozen sector momentum target state,
SECTOR_MOMENTUM,V2,2e99d105d6a23538dafcaa4d6c17ba71b008c2e30fee63bec2cb50706a6aee2f,96e614a5638f221b1c340e4f9201e792b5c01e1394eac682ef7b53480aa0f2fb,SMV2-0349,2026-09-04,2026-09-04T18:00:00+05:30,2026-09-07,NEXT_VALID_SESSION_OPEN,CP,CP,3.000000000000,HUHTAMAKI,3.000000000000,KEEP,0.111111111111,9.000000000000,True,False,EQ,ELIGIBLE_EQ,True,9.000000000000,V2 frozen sector momentum target state,
SECTOR_MOMENTUM,V2,2e99d105d6a23538dafcaa4d6c17ba71b008c2e30fee63bec2cb50706a6aee2f,96e614a5638f221b1c340e4f9201e792b5c01e1394eac682ef7b53480aa0f2fb,SMV2-0349,2026-09-04,2026-09-04T18:00:00+05:30,2026-09-07,NEXT_VALID_SESSION_OPEN,,,,FINCABLES,,EXIT,0.000000000000,,True,True,EQ,EXIT_RETRY_IF_UNAVAILABLE,True,,No longer in frozen V2 target state,
SECTOR_MOMENTUM,V2,2e99d105d6a23538dafcaa4d6c17ba71b008c2e30fee63bec2cb50706a6aee2f,96e614a5638f221b1c340e4f9201e792b5c01e1394eac682ef7b53480aa0f2fb,SMV2-0349,2026-09-04,2026-09-04T18:00:00+05:30,2026-09-07,NEXT_VALID_SESSION_OPEN,,,,KAYNES,,EXIT,0.000000000000,,True,True,EQ,EXIT_RETRY_IF_UNAVAILABLE,True,,No longer in frozen V2 target state,
SECTOR_MOMENTUM,V2,2e99d105d6a23538dafcaa4d6c17ba71b008c2e30fee63bec2cb50706a6aee2f,96e614a5638f221b1c340e4f9201e792b5c01e1394eac682ef7b53480aa0f2fb,SMV2-0349,2026-09-04,2026-09-04T18:00:00+05:30,2026-09-07,NEXT_VALID_SESSION_OPEN,,,,KEI,,EXIT,0.000000000000,,True,True,EQ,EXIT_RETRY_IF_UNAVAILABLE,True,,No longer in frozen V2 target state,
SECTOR_MOMENTUM,V2,2e99d105d6a23538dafcaa4d6c17ba71b008c2e30fee63bec2cb50706a6aee2f,96e614a5638f221b1c340e4f9201e792b5c01e1394eac682ef7b53480aa0f2fb,SMV2-0350,2026-09-11,2026-09-11T18:00:00+05:30,2026-09-15,NEXT_VALID_SESSION_OPEN,OG,OG,1.000000000000,RELIANCE,1.000000000000,KEEP,0.111111111111,1.000000000000,True,False,EQ,ELIGIBLE_EQ,True,1.000000000000,V2 frozen sector momentum target state,
SECTOR_MOMENTUM,V2,2e99d105d6a23538dafcaa4d6c17ba71b008c2e30fee63bec2cb50706a6aee2f,96e614a5638f221b1c340e4f9201e792b5c01e1394eac682ef7b53480aa0f2fb,SMV2-0350,2026-09-11,2026-09-11T18:00:00+05:30,2026-09-15,NEXT_VALID_SESSION_OPEN,OG,OG,1.000000000000,ONGC,2.000000000000,KEEP,0.111111111111,2.000000000000,True,False,EQ,ELIGIBLE_EQ,True,2.000000000000,V2 frozen sector momentum target state,
SECTOR_MOMENTUM,V2,2e99d105d6a23538dafcaa4d6c17ba71b008c2e30fee63bec2cb50706a6aee2f,96e614a5638f221b1c340e4f9201e792b5c01e1394eac682ef7b53480aa0f2fb,SMV2-0350,2026-09-11,2026-09-11T18:00:00+05:30,2026-09-15,NEXT_VALID_SESSION_OPEN,OG,OG,1.000000000000,MRPL,3.000000000000,KEEP,0.111111111111,3.000000000000,True,False,EQ,ELIGIBLE_EQ,True,3.000000000000,V2 frozen sector momentum target state,
SECTOR_MOMENTUM,V2,2e99d105d6a23538dafcaa4d6c17ba71b008c2e30fee63bec2cb50706a6aee2f,96e614a5638f221b1c340e4f9201e792b5c01e1394eac682ef7b53480aa0f2fb,SMV2-0350,2026-09-11,2026-09-11T18:00:00+05:30,2026-09-15,NEXT_VALID_SESSION_OPEN,DJ,DJ,2.000000000000,KALYANKJIL,1.000000000000,ENTER,0.111111111111,4.000000000000,False,False,EQ,ELIGIBLE_EQ,True,4.000000000000,V2 frozen sector momentum target state,
SECTOR_MOMENTUM,V2,2e99d105d6a23538dafcaa4d6c17ba71b008c2e30fee63bec2cb50706a6aee2f,96e614a5638f221b1c340e4f9201e792b5c01e1394eac682ef7b53480aa0f2fb,SMV2-0350,2026-09-11,2026-09-11T18:00:00+05:30,2026-09-15,NEXT_VALID_SESSION_OPEN,DJ,DJ,2.000000000000,TITAN,2.000000000000,ENTER,0.111111111111,5.000000000000,False,False,EQ,ELIGIBLE_EQ,True,5.000000000000,V2 frozen sector momentum target state,
SECTOR_MOMENTUM,V2,2e99d105d6a23538dafcaa4d6c17ba71b008c2e30fee63bec2cb50706a6aee2f,96e614a5638f221b1c340e4f9201e792b5c01e1394eac682ef7b53480aa0f2fb,SMV2-0350,2026-09-11,2026-09-11T18:00:00+05:30,2026-09-15,NEXT_VALID_SESSION_OPEN,DJ,DJ,2.000000000000,TBZ,3.000000000000,ENTER,0.111111111111,6.000000000000,False,False,EQ,ELIGIBLE_EQ,True,6.000000000000,V2 frozen sector momentum target state,
SECTOR_MOMENTUM,V2,2e99d105d6a23538dafcaa4d6c17ba71b008c2e30fee63bec2cb50706a6aee2f,96e614a5638f221b1c340e4f9201e792b5c01e1394eac682ef7b53480aa0f2fb,SMV2-0350,2026-09-11,2026-09-11T18:00:00+05:30,2026-09-15,NEXT_VALID_SESSION_OPEN,PA,PA,3.000000000000,JKPAPER,1.000000000000,ENTER,0.111111111111,7.000000000000,False,False,EQ,ELIGIBLE_EQ,True,7.000000000000,V2 frozen sector momentum target state,
SECTOR_MOMENTUM,V2,2e99d105d6a23538dafcaa4d6c17ba71b008c2e30fee63bec2cb50706a6aee2f,96e614a5638f221b1c340e4f9201e792b5c01e1394eac682ef7b53480aa0f2fb,SMV2-0350,2026-09-11,2026-09-11T18:00:00+05:30,2026-09-15,NEXT_VALID_SESSION_OPEN,PA,PA,3.000000000000,WSTCSTPAPR,2.000000000000,ENTER,0.111111111111,8.000000000000,False,False,EQ,ELIGIBLE_EQ,True,8.000000000000,V2 frozen sector momentum target state,
SECTOR_MOMENTUM,V2,2e99d105d6a23538dafcaa4d6c17ba71b008c2e30fee63bec2cb50706a6aee2f,96e614a5638f221b1c340e4f9201e792b5c01e1394eac682ef7b53480aa0f2fb,SMV2-0350,2026-09-11,2026-09-11T18:00:00+05:30,2026-09-15,NEXT_VALID_SESSION_OPEN,PA,PA,3.000000000000,KPL,3.000000000000,ENTER,0.111111111111,9.000000000000,False,False,EQ,ELIGIBLE_EQ,True,9.000000000000,V2 frozen sector momentum target state,
SECTOR_MOMENTUM,V2,2e99d105d6a23538dafcaa4d6c17ba71b008c2e30fee63bec2cb50706a6aee2f,96e614a5638f221b1c340e4f9201e792b5c01e1394eac682ef7b53480aa0f2fb,SMV2-0350,2026-09-11,2026-09-11T18:00:00+05:30,2026-09-15,NEXT_VALID_SESSION_OPEN,,,,AEQUS,,EXIT,0.000000000000,,True,True,EQ,EXIT_RETRY_IF_UNAVAILABLE,True,,No longer in frozen V2 target state,
SECTOR_MOMENTUM,V2,2e99d105d6a23538dafcaa4d6c17ba71b008c2e30fee63bec2cb50706a6aee2f,96e614a5638f221b1c340e4f9201e792b5c01e1394eac682ef7b53480aa0f2fb,SMV2-0350,2026-09-11,2026-09-11T18:00:00+05:30,2026-09-15,NEXT_VALID_SESSION_OPEN,,,,AGI,,EXIT,0.000000000000,,True,True,EQ,EXIT_RETRY_IF_UNAVAILABLE,True,,No longer in frozen V2 target state,
SECTOR_MOMENTUM,V2,2e99d105d6a23538dafcaa4d6c17ba71b008c2e30fee63bec2cb50706a6aee2f,96e614a5638f221b1c340e4f9201e792b5c01e1394eac682ef7b53480aa0f2fb,SMV2-0350,2026-09-11,2026-09-11T18:00:00+05:30,2026-09-15,NEXT_VALID_SESSION_OPEN,,,,CARBORUNIV,,EXIT,0.000000000000,,True,True,EQ,EXIT_RETRY_IF_UNAVAILABLE,True,,No longer in frozen V2 target state,
SECTOR_MOMENTUM,V2,2e99d105d6a23538dafcaa4d6c17ba71b008c2e30fee63bec2cb50706a6aee2f,96e614a5638f221b1c340e4f9201e792b5c01e1394eac682ef7b53480aa0f2fb,SMV2-0350,2026-09-11,2026-09-11T18:00:00+05:30,2026-09-15,NEXT_VALID_SESSION_OPEN,,,,COSMOFIRST,,EXIT,0.000000000000,,True,True,EQ,EXIT_RETRY_IF_UNAVAILABLE,True,,No longer in frozen V2 target state,
SECTOR_MOMENTUM,V2,2e99d105d6a23538dafcaa4d6c17ba71b008c2e30fee63bec2cb50706a6aee2f,96e614a5638f221b1c340e4f9201e792b5c01e1394eac682ef7b53480aa0f2fb,SMV2-0350,2026-09-11,2026-09-11T18:00:00+05:30,2026-09-15,NEXT_VALID_SESSION_OPEN,,,,HUHTAMAKI,,EXIT,0.000000000000,,True,True,EQ,EXIT_RETRY_IF_UNAVAILABLE,True,,No longer in frozen V2 target state,
SECTOR_MOMENTUM,V2,2e99d105d6a23538dafcaa4d6c17ba71b008c2e30fee63bec2cb50706a6aee2f,96e614a5638f221b1c340e4f9201e792b5c01e1394eac682ef7b53480aa0f2fb,SMV2-0350,2026-09-11,2026-09-11T18:00:00+05:30,2026-09-15,NEXT_VALID_SESSION_OPEN,,,,TITAGARH,,EXIT,0.000000000000,,True,True,EQ,EXIT_RETRY_IF_UNAVAILABLE,True,,No longer in frozen V2 target state,
