rebalance_id,symbol,expected_side,actual_side,expected_quantity,actual_quantity,result,direct_cause,originating_divergence_rebalance,originating_divergence_symbol,dependency_type
SMV2-0087,ABFRL,SELL,SELL,482,449,FAIL,DOWNSTREAM_POSITION_QUANTITY,SMV2-0030,HATHWAY,downstream_or_direct
SMV2-0087,CONFIPET,BUY,BUY,1294,1205,FAIL,DOWNSTREAM_POSITION_QUANTITY,SMV2-0030,HATHWAY,downstream_or_direct
SMV2-0087,DMART,SELL,SELL,27,25,FAIL,DOWNSTREAM_POSITION_QUANTITY,SMV2-0030,HATHWAY,downstream_or_direct
SMV2-0087,GAIL,BUY,BUY,684,637,FAIL,DOWNSTREAM_POSITION_QUANTITY,SMV2-0030,HATHWAY,downstream_or_direct
SMV2-0087,HDFCLIFE,BUY,BUY,138,128,FAIL,DOWNSTREAM_POSITION_QUANTITY,SMV2-0030,HATHWAY,downstream_or_direct
SMV2-0087,ICICIGI,BUY,BUY,62,58,FAIL,DOWNSTREAM_POSITION_QUANTITY,SMV2-0030,HATHWAY,downstream_or_direct
SMV2-0087,KALYANKJIL,SELL,SELL,1552,1445,FAIL,DOWNSTREAM_POSITION_QUANTITY,SMV2-0030,HATHWAY,downstream_or_direct
SMV2-0087,MGL,BUY,BUY,85,80,FAIL,DOWNSTREAM_POSITION_QUANTITY,SMV2-0030,HATHWAY,downstream_or_direct
SMV2-0087,RAJESHEXPO,SELL,SELL,155,144,FAIL,DOWNSTREAM_POSITION_QUANTITY,SMV2-0030,HATHWAY,downstream_or_direct
SMV2-0087,SBILIFE,BUY,BUY,82,76,FAIL,DOWNSTREAM_POSITION_QUANTITY,SMV2-0030,HATHWAY,downstream_or_direct
SMV2-0087,TITAN,SELL,SELL,50,47,FAIL,DOWNSTREAM_POSITION_QUANTITY,SMV2-0030,HATHWAY,downstream_or_direct
SMV2-0087,TRENT,SELL,SELL,112,104,FAIL,DOWNSTREAM_POSITION_QUANTITY,SMV2-0030,HATHWAY,downstream_or_direct
SMV2-0151,BEL,SELL,SELL,1048,962,FAIL,DOWNSTREAM_POSITION_QUANTITY,SMV2-0030,HATHWAY,downstream_or_direct
SMV2-0151,GAIL,BUY,BUY,1241,1127,FAIL,DOWNSTREAM_POSITION_QUANTITY,SMV2-0030,HATHWAY,downstream_or_direct
SMV2-0151,HAL,SELL,SELL,45,41,FAIL,DOWNSTREAM_POSITION_QUANTITY,SMV2-0030,HATHWAY,downstream_or_direct
SMV2-0151,INDIGO,SELL,SELL,60,55,FAIL,DOWNSTREAM_POSITION_QUANTITY,SMV2-0030,HATHWAY,downstream_or_direct
SMV2-0151,MGL,BUY,BUY,124,113,FAIL,DOWNSTREAM_POSITION_QUANTITY,SMV2-0030,HATHWAY,downstream_or_direct
SMV2-0151,REFEX,BUY,BUY,498,452,FAIL,DOWNSTREAM_POSITION_QUANTITY,SMV2-0030,HATHWAY,downstream_or_direct
SMV2-0279,ADANIENT,SELL,SELL,67,54,FAIL,DOWNSTREAM_POSITION_QUANTITY,SMV2-0030,HATHWAY,downstream_or_direct
SMV2-0279,BEL,BUY,BUY,506,407,FAIL,DOWNSTREAM_POSITION_QUANTITY,SMV2-0030,HATHWAY,downstream_or_direct
SMV2-0279,HAL,BUY,BUY,35,28,FAIL,DOWNSTREAM_POSITION_QUANTITY,SMV2-0030,HATHWAY,downstream_or_direct
SMV2-0279,INDIGO,BUY,BUY,29,23,FAIL,DOWNSTREAM_POSITION_QUANTITY,SMV2-0030,HATHWAY,downstream_or_direct
SMV2-0279,REDINGTON,SELL,SELL,646,520,FAIL,DOWNSTREAM_POSITION_QUANTITY,SMV2-0030,HATHWAY,downstream_or_direct
SMV2-0279,STYLEBAAZA,SELL,SELL,516,415,FAIL,DOWNSTREAM_POSITION_QUANTITY,SMV2-0030,HATHWAY,downstream_or_direct
SMV2-0346,JKPAPER,BUY,BUY,422,339,FAIL,DOWNSTREAM_POSITION_QUANTITY,SMV2-0030,HATHWAY,downstream_or_direct
SMV2-0346,KALYANKJIL,SELL,SELL,269,216,FAIL,DOWNSTREAM_POSITION_QUANTITY,SMV2-0030,HATHWAY,downstream_or_direct
SMV2-0346,KPL,BUY,BUY,45,36,FAIL,DOWNSTREAM_POSITION_QUANTITY,SMV2-0030,HATHWAY,downstream_or_direct
SMV2-0346,THANGAMAYL,SELL,SELL,29,24,FAIL,DOWNSTREAM_POSITION_QUANTITY,SMV2-0030,HATHWAY,downstream_or_direct
SMV2-0346,TITAN,SELL,SELL,33,26,FAIL,DOWNSTREAM_POSITION_QUANTITY,SMV2-0030,HATHWAY,downstream_or_direct
SMV2-0346,WSTCSTPAPR,BUY,BUY,263,211,FAIL,DOWNSTREAM_POSITION_QUANTITY,SMV2-0030,HATHWAY,downstream_or_direct
SMV2-0347,ADANIENT,BUY,BUY,53,43,FAIL,DOWNSTREAM_POSITION_QUANTITY,SMV2-0030,HATHWAY,downstream_or_direct
SMV2-0347,HEXT,BUY,BUY,303,243,FAIL,DOWNSTREAM_POSITION_QUANTITY,SMV2-0030,HATHWAY,downstream_or_direct
SMV2-0347,JKPAPER,SELL,SELL,422,339,FAIL,DOWNSTREAM_POSITION_QUANTITY,SMV2-0030,HATHWAY,downstream_or_direct
SMV2-0347,KPL,SELL,SELL,45,36,FAIL,DOWNSTREAM_POSITION_QUANTITY,SMV2-0030,HATHWAY,downstream_or_direct
SMV2-0347,REDINGTON,BUY,BUY,459,369,FAIL,DOWNSTREAM_POSITION_QUANTITY,SMV2-0030,HATHWAY,downstream_or_direct
SMV2-0347,WSTCSTPAPR,SELL,SELL,263,211,FAIL,DOWNSTREAM_POSITION_QUANTITY,SMV2-0030,HATHWAY,downstream_or_direct
SMV2-0348,ADANIENT,SELL,SELL,53,43,FAIL,DOWNSTREAM_POSITION_QUANTITY,SMV2-0030,HATHWAY,downstream_or_direct
SMV2-0348,FINCABLES,BUY,BUY,125,100,FAIL,DOWNSTREAM_POSITION_QUANTITY,SMV2-0030,HATHWAY,downstream_or_direct
SMV2-0348,HEXT,SELL,SELL,303,243,FAIL,DOWNSTREAM_POSITION_QUANTITY,SMV2-0030,HATHWAY,downstream_or_direct
SMV2-0348,KAYNES,BUY,BUY,41,33,FAIL,DOWNSTREAM_POSITION_QUANTITY,SMV2-0030,HATHWAY,downstream_or_direct
SMV2-0348,KEI,BUY,BUY,29,23,FAIL,DOWNSTREAM_POSITION_QUANTITY,SMV2-0030,HATHWAY,downstream_or_direct
SMV2-0348,REDINGTON,SELL,SELL,459,369,FAIL,DOWNSTREAM_POSITION_QUANTITY,SMV2-0030,HATHWAY,downstream_or_direct
SMV2-0349,AEQUS,BUY,BUY,646,519,FAIL,DOWNSTREAM_POSITION_QUANTITY,SMV2-0030,HATHWAY,downstream_or_direct
SMV2-0349,CARBORUNIV,BUY,BUY,128,105,FAIL,DOWNSTREAM_POSITION_QUANTITY,SMV2-0030,HATHWAY,downstream_or_direct
SMV2-0349,FINCABLES,SELL,SELL,125,100,FAIL,DOWNSTREAM_POSITION_QUANTITY,SMV2-0030,HATHWAY,downstream_or_direct
SMV2-0349,KAYNES,SELL,SELL,41,33,FAIL,DOWNSTREAM_POSITION_QUANTITY,SMV2-0030,HATHWAY,downstream_or_direct
SMV2-0349,KEI,SELL,SELL,29,23,FAIL,DOWNSTREAM_POSITION_QUANTITY,SMV2-0030,HATHWAY,downstream_or_direct
SMV2-0349,TITAGARH,BUY,BUY,178,143,FAIL,DOWNSTREAM_POSITION_QUANTITY,SMV2-0030,HATHWAY,downstream_or_direct
SMV2-0350,AEQUS,SELL,SELL,646,519,FAIL,DOWNSTREAM_POSITION_QUANTITY,SMV2-0030,HATHWAY,downstream_or_direct
SMV2-0350,AGI,SELL,SELL,222,178,FAIL,DOWNSTREAM_POSITION_QUANTITY,SMV2-0030,HATHWAY,downstream_or_direct
SMV2-0350,CARBORUNIV,SELL,SELL,128,105,FAIL,DOWNSTREAM_POSITION_QUANTITY,SMV2-0030,HATHWAY,downstream_or_direct
SMV2-0350,COSMOFIRST,SELL,SELL,185,148,FAIL,DOWNSTREAM_POSITION_QUANTITY,SMV2-0030,HATHWAY,downstream_or_direct
SMV2-0350,HUHTAMAKI,SELL,SELL,511,410,FAIL,DOWNSTREAM_POSITION_QUANTITY,SMV2-0030,HATHWAY,downstream_or_direct
SMV2-0350,JKPAPER,BUY,BUY,369,296,FAIL,DOWNSTREAM_POSITION_QUANTITY,SMV2-0030,HATHWAY,downstream_or_direct
SMV2-0350,KALYANKJIL,BUY,BUY,250,201,FAIL,DOWNSTREAM_POSITION_QUANTITY,SMV2-0030,HATHWAY,downstream_or_direct
SMV2-0350,KPL,BUY,BUY,36,29,FAIL,DOWNSTREAM_POSITION_QUANTITY,SMV2-0030,HATHWAY,downstream_or_direct
SMV2-0350,TBZ,BUY,BUY,276,222,FAIL,DOWNSTREAM_POSITION_QUANTITY,SMV2-0030,HATHWAY,downstream_or_direct
SMV2-0350,TITAGARH,SELL,SELL,178,143,FAIL,DOWNSTREAM_POSITION_QUANTITY,SMV2-0030,HATHWAY,downstream_or_direct
SMV2-0350,TITAN,BUY,BUY,30,24,FAIL,DOWNSTREAM_POSITION_QUANTITY,SMV2-0030,HATHWAY,downstream_or_direct
SMV2-0350,WSTCSTPAPR,BUY,BUY,214,172,FAIL,DOWNSTREAM_POSITION_QUANTITY,SMV2-0030,HATHWAY,downstream_or_direct
