rebalance_id,research_target_n,engine_target_n,difference
SMV2-0001,0,0,0
SMV2-0002,0,0,0
SMV2-0003,0,0,0
SMV2-0004,0,0,0
SMV2-0005,0,0,0
SMV2-0006,0,0,0
SMV2-0007,0,0,0
SMV2-0008,0,0,0
SMV2-0009,0,0,0
SMV2-0010,0,0,0
SMV2-0011,0,0,0
SMV2-0012,0,0,0
SMV2-0013,0,0,0
SMV2-0014,0,0,0
SMV2-0015,0,0,0
SMV2-0016,0,0,0
SMV2-0017,0,0,0
SMV2-0018,9,9,0
SMV2-0019,9,9,0
SMV2-0020,9,9,0
SMV2-0021,9,9,0
SMV2-0022,9,9,0
SMV2-0023,9,9,0
SMV2-0024,9,9,0
SMV2-0025,9,9,0
SMV2-0026,9,9,0
SMV2-0027,9,9,0
SMV2-0028,9,9,0
SMV2-0029,9,9,0
SMV2-0030,9,9,0
SMV2-0031,9,9,0
SMV2-0032,9,9,0
SMV2-0033,9,9,0
SMV2-0034,9,9,0
SMV2-0035,9,9,0
SMV2-0036,9,9,0
SMV2-0037,9,9,0
SMV2-0038,9,9,0
SMV2-0039,9,9,0
SMV2-0040,9,9,0
SMV2-0041,9,9,0
SMV2-0042,9,9,0
SMV2-0043,9,9,0
SMV2-0044,9,9,0
SMV2-0045,9,9,0
SMV2-0046,9,9,0
SMV2-0047,9,9,0
SMV2-0048,9,9,0
SMV2-0049,9,9,0
SMV2-0050,9,9,0
SMV2-0051,9,9,0
SMV2-0052,9,9,0
SMV2-0053,9,9,0
SMV2-0054,9,9,0
SMV2-0055,9,9,0
SMV2-0056,9,9,0
SMV2-0057,9,9,0
SMV2-0058,9,9,0
SMV2-0059,9,9,0
SMV2-0060,9,9,0
SMV2-0061,9,9,0
SMV2-0062,9,9,0
SMV2-0063,9,9,0
SMV2-0064,9,9,0
SMV2-0065,9,9,0
SMV2-0066,9,9,0
SMV2-0067,9,9,0
SMV2-0068,9,9,0
SMV2-0069,9,9,0
SMV2-0070,9,9,0
SMV2-0071,9,9,0
SMV2-0072,9,9,0
SMV2-0073,9,9,0
SMV2-0074,9,9,0
SMV2-0075,9,9,0
SMV2-0076,9,9,0
SMV2-0077,9,9,0
SMV2-0078,9,9,0
SMV2-0079,9,9,0
SMV2-0080,9,9,0
SMV2-0081,9,9,0
SMV2-0082,9,9,0
SMV2-0083,9,9,0
SMV2-0084,9,9,0
SMV2-0085,9,9,0
SMV2-0086,9,9,0
SMV2-0087,9,9,0
SMV2-0088,9,9,0
SMV2-0089,9,9,0
SMV2-0090,9,9,0
SMV2-0091,9,9,0
SMV2-0092,9,9,0
SMV2-0093,9,9,0
SMV2-0094,9,9,0
SMV2-0095,9,9,0
SMV2-0096,9,9,0
SMV2-0097,9,9,0
SMV2-0098,9,9,0
SMV2-0099,9,9,0
SMV2-0100,9,9,0
SMV2-0101,9,9,0
SMV2-0102,9,9,0
SMV2-0103,9,9,0
SMV2-0104,9,9,0
SMV2-0105,9,9,0
SMV2-0106,9,9,0
SMV2-0107,9,9,0
SMV2-0108,9,9,0
SMV2-0109,9,9,0
SMV2-0110,9,9,0
SMV2-0111,9,9,0
SMV2-0112,9,9,0
SMV2-0113,9,9,0
SMV2-0114,9,9,0
SMV2-0115,9,9,0
SMV2-0116,9,9,0
SMV2-0117,9,9,0
SMV2-0118,9,9,0
SMV2-0119,9,9,0
SMV2-0120,9,9,0
SMV2-0121,9,9,0
SMV2-0122,9,9,0
SMV2-0123,9,9,0
SMV2-0124,9,9,0
SMV2-0125,9,9,0
SMV2-0126,9,9,0
SMV2-0127,9,9,0
SMV2-0128,9,9,0
SMV2-0129,9,9,0
SMV2-0130,9,9,0
SMV2-0131,9,9,0
SMV2-0132,9,9,0
SMV2-0133,9,9,0
SMV2-0134,9,9,0
SMV2-0135,9,9,0
SMV2-0136,9,9,0
SMV2-0137,9,9,0
SMV2-0138,9,9,0
SMV2-0139,9,9,0
SMV2-0140,9,9,0
SMV2-0141,9,9,0
SMV2-0142,9,9,0
SMV2-0143,9,9,0
SMV2-0144,9,9,0
SMV2-0145,9,9,0
SMV2-0146,9,9,0
SMV2-0147,9,9,0
SMV2-0148,9,9,0
SMV2-0149,9,9,0
SMV2-0150,9,9,0
SMV2-0151,9,9,0
SMV2-0152,9,9,0
SMV2-0153,9,9,0
SMV2-0154,9,9,0
SMV2-0155,9,9,0
SMV2-0156,9,9,0
SMV2-0157,9,9,0
SMV2-0158,9,9,0
SMV2-0159,9,9,0
SMV2-0160,9,9,0
SMV2-0161,9,9,0
SMV2-0162,9,9,0
SMV2-0163,9,9,0
SMV2-0164,9,9,0
SMV2-0165,9,9,0
SMV2-0166,9,9,0
SMV2-0167,9,9,0
SMV2-0168,9,9,0
SMV2-0169,9,9,0
SMV2-0170,9,9,0
SMV2-0171,9,9,0
SMV2-0172,9,9,0
SMV2-0173,9,9,0
SMV2-0174,9,9,0
SMV2-0175,9,9,0
SMV2-0176,9,9,0
SMV2-0177,9,9,0
SMV2-0178,9,9,0
SMV2-0179,9,9,0
SMV2-0180,9,9,0
SMV2-0181,9,9,0
SMV2-0182,9,9,0
SMV2-0183,9,9,0
SMV2-0184,9,9,0
SMV2-0185,9,9,0
SMV2-0186,9,9,0
SMV2-0187,9,9,0
SMV2-0188,9,9,0
SMV2-0189,9,9,0
SMV2-0190,9,9,0
SMV2-0191,9,9,0
SMV2-0192,9,9,0
SMV2-0193,9,9,0
SMV2-0194,9,9,0
SMV2-0195,9,9,0
SMV2-0196,9,9,0
SMV2-0197,9,9,0
SMV2-0198,9,9,0
SMV2-0199,9,9,0
SMV2-0200,9,9,0
SMV2-0201,9,9,0
SMV2-0202,9,9,0
SMV2-0203,9,9,0
SMV2-0204,9,9,0
SMV2-0205,9,9,0
SMV2-0206,9,9,0
SMV2-0207,9,9,0
SMV2-0208,9,9,0
SMV2-0209,9,9,0
SMV2-0210,9,9,0
SMV2-0211,9,9,0
SMV2-0212,9,9,0
SMV2-0213,9,9,0
SMV2-0214,9,9,0
SMV2-0215,9,9,0
SMV2-0216,9,9,0
SMV2-0217,9,9,0
SMV2-0218,9,9,0
SMV2-0219,9,9,0
SMV2-0220,9,9,0
SMV2-0221,9,9,0
SMV2-0222,9,9,0
SMV2-0223,9,9,0
SMV2-0224,9,9,0
SMV2-0225,9,9,0
SMV2-0226,9,9,0
SMV2-0227,9,9,0
SMV2-0228,9,9,0
SMV2-0229,9,9,0
SMV2-0230,9,9,0
SMV2-0231,9,9,0
SMV2-0232,9,9,0
SMV2-0233,9,9,0
SMV2-0234,9,9,0
SMV2-0235,9,9,0
SMV2-0236,9,9,0
SMV2-0237,9,9,0
SMV2-0238,9,9,0
SMV2-0239,9,9,0
SMV2-0240,9,9,0
SMV2-0241,9,9,0
SMV2-0242,9,9,0
SMV2-0243,9,9,0
SMV2-0244,9,9,0
SMV2-0245,9,9,0
SMV2-0246,9,9,0
SMV2-0247,9,9,0
SMV2-0248,9,9,0
SMV2-0249,9,9,0
SMV2-0250,9,9,0
SMV2-0251,9,9,0
SMV2-0252,9,9,0
SMV2-0253,9,9,0
SMV2-0254,9,9,0
SMV2-0255,9,9,0
SMV2-0256,9,9,0
SMV2-0257,9,9,0
SMV2-0258,9,9,0
SMV2-0259,9,9,0
SMV2-0260,9,9,0
SMV2-0261,9,9,0
SMV2-0262,9,9,0
SMV2-0263,9,9,0
SMV2-0264,9,9,0
SMV2-0265,9,9,0
SMV2-0266,9,9,0
SMV2-0267,9,9,0
SMV2-0268,9,9,0
SMV2-0269,9,9,0
SMV2-0270,9,9,0
SMV2-0271,9,9,0
SMV2-0272,9,9,0
SMV2-0273,9,9,0
SMV2-0274,9,9,0
SMV2-0275,9,9,0
SMV2-0276,9,9,0
SMV2-0277,9,9,0
SMV2-0278,9,9,0
SMV2-0279,9,9,0
SMV2-0280,9,9,0
SMV2-0281,9,9,0
SMV2-0282,9,9,0
SMV2-0283,9,9,0
SMV2-0284,9,9,0
SMV2-0285,9,9,0
SMV2-0286,9,9,0
SMV2-0287,9,9,0
SMV2-0288,9,9,0
SMV2-0289,9,9,0
SMV2-0290,9,9,0
SMV2-0291,9,9,0
SMV2-0292,9,9,0
SMV2-0293,9,9,0
SMV2-0294,9,9,0
SMV2-0295,9,9,0
SMV2-0296,9,9,0
SMV2-0297,9,9,0
SMV2-0298,9,9,0
SMV2-0299,9,9,0
SMV2-0300,9,9,0
SMV2-0301,9,9,0
SMV2-0302,9,9,0
SMV2-0303,9,9,0
SMV2-0304,9,9,0
SMV2-0305,9,9,0
SMV2-0306,9,9,0
SMV2-0307,9,9,0
SMV2-0308,9,9,0
SMV2-0309,9,9,0
SMV2-0310,9,9,0
SMV2-0311,9,9,0
SMV2-0312,9,9,0
SMV2-0313,9,9,0
SMV2-0314,9,9,0
SMV2-0315,9,9,0
SMV2-0316,9,9,0
SMV2-0317,9,9,0
SMV2-0318,9,9,0
SMV2-0319,9,9,0
SMV2-0320,9,9,0
SMV2-0321,9,9,0
SMV2-0322,9,9,0
SMV2-0323,9,9,0
SMV2-0324,9,9,0
SMV2-0325,9,9,0
SMV2-0326,9,9,0
SMV2-0327,9,9,0
SMV2-0328,9,9,0
SMV2-0329,9,9,0
SMV2-0330,9,9,0
SMV2-0331,9,9,0
SMV2-0332,9,9,0
SMV2-0333,9,9,0
SMV2-0334,9,9,0
SMV2-0335,9,9,0
SMV2-0336,9,9,0
SMV2-0337,9,9,0
SMV2-0338,9,9,0
SMV2-0339,9,9,0
SMV2-0340,9,9,0
SMV2-0341,9,9,0
SMV2-0342,9,9,0
SMV2-0343,9,9,0
SMV2-0344,9,9,0
SMV2-0345,9,9,0
SMV2-0346,9,9,0
SMV2-0347,9,9,0
SMV2-0348,9,9,0
SMV2-0349,9,9,0
SMV2-0350,9,9,0
