symbol,contribution_rupees,absolute_contribution_share
INDHOTEL,60030.784170350176,0.019031563338
HAL,55355.954353800225,0.017549501743
POLYCAB,53160.062535400160,0.016853338020
REFEX,49341.229809330092,0.015642653237
TITAGARH,43922.246477350076,0.013924672605
TEXRAIL,41164.036505040109,0.013050237121
BEL,40868.829956000329,0.012956647770
HINDCOPPER,38099.625201200033,0.012078726610
GOLDIAM,37420.159669250053,0.011863315609
AGI,35566.099302200098,0.011275522732
ADANIENT,33337.133095150122,0.010568873434
KALYANKJIL,32394.429282800109,0.010270007984
M&M,31578.345404650041,0.010011284860
LEMONTREE,30675.495860260140,0.009725054411
AMBER,29966.266963700040,0.009500207529
JINDALPOLY,28623.121477700097,0.009074390030
NBCC,28357.537404950061,0.008990191894
DIXON,27685.998901500079,0.008777293999
MIRZAINT,27518.173910100020,0.008724088432
TNPL,27220.971253400039,0.008629866254
VEDL,26531.756737750096,0.008411364532
MARUTI,26342.549793300073,0.008351380243
WOCKPHARMA,24870.328879400025,0.007884641952
HINDPETRO,24754.784729100043,0.007848010983
ADANIPORTS,24522.709810050121,0.007774436257
PRINCEPIPE,23519.243536500006,0.007456307280
MSTCLTD,22836.817335800064,0.007239957658
ABFRL,22547.448584000045,0.007148219064
PAYTM,21754.810627100014,0.006896929002
TEJASNET,21345.146289900025,0.006767053091
GAIL,20772.918903300073,0.006585639806
GMDCLTD,19680.441134400040,0.006239291509
DIVISLAB,18893.562624800070,0.005989827365
ASTRAL,18669.449734250102,0.005918776841
DLF,18550.464985500144,0.005881055099
BHEL,18349.330076600090,0.005817289286
SIEMENS,18169.928631950039,0.005760413634
POLICYBZR,17512.672261100102,0.005552043605
HDFCLIFE,17433.428230300156,0.005526920865
SUPREMEIND,17195.621362950045,0.005451528939
TCS,16879.426731100088,0.005351285734
INFY,16460.046402500073,0.005218329562
NDTV,16377.217815600012,0.005192070410
KEI,14532.200138250060,0.004607144338
REDINGTON,14482.883137530112,0.004591509366
POWERGRID,14200.956884800082,0.004502130268
TATASTEEL,13921.883226130129,0.004413655528
INDUSINDBK,13398.973250500012,0.004247877345
UNITDSPR,12943.518564950024,0.004103484517
VENKEYS,12841.465471500043,0.004071130618
RUPA,12575.031018200016,0.003986662887
LUXIND,12233.826501400043,0.003878490797
HAVELLS,12106.093614850022,0.003837995632
SAIL,10935.504635100036,0.003466883733
AUROPHARMA,10782.348585000009,0.003418328660
COSMOFIRST,10729.992711700106,0.003401730274
WSTCSTPAPR,10538.749006850132,0.003341100270
MTARTECH,10269.280692000013,0.003255670713
SRF,9624.456962300024,0.003051242205
METROBRAND,9605.723266750036,0.003045303061
HDFCBANK,9412.489262550076,0.002984042072
DMART,9229.029618900089,0.002925879849
SBIN,8833.759620900084,0.002800567377
JSWSTEEL,8564.009624900020,0.002715048518
LICI,8512.538801700064,0.002698730720
VOLTAS,8364.310685550054,0.002651737951
JAYNECOIND,8334.030190340014,0.002642138123
NATIONALUM,7836.099723750051,0.002484279196
NCC,7818.622290700027,0.002478738324
BAJAJ-AUTO,7580.580604550013,0.002403271953
YATRA,7399.722968080014,0.002345934645
AXISBANK,7360.566272400069,0.002333520795
JUBLFOOD,7236.399266500026,0.002294156121
COALINDIA,7007.684131750017,0.002221646548
GMBREW,6803.606931950018,0.002156947940
LUPIN,6713.261181000074,0.002128305621
TRIDENT,6680.415779500014,0.002117892641
RVNL,6612.336230750106,0.002096309377
RPOWER,6579.147488250019,0.002085787548
TATACONSUM,6571.160210700105,0.002083255341
DALMIASUG,6563.727999600003,0.002080899107
UPL,6042.177000600015,0.001915551760
MUTHOOTFIN,6002.887955250013,0.001903095952
HEROMOTOCO,5998.868739600043,0.001901821740
IRCTC,5756.467221700024,0.001824973171
AEQUS,5628.860173480020,0.001784517900
EASEMYTRIP,5457.532344050102,0.001730201827
HIMATSEIDE,5377.516230250017,0.001704834314
CAMPUS,5369.136173600101,0.001702177584
LODHA,5362.917590500024,0.001700206106
SUNDRMFAST,5154.419081100027,0.001634105810
BSE,4901.062923000009,0.001553784291
IREDA,4247.679676100029,0.001346642159
HEXT,4201.629981900011,0.001332043021
MRPL,4142.379155550019,0.001313258728
UFLEX,4067.331014500109,0.001289466211
UBL,3991.223214850089,0.001265337751
BLS,3825.881708300106,0.001212919522
EPL,3784.220264550014,0.001199711592
JKPAPER,3777.667194250176,0.001197634072
ACC,3699.468954650006,0.001172842879
MGL,3571.420299750137,0.001132247606
HINDUNILVR,3519.293074700044,0.001115721708
WAAREEENER,3478.316923000013,0.001102731036
ICICIGI,3415.710067500002,0.001082882781
CIPLA,3158.217868300063,0.001001250012
GRINDWELL,3127.517448950042,0.000991517057
SULA,3109.185763800015,0.000985705361
EIEL,2366.380888800025,0.000750213884
RECLTD,2322.730682300020,0.000736375457
APOLLOPIPE,2236.363149400012,0.000708994352
ICICIPRULI,2158.929281100031,0.000684445488
SUNPHARMA,2029.928167700079,0.000643548257
TECHM,2002.209779000008,0.000634760694
RGL,1994.431464480022,0.000632294735
VRLLOG,1793.595082700009,0.000568623564
GESHIP,1596.302040000011,0.000506075738
NETWEB,1591.989525000000,0.000504708541
IBREALEST,1540.954060750063,0.000488528764
SHREECEM,1316.481972900025,0.000417364364
BAJAJFINSV,1177.782218000036,0.000373392372
AMBUJACEM,1124.162086050000,0.000356393178
ZENTEC,1096.805035050013,0.000347720170
GODREJPROP,876.588569200077,0.000277904930
STYLEBAAZA,802.786308000011,0.000254507394
EIHOTEL,794.951511550049,0.000252023528
SCI,769.618408150036,0.000243992173
SONACOMS,768.249412700004,0.000243558160
GRAPHITE,758.091654200014,0.000240337846
PREMIERENE,639.233596750019,0.000202656268
LT,585.977009850110,0.000185772329
ULTRACEMCO,508.586816000035,0.000161237311
OBEROIRLTY,488.208365750028,0.000154776729
JIOFIN,462.683175119996,0.000146684477
PNB,445.035404300003,0.000141089603
MCDOWELL-N,374.667991500106,0.000118781017
PATANJALI,363.893704950075,0.000115365245
ENGINERSIN,140.005699500015,0.000044386016
PFC,101.527704900035,0.000032187335
NESTLEIND,-36.613042199999,0.000011607435
HCLTECH,-48.731799499961,0.000015449446
GRASIM,-61.840755649958,0.000019605379
HAPPSTMNDS,-64.075194399988,0.000020313763
GARUDA,-93.262094999987,0.000029566888
BLUEDART,-229.542682249997,0.000072771931
EICHERMOT,-256.732623399967,0.000081391960
SAREGAMA,-456.633387650004,0.000144766512
CDSL,-557.337353099978,0.000176692697
PRESTIGE,-606.203781349978,0.000192184824
GODREJCP,-744.792494899981,0.000236121612
POWERINDIA,-827.575489999985,0.000262366310
TRENT,-1100.950628049932,0.000349034448
BRITANNIA,-1125.348863299943,0.000356769422
IRFC,-1287.875687099982,0.000408295311
CHOLAFIN,-1332.982767199997,0.000422595612
NHPC,-1404.542736899963,0.000445282274
BIOCON,-1721.981420800001,0.000545919880
JINDALSTEL,-1754.148078649987,0.000556117677
KAYNES,-1797.332832849928,0.000569808543
YESBANK,-1863.240338449994,0.000590703203
ITDC,-1999.068776399990,0.000633764902
TAJGVK,-2032.382313299985,0.000644326295
ITI,-2179.648595050002,0.000691014133
TATACOMM,-2318.711206199973,0.000735101162
KAJARIACER,-2506.197027599990,0.000794539804
ARVINDFASN,-2598.654700999999,0.000823851666
BDL,-2654.140560499992,0.000841442351
HINDZINC,-2831.739004849984,0.000897746397
PHOENIXLTD,-2934.474375299988,0.000930316599
CONCOR,-2972.900753699977,0.000942498916
BHARTIARTL,-3285.612868649877,0.001041638058
THANGAMAYL,-3470.124405399980,0.001100133762
HATHWAY,-3547.907518099997,0.001124793347
IGIL,-3560.781809699984,0.001128874884
CCL,-3643.128249999988,0.001154981182
ALLCARGO,-3818.820288249992,0.001210680840
WELSPUNLIV,-3840.600868559970,0.001217585939
TBZ,-3902.500326549966,0.001237209928
GOKEX,-4227.134423749963,0.001340128696
THOMASCOOK,-4262.262751099990,0.001351265432
PFOCUS,-4273.622126269950,0.001354866696
ASHOKLEY,-4369.116718799999,0.001385141352
JSWINFRA,-4380.849592299989,0.001388861026
ITC,-4463.950800699971,0.001415206607
NTPC,-4475.679335299859,0.001418924905
SBILIFE,-4540.422667549945,0.001439450488
BATAINDIA,-4606.856398999903,0.001460511978
TATACHEM,-4641.459293999997,0.001471482136
APOLLOHOSP,-4806.356842949945,0.001523759617
FINCABLES,-4921.964879199968,0.001560410840
HUHTAMAKI,-4927.674671699921,0.001562221016
JPPOWER,-5403.485525149988,0.001713067361
PIDILITIND,-5980.560294949993,0.001896017412
APOLLO,-6022.733256599974,0.001909387509
MHRIL,-6090.817164599983,0.001930972155
GREAVESCOT,-6230.178318999991,0.001975153830
WESTLIFE,-6234.742252199963,0.001976600734
VAIBHAVGBL,-6282.760749749945,0.001991824042
PPLPHARMA,-6341.462780849991,0.002010434350
ASIANPAINT,-6508.286050199979,0.002063322342
DATAPATTNS,-6627.113466899956,0.002100994206
PVRINOX,-6674.208725799958,0.002115924818
NIACL,-7193.148307249985,0.002280444267
IEX,-7326.033171499989,0.002322572764
HFCL,-7346.593330639958,0.002329090953
BBTC,-7409.769020999977,0.002349119546
DELHIVERY,-7453.981380249980,0.002363136193
KSCL,-7615.891961599982,0.002414466715
SATIA,-7619.838006599962,0.002415717730
SOBHA,-7690.183039949975,0.002438019220
FINPIPE,-7699.384366479965,0.002440936317
BOMDYEING,-7717.440728349985,0.002446660727
EMAMIPAP,-7723.754828999981,0.002448662487
SHAILY,-7920.186035399996,0.002510937084
WIPRO,-8286.773923149991,0.002627156466
TARIL,-8320.971847979974,0.002637998236
ICICIBANK,-8367.397280349911,0.002652716494
CGPOWER,-8588.088228199927,0.002722682159
GLOBUSSPR,-8683.227974399957,0.002752844319
OIL,-8936.653375349992,0.002833187790
ZYDUSLIFE,-9160.952438399981,0.002904297336
BAJAJELEC,-9228.611482349988,0.002925747287
CROMPTON,-9353.020415399980,0.002965188659
GODFRYPHLP,-9356.508799999981,0.002966294582
POLYPLEX,-9400.694523549990,0.002980302785
CARBORUNIV,-9414.628809799955,0.002984720373
TATAPOWER,-9631.743912199852,0.003053552387
SNOWMAN,-10308.380027999998,0.003268066378
AVANTIFEED,-10507.742168199862,0.003331270170
DREDGECORP,-10531.715071999999,0.003338870302
TITAN,-11044.925634049796,0.003501573479
TI,-11519.829259399927,0.003652132206
MOREPENLAB,-11616.138791159989,0.003682665223
CHENNPETRO,-11850.500135499982,0.003756964815
KHADIM,-12035.092068249982,0.003815486007
SUNTV,-12419.158246199877,0.003937246532
OLECTRA,-12492.469092649919,0.003960488274
SUZLON,-12611.720031009956,0.003998294407
PDMJEPAPER,-12662.909211299979,0.004014522916
CONFIPET,-13079.454901859966,0.004146580423
LTTS,-13664.555757000006,0.004332074984
INDUSTOWER,-13796.334227749921,0.004373852721
ESTER,-14287.694121899993,0.004529628580
RELIANCE,-14805.200581099825,0.004693693685
ALOKINDS,-14940.434567049968,0.004736566925
ARVIND,-15762.469060999987,0.004997176573
INDIAMART,-16865.512572749965,0.005346874528
MMTC,-18264.750890309908,0.005790475141
INDIGO,-18304.662984949711,0.005803128475
SJVN,-18770.998493749950,0.005950970851
HINDALCO,-20407.012395099919,0.006469636443
NETWORK18,-20510.571670649944,0.006502467846
PAKKA,-20869.642876179965,0.006616304213
IOC,-20991.389546299964,0.006654901568
PAGEIND,-21086.496707749880,0.006685053398
RADICO,-21320.215032099877,0.006759149133
KPRMILL,-21488.532705849979,0.006812510896
ONGC,-21680.852811839835,0.006873482151
TV18BRDCST,-22420.218609299907,0.007107883337
IRCON,-22997.865796699971,0.007291014862
AXITA,-23834.787760300002,0.007556344285
RAYMOND,-24070.026602249924,0.007630922070
RAILTEL,-24861.310889599947,0.007881782979
RAJESHEXPO,-24947.021689049874,0.007908955879
RELAXO,-25337.447103499959,0.008032732473
COFFEEDAY,-25431.727267699996,0.008062622119
TCPLPACK,-27677.412817899967,0.008774571953
ABB,-30431.480999049825,0.009647694364
CHALET,-30489.719026749957,0.009666157570
BPCL,-30557.600020049889,0.009687677885
ORIENTPPR,-39123.563468169923,0.012403345824
OLAELEC,-39425.639039999987,0.012499112862
ZEEL,-44121.390524679875,0.013987807255
KITEX,-84450.966031199991,0.026773495153
